inc_before_tax,mo_net_tax_liab_dol_chg_single,mo_net_tax_liab_dol_chg_mar0kids,mo_net_tax_liab_dol_chg_hoh2kids,mo_net_tax_liab_dol_chg_mar2kids
0.0,0.0,0.0,0.0,0.0
20.976913,0.0,0.0,0.0,0.0
41.953827,0.0,0.0,0.0,0.0
62.93074,0.0,0.0,0.0,0.0
83.90765,0.0,0.0,0.0,0.0
104.88457,0.0,0.0,0.0,0.0
125.86148,0.0,0.0,0.0,0.0
146.8384,0.0,0.0,0.0,0.0
167.8153,0.0,0.0,0.0,0.0
188.79222,0.0,0.0,0.0,0.0
209.76913,0.0,0.0,0.0,0.0
230.74605,0.0,0.0,0.0,0.0
251.72296,0.0,0.0,0.0,0.0
272.69986,0.0,0.0,0.0,0.0
293.6768,0.0,0.0,0.0,0.0
314.6537,0.0,0.0,0.0,0.0
335.6306,0.0,0.0,0.0,0.0
356.6075,0.0,0.0,0.0,0.0
377.58444,0.0,0.0,0.0,0.0
398.56134,0.0,0.0,0.0,0.0
419.53827,0.0,0.0,0.0,0.0
440.51517,0.0,0.0,0.0,0.0
461.4921,0.0,0.0,0.0,0.0
482.469,0.0,0.0,0.0,0.0
503.44592,0.0,0.0,0.0,0.0
524.42285,0.0,0.0,0.0,0.0
545.3997,0.0,0.0,0.0,0.0
566.37665,0.0,0.0,0.0,0.0
587.3536,0.0,0.0,0.0,0.0
608.3305,0.0,0.0,0.0,0.0
629.3074,0.0,0.0,0.0,0.0
650.2843,0.0,0.0,0.0,0.0
671.2612,0.0,0.0,0.0,0.0
692.2381,0.0,0.0,0.0,0.0
713.215,0.0,0.0,0.0,0.0
734.19196,0.0,0.0,0.0,0.0
755.1689,0.0,0.0,0.0,0.0
776.14575,0.0,0.0,0.0,0.0
797.1227,0.0,0.0,0.0,0.0
818.0996,0.0,0.0,0.0,0.0
839.07654,0.0,0.0,0.0,0.0
860.0534,0.0,0.0,0.0,0.0
881.03033,0.0,0.0,0.0,0.0
902.00726,0.0,0.0,0.0,0.0
922.9842,0.0,0.0,0.0,0.0
943.96106,0.0,0.0,0.0,0.0
964.938,0.0,0.0,0.0,0.0
985.9149,0.0,0.0,0.0,0.0
1006.89185,0.0,0.0,0.0,0.0
1027.8688,0.0,0.0,0.0,0.0
1048.8457,0.0,0.0,0.0,0.0
1069.8225,0.0,0.0,0.0,0.0
1090.7994,0.0,0.0,0.0,0.0
1111.7764,0.0,0.0,0.0,0.0
1132.7533,0.0,0.0,0.0,0.0
1153.7302,0.0,0.0,0.0,0.0
1174.7072,0.0,0.0,0.0,0.0
1195.6841,0.0,0.0,0.0,0.0
1216.661,0.0,0.0,0.0,0.0
1237.6378,0.0,0.0,0.0,0.0
1258.6147,0.0,0.0,0.0,0.0
1279.5917,0.0,0.0,0.0,0.0
1300.5686,0.0,0.0,0.0,0.0
1321.5455,0.0,0.0,0.0,0.0
1342.5225,0.0,0.0,0.0,0.0
1363.4994,0.0,0.0,0.0,0.0
1384.4762,0.0,0.0,0.0,0.0
1405.4531,0.0,0.0,0.0,0.0
1426.43,0.0,0.0,0.0,0.0
1447.407,0.0,0.0,0.0,0.0
1468.3839,0.0,0.0,0.0,0.0
1489.3608,0.0,0.0,0.0,0.0
1510.3378,0.0,0.0,0.0,0.0
1531.3147,0.0,0.0,0.0,0.0
1552.2915,0.0,0.0,0.0,0.0
1573.2684,0.0,0.0,0.0,0.0
1594.2454,0.0,0.0,0.0,0.0
1615.2223,0.0,0.0,0.0,0.0
1636.1992,0.0,0.0,0.0,0.0
1657.1761,0.0,0.0,0.0,0.0
1678.1531,0.0,0.0,0.0,0.0
1699.13,0.0,0.0,0.0,0.0
1720.1068,0.0,0.0,0.0,0.0
1741.0837,0.0,0.0,0.0,0.0
1762.0607,0.0,0.0,0.0,0.0
1783.0376,0.0,0.0,0.0,0.0
1804.0145,0.0,0.0,0.0,0.0
1824.9915,0.0,0.0,0.0,0.0
1845.9684,0.0,0.0,0.0,0.0
1866.9453,0.0,0.0,0.0,0.0
1887.9221,0.0,0.0,0.0,0.0
1908.899,0.0,0.0,0.0,0.0
1929.876,0.0,0.0,0.0,0.0
1950.8529,0.0,0.0,0.0,0.0
1971.8298,0.0,0.0,0.0,0.0
1992.8068,0.0,0.0,0.0,0.0
2013.7837,0.0,0.0,0.0,0.0
2034.7605,0.0,0.0,0.0,0.0
2055.7375,0.0,0.0,0.0,0.0
2076.7144,0.0,0.0,0.0,0.0
2097.6914,0.0,0.0,0.0,0.0
2118.6682,0.0,0.0,0.0,0.0
2139.645,0.0,0.0,0.0,0.0
2160.622,0.0,0.0,0.0,0.0
2181.5989,0.0,0.0,0.0,0.0
2202.576,0.0,0.0,0.0,0.0
2223.5527,0.0,0.0,0.0,0.0
2244.5298,0.0,0.0,0.0,0.0
2265.5066,0.0,0.0,0.0,0.0
2286.4834,0.0,0.0,0.0,0.0
2307.4604,0.0,0.0,0.0,0.0
2328.4373,0.0,0.0,0.0,0.0
2349.4143,0.0,0.0,0.0,0.0
2370.391,0.0,0.0,0.0,0.0
2391.3682,0.0,0.0,0.0,0.0
2412.345,0.0,0.0,0.0,0.0
2433.322,0.0,0.0,0.0,0.0
2454.2988,0.0,0.0,0.0,0.0
2475.2756,0.0,0.0,0.0,0.0
2496.2527,0.0,0.0,0.0,0.0
2517.2295,0.0,0.0,0.0,0.0
2538.2065,0.0,0.0,0.0,0.0
2559.1833,0.0,0.0,0.0,0.0
2580.1604,0.0,0.0,0.0,0.0
2601.1372,0.0,0.0,0.0,0.0
2622.114,0.0,0.0,0.0,0.0
2643.091,0.0,0.0,0.0,0.0
2664.0679,0.0,0.0,0.0,0.0
2685.045,0.0,0.0,0.0,0.0
2706.0217,0.0,0.0,0.0,0.0
2726.9988,0.0,0.0,0.0,0.0
2747.9756,0.0,0.0,0.0,0.0
2768.9524,0.0,0.0,0.0,0.0
2789.9294,0.0,0.0,0.0,0.0
2810.9062,0.0,0.0,0.0,0.0
2831.8833,0.0,0.0,0.0,0.0
2852.86,0.0,0.0,0.0,0.0
2873.8372,0.0,0.0,0.0,0.0
2894.814,0.0,0.0,0.0,0.0
2915.791,0.0,0.0,0.0,0.0
2936.7678,0.0,0.0,0.0,0.0
2957.7446,0.0,0.0,0.0,0.0
2978.7217,0.0,0.0,0.0,0.0
2999.6985,0.0,0.0,0.0,0.0
3020.6755,0.0,0.0,0.0,0.0
3041.6523,0.0,0.0,0.0,0.0
3062.6294,0.0,0.0,0.0,0.0
3083.6062,0.0,0.0,0.0,0.0
3104.583,0.0,0.0,0.0,0.0
3125.56,0.0,0.0,0.0,0.0
3146.5369,0.0,0.0,0.0,0.0
3167.514,0.0,0.0,0.0,0.0
3188.4907,0.0,0.0,0.0,0.0
3209.4678,0.0,0.0,0.0,0.0
3230.4446,0.0,0.0,0.0,0.0
3251.4216,0.0,0.0,0.0,0.0
3272.3984,0.0,0.0,0.0,0.0
3293.3752,0.0,0.0,0.0,0.0
3314.3523,0.0,0.0,0.0,0.0
3335.329,0.0,0.0,0.0,0.0
3356.3062,0.0,0.0,0.0,0.0
3377.283,0.0,0.0,0.0,0.0
3398.26,0.0,0.0,0.0,0.0
3419.2368,0.0,0.0,0.0,0.0
3440.2136,0.0,0.0,0.0,0.0
3461.1907,0.0,0.0,0.0,0.0
3482.1675,0.0,0.0,0.0,0.0
3503.1445,0.0,0.0,0.0,0.0
3524.1213,0.0,0.0,0.0,0.0
3545.0984,0.0,0.0,0.0,0.0
3566.0752,0.0,0.0,0.0,0.0
3587.052,0.0,0.0,0.0,0.0
3608.029,0.0,0.0,0.0,0.0
3629.0059,0.0,0.0,0.0,0.0
3649.983,0.0,0.0,0.0,0.0
3670.9597,0.0,0.0,0.0,0.0
3691.9368,0.0,0.0,0.0,0.0
3712.9136,0.0,0.0,0.0,0.0
3733.8906,0.0,0.0,0.0,0.0
3754.8674,0.0,0.0,0.0,0.0
3775.8442,0.0,0.0,0.0,0.0
3796.8213,0.0,0.0,0.0,0.0
3817.798,0.0,0.0,0.0,0.0
3838.7751,0.0,0.0,0.0,0.0
3859.752,0.0,0.0,0.0,0.0
3880.729,0.0,0.0,0.0,0.0
3901.7058,0.0,0.0,0.0,0.0
3922.6826,0.0,0.0,0.0,0.0
3943.6597,0.0,0.0,0.0,0.0
3964.6365,0.0,0.0,0.0,0.0
3985.6135,0.0,0.0,0.0,0.0
4006.5903,0.0,0.0,0.0,0.0
4027.5674,0.0,0.0,0.0,0.0
4048.5442,0.0,0.0,0.0,0.0
4069.521,0.0,0.0,0.0,0.0
4090.498,0.0,0.0,0.0,0.0
4111.475,0.0,0.0,0.0,0.0
4132.4517,0.0,0.0,0.0,0.0
4153.4287,0.0,0.0,0.0,0.0
4174.406,0.0,0.0,0.0,0.0
4195.383,0.0,0.0,0.0,0.0
4216.3594,0.0,0.0,0.0,0.0
4237.3364,0.0,0.0,0.0,0.0
4258.3135,0.0,0.0,0.0,0.0
4279.29,0.0,0.0,0.0,0.0
4300.267,0.0,0.0,0.0,0.0
4321.244,0.0,0.0,0.0,0.0
4342.221,0.0,0.0,0.0,0.0
4363.1978,0.0,0.0,0.0,0.0
4384.175,0.0,0.0,0.0,0.0
4405.152,0.0,0.0,0.0,0.0
4426.1284,0.0,0.0,0.0,0.0
4447.1055,0.0,0.0,0.0,0.0
4468.0825,0.0,0.0,0.0,0.0
4489.0596,0.0,0.0,0.0,0.0
4510.036,0.0,0.0,0.0,0.0
4531.013,0.0,0.0,0.0,0.0
4551.99,0.0,0.0,0.0,0.0
4572.967,0.0,0.0,0.0,0.0
4593.944,0.0,0.0,0.0,0.0
4614.921,0.0,0.0,0.0,0.0
4635.898,0.0,0.0,0.0,0.0
4656.8745,0.0,0.0,0.0,0.0
4677.8516,0.0,0.0,0.0,0.0
4698.8286,0.0,0.0,0.0,0.0
4719.805,0.0,0.0,0.0,0.0
4740.782,0.0,0.0,0.0,0.0
4761.7593,0.0,0.0,0.0,0.0
4782.7363,0.0,0.0,0.0,0.0
4803.713,0.0,0.0,0.0,0.0
4824.69,0.0,0.0,0.0,0.0
4845.667,0.0,0.0,0.0,0.0
4866.644,0.0,0.0,0.0,0.0
4887.6206,0.0,0.0,0.0,0.0
4908.5977,0.0,0.0,0.0,0.0
4929.5747,0.0,0.0,0.0,0.0
4950.5513,0.0,0.0,0.0,0.0
4971.5283,0.0,0.0,0.0,0.0
4992.5054,0.0,0.0,0.0,0.0
5013.4824,0.0,0.0,0.0,0.0
5034.459,0.0,0.0,0.0,0.0
5055.436,0.0,0.0,0.0,0.0
5076.413,0.0,0.0,0.0,0.0
5097.3896,0.0,0.0,0.0,0.0
5118.3667,0.0,0.0,0.0,0.0
5139.3438,0.0,0.0,0.0,0.0
5160.321,0.0,0.0,0.0,0.0
5181.2974,0.0,0.0,0.0,0.0
5202.2744,0.0,0.0,0.0,0.0
5223.2515,0.0,0.0,0.0,0.0
5244.228,0.0,0.0,0.0,0.0
5265.205,0.0,0.0,0.0,0.0
5286.182,0.0,0.0,0.0,0.0
5307.159,0.0,0.0,0.0,0.0
5328.1357,0.0,0.0,0.0,0.0
5349.113,0.0,0.0,0.0,0.0
5370.09,0.0,0.0,0.0,0.0
5391.0664,0.0,0.0,0.0,0.0
5412.0435,0.0,0.0,0.0,0.0
5433.0205,0.0,0.0,0.0,0.0
5453.9976,0.0,0.0,0.0,0.0
5474.974,0.0,0.0,0.0,0.0
5495.951,0.0,0.0,0.0,0.0
5516.928,0.0,0.0,0.0,0.0
5537.905,0.0,0.0,0.0,0.0
5558.882,0.0,0.0,0.0,0.0
5579.859,0.0,0.0,0.0,0.0
5600.836,0.0,0.0,0.0,0.0
5621.8125,0.0,0.0,0.0,0.0
5642.7896,0.0,0.0,0.0,0.0
5663.7666,0.0,0.0,0.0,0.0
5684.7437,0.0,0.0,0.0,0.0
5705.72,0.0,0.0,0.0,0.0
5726.6973,0.0,0.0,0.0,0.0
5747.6743,0.0,0.0,0.0,0.0
5768.651,0.0,0.0,0.0,0.0
5789.628,0.0,0.0,0.0,0.0
5810.605,0.0,0.0,0.0,0.0
5831.582,0.0,0.0,0.0,0.0
5852.5586,0.0,0.0,0.0,0.0
5873.5356,0.0,0.0,0.0,0.0
5894.5127,0.0,0.0,0.0,0.0
5915.4893,0.0,0.0,0.0,0.0
5936.4663,0.0,0.0,0.0,0.0
5957.4434,0.0,0.0,0.0,0.0
5978.4204,0.0,0.0,0.0,0.0
5999.397,0.0,0.0,0.0,0.0
6020.374,0.0,0.0,0.0,0.0
6041.351,0.0,0.0,0.0,0.0
6062.3276,0.0,0.0,0.0,0.0
6083.3047,0.0,0.0,0.0,0.0
6104.2817,0.0,0.0,0.0,0.0
6125.259,0.0,0.0,0.0,0.0
6146.2354,0.0,0.0,0.0,0.0
6167.2124,0.0,0.0,0.0,0.0
6188.1895,0.0,0.0,0.0,0.0
6209.166,0.0,0.0,0.0,0.0
6230.143,0.0,0.0,0.0,0.0
6251.12,0.0,0.0,0.0,0.0
6272.097,0.0,0.0,0.0,0.0
6293.0737,0.0,0.0,0.0,0.0
6314.051,0.0,0.0,0.0,0.0
6335.028,0.0,0.0,0.0,0.0
6356.0044,0.0,0.0,0.0,0.0
6376.9814,0.0,0.0,0.0,0.0
6397.9585,0.0,0.0,0.0,0.0
6418.9355,0.0,0.0,0.0,0.0
6439.912,0.0,0.0,0.0,0.0
6460.889,0.0,0.0,0.0,0.0
6481.866,0.0,0.0,0.0,0.0
6502.8433,0.0,0.0,0.0,0.0
6523.82,0.0,0.0,0.0,0.0
6544.797,0.0,0.0,0.0,0.0
6565.774,0.0,0.0,0.0,0.0
6586.7505,0.0,0.0,0.0,0.0
6607.7275,0.0,0.0,0.0,0.0
6628.7046,0.0,0.0,0.0,0.0
6649.6816,0.0,0.0,0.0,0.0
6670.658,0.0,0.0,0.0,0.0
6691.6353,0.0,0.0,0.0,0.0
6712.6123,0.0,0.0,0.0,0.0
6733.589,0.0,0.0,0.0,0.0
6754.566,0.0,0.0,0.0,0.0
6775.543,0.0,0.0,0.0,0.0
6796.52,0.0,0.0,0.0,0.0
6817.4966,0.0,0.0,0.0,0.0
6838.4736,0.0,0.0,0.0,0.0
6859.4507,0.0,0.0,0.0,0.0
6880.4272,0.0,0.0,0.0,0.0
6901.4043,0.0,0.0,0.0,0.0
6922.3813,0.0,0.0,0.0,0.0
6943.3584,0.0,0.0,0.0,0.0
6964.335,0.0,0.0,0.0,0.0
6985.312,0.0,0.0,0.0,0.0
7006.289,0.0,0.0,0.0,0.0
7027.2656,0.0,0.0,0.0,0.0
7048.2427,0.0,0.0,0.0,0.0
7069.2197,0.0,0.0,0.0,0.0
7090.197,0.0,0.0,0.0,0.0
7111.1733,0.0,0.0,0.0,0.0
7132.1504,0.0,0.0,0.0,0.0
7153.1274,0.0,0.0,0.0,0.0
7174.104,0.0,0.0,0.0,0.0
7195.081,0.0,0.0,0.0,0.0
7216.058,0.0,0.0,0.0,0.0
7237.035,0.0,0.0,0.0,0.0
7258.0117,0.0,0.0,0.0,0.0
7278.989,0.0,0.0,0.0,0.0
7299.966,0.0,0.0,0.0,0.0
7320.943,0.0,0.0,0.0,0.0
7341.9194,0.0,0.0,0.0,0.0
7362.8965,0.0,0.0,0.0,0.0
7383.8735,0.0,0.0,0.0,0.0
7404.85,0.0,0.0,0.0,0.0
7425.827,0.0,0.0,0.0,0.0
7446.804,0.0,0.0,0.0,0.0
7467.7812,0.0,0.0,0.0,0.0
7488.758,0.0,0.0,0.0,0.0
7509.735,0.0,0.0,0.0,0.0
7530.712,0.0,0.0,0.0,0.0
7551.6885,0.0,0.0,0.0,0.0
7572.6655,0.0,0.0,0.0,0.0
7593.6426,0.0,0.0,0.0,0.0
7614.6196,0.0,0.0,0.0,0.0
7635.596,0.0,0.0,0.0,0.0
7656.573,0.0,0.0,0.0,0.0
7677.5503,0.0,0.0,0.0,0.0
7698.527,0.0,0.0,0.0,0.0
7719.504,0.0,0.0,0.0,0.0
7740.481,0.0,0.0,0.0,0.0
7761.458,0.0,0.0,0.0,0.0
7782.4346,0.0,0.0,0.0,0.0
7803.4116,0.0,0.0,0.0,0.0
7824.3887,0.0,0.0,0.0,0.0
7845.365,0.0,0.0,0.0,0.0
7866.3423,0.0,0.0,0.0,0.0
7887.3193,0.0,0.0,0.0,0.0
7908.2964,0.0,0.0,0.0,0.0
7929.273,0.0,0.0,0.0,0.0
7950.25,0.0,0.0,0.0,0.0
7971.227,0.0,0.0,0.0,0.0
7992.2036,0.0,0.0,0.0,0.0
8013.1807,0.0,0.0,0.0,0.0
8034.1577,0.0,0.0,0.0,0.0
8055.135,0.0,0.0,0.0,0.0
8076.1113,0.0,0.0,0.0,0.0
8097.0884,0.0,0.0,0.0,0.0
8118.0654,0.0,0.0,0.0,0.0
8139.042,0.0,0.0,0.0,0.0
8160.019,0.0,0.0,0.0,0.0
8180.996,0.0,0.0,0.0,0.0
8201.973,0.0,0.0,0.0,0.0
8222.95,0.0,0.0,0.0,0.0
8243.927,0.0,0.0,0.0,0.0
8264.903,0.0,0.0,0.0,0.0
8285.881,0.0,0.0,0.0,0.0
8306.857,0.0,0.0,0.0,0.0
8327.834,0.0,0.0,0.0,0.0
8348.812,0.0,0.0,0.0,0.0
8369.788,0.0,0.0,0.0,0.0
8390.766,0.0,0.0,0.0,0.0
8411.742,0.0,0.0,0.0,0.0
8432.719,0.0,0.0,0.0,0.0
8453.696,0.0,0.0,0.0,0.0
8474.673,0.0,0.0,0.0,0.0
8495.649,0.0,0.0,0.0,0.0
8516.627,0.0,0.0,0.0,0.0
8537.604,0.0,0.0,0.0,0.0
8558.58,0.0,0.0,0.0,0.0
8579.558,0.0,0.0,0.0,0.0
8600.534,0.0,0.0,0.0,0.0
8621.512,0.0,0.0,0.0,0.0
8642.488,0.0,0.0,0.0,0.0
8663.465,0.0,0.0,0.0,0.0
8684.442,0.0,0.0,0.0,0.0
8705.419,0.0,0.0,0.0,0.0
8726.3955,0.0,0.0,0.0,0.0
8747.373,0.0,0.0,0.0,0.0
8768.35,0.0,0.0,0.0,0.0
8789.326,0.0,0.0,0.0,0.0
8810.304,0.0,0.0,0.0,0.0
8831.28,0.0,0.0,0.0,0.0
8852.257,0.0,0.0,0.0,0.0
8873.234,0.0,0.0,0.0,0.0
8894.211,0.0,0.0,0.0,0.0
8915.188,0.0,0.0,0.0,0.0
8936.165,0.0,0.0,0.0,0.0
8957.142,0.0,0.0,0.0,0.0
8978.119,0.0,0.0,0.0,0.0
8999.096,0.0,0.0,0.0,0.0
9020.072,0.0,0.0,0.0,0.0
9041.05,0.0,0.0,0.0,0.0
9062.026,0.0,0.0,0.0,0.0
9083.003,0.0,0.0,0.0,0.0
9103.98,0.0,0.0,0.0,0.0
9124.957,0.0,0.0,0.0,0.0
9145.934,0.0,0.0,0.0,0.0
9166.911,0.0,0.0,0.0,0.0
9187.888,0.0,0.0,0.0,0.0
9208.865,0.0,0.0,0.0,0.0
9229.842,0.0,0.0,0.0,0.0
9250.818,0.0,0.0,0.0,0.0
9271.796,0.0,0.0,0.0,0.0
9292.772,0.0,0.0,0.0,0.0
9313.749,0.0,0.0,0.0,0.0
9334.727,0.0,0.0,0.0,0.0
9355.703,0.0,0.0,0.0,0.0
9376.68,0.0,0.0,0.0,0.0
9397.657,0.0,0.0,0.0,0.0
9418.634,0.0,0.0,0.0,0.0
9439.61,0.0,0.0,0.0,0.0
9460.588,0.0,0.0,0.0,0.0
9481.564,0.0,0.0,0.0,0.0
9502.542,0.0,0.0,0.0,0.0
9523.519,0.0,0.0,0.0,0.0
9544.495,0.0,0.0,0.0,0.0
9565.473,0.0,0.0,0.0,0.0
9586.449,0.0,0.0,0.0,0.0
9607.426,0.0,0.0,0.0,0.0
9628.403,0.0,0.0,0.0,0.0
9649.38,0.0,0.0,0.0,0.0
9670.356,0.0,0.0,0.0,0.0
9691.334,0.0,0.0,0.0,0.0
9712.311,0.0,0.0,0.0,0.0
9733.288,0.0,0.0,0.0,0.0
9754.265,0.0,0.0,0.0,0.0
9775.241,0.0,0.0,0.0,0.0
9796.219,0.0,0.0,0.0,0.0
9817.195,0.0,0.0,0.0,0.0
9838.172,0.0,0.0,0.0,0.0
9859.149,0.0,0.0,0.0,0.0
9880.126,0.0,0.0,0.0,0.0
9901.103,0.0,0.0,0.0,0.0
9922.08,0.0,0.0,0.0,0.0
9943.057,0.0,0.0,0.0,0.0
9964.033,0.0,0.0,0.0,0.0
9985.011,0.0,0.0,0.0,0.0
10005.987,0.0,0.0,0.0,0.0
10026.965,0.0,0.0,0.0,0.0
10047.941,0.0,0.0,0.0,0.0
10068.918,0.0,0.0,0.0,0.0
10089.8955,0.0,0.0,0.0,0.0
10110.872,0.0,0.0,0.0,0.0
10131.849,0.0,0.0,0.0,0.0
10152.826,0.0,0.0,0.0,0.0
10173.803,0.0,0.0,0.0,0.0
10194.779,0.0,0.0,0.0,0.0
10215.757,0.0,0.0,0.0,0.0
10236.733,0.0,0.0,0.0,0.0
10257.71,0.0,0.0,0.0,0.0
10278.6875,0.0,0.0,0.0,0.0
10299.664,0.0,0.0,0.0,0.0
10320.642,0.0,0.0,0.0,0.0
10341.618,0.0,0.0,0.0,0.0
10362.595,0.0,0.0,0.0,0.0
10383.572,0.0,0.0,0.0,0.0
10404.549,0.0,0.0,0.0,0.0
10425.525,0.0,0.0,0.0,0.0
10446.503,0.0,0.0,0.0,0.0
10467.4795,0.0,0.0,0.0,0.0
10488.456,0.0,0.0,0.0,0.0
10509.434,0.0,0.0,0.0,0.0
10530.41,0.0,0.0,0.0,0.0
10551.388,0.0,0.0,0.0,0.0
10572.364,0.0,0.0,0.0,0.0
10593.341,0.0,0.0,0.0,0.0
10614.318,0.0,0.0,0.0,0.0
10635.295,0.0,0.0,0.0,0.0
10656.271,0.0,0.0,0.0,0.0
10677.249,0.0,0.0,0.0,0.0
10698.226,0.0,0.0,0.0,0.0
10719.202,0.0,0.0,0.0,0.0
10740.18,0.0,0.0,0.0,0.0
10761.156,0.0,0.0,0.0,0.0
10782.133,0.0,0.0,0.0,0.0
10803.11,0.0,0.0,0.0,0.0
10824.087,0.0,0.0,0.0,0.0
10845.064,0.0,0.0,0.0,0.0
10866.041,0.0,0.0,0.0,0.0
10887.018,0.0,0.0,0.0,0.0
10907.995,0.0,0.0,0.0,0.0
10928.972,0.0,0.0,0.0,0.0
10949.948,0.0,0.0,0.0,0.0
10970.926,0.0,0.0,0.0,0.0
10991.902,0.0,0.0,0.0,0.0
11012.879,0.0,0.0,0.0,0.0
11033.856,0.0,0.0,0.0,0.0
11054.833,0.0,0.0,0.0,0.0
11075.81,0.0,0.0,0.0,0.0
11096.787,0.0,0.0,0.0,0.0
11117.764,0.0,0.0,0.0,0.0
11138.741,0.0,0.0,0.0,0.0
11159.718,0.0,0.0,0.0,0.0
11180.694,0.0,0.0,0.0,0.0
11201.672,0.0,0.0,0.0,0.0
11222.648,0.0,0.0,0.0,0.0
11243.625,0.0,0.0,0.0,0.0
11264.603,0.0,0.0,0.0,0.0
11285.579,0.0,0.0,0.0,0.0
11306.556,0.0,0.0,0.0,0.0
11327.533,0.0,0.0,0.0,0.0
11348.51,0.0,0.0,0.0,0.0
11369.487,0.0,0.0,0.0,0.0
11390.464,0.0,0.0,0.0,0.0
11411.44,0.0,0.0,0.0,0.0
11432.418,0.0,0.0,0.0,0.0
11453.395,0.0,0.0,0.0,0.0
11474.371,0.0,0.0,0.0,0.0
11495.349,0.0,0.0,0.0,0.0
11516.325,0.0,0.0,0.0,0.0
11537.302,0.0,0.0,0.0,0.0
11558.279,0.0,0.0,0.0,0.0
11579.256,0.0,0.0,0.0,0.0
11600.232,0.0,0.0,0.0,0.0
11621.21,0.0,0.0,0.0,0.0
11642.187,0.0,0.0,0.0,0.0
11663.164,0.0,0.0,0.0,0.0
11684.141,0.0,0.0,0.0,0.0
11705.117,0.0,0.0,0.0,0.0
11726.095,0.0,0.0,0.0,0.0
11747.071,0.0,0.0,0.0,0.0
11768.048,0.0,0.0,0.0,0.0
11789.025,0.0,0.0,0.0,0.0
11810.002,0.0,0.0,0.0,0.0
11830.979,0.0,0.0,0.0,0.0
11851.956,0.0,0.0,0.0,0.0
11872.933,0.0,0.0,0.0,0.0
11893.909,0.0,0.0,0.0,0.0
11914.887,0.0,0.0,0.0,0.0
11935.863,0.0,0.0,0.0,0.0
11956.841,0.0,0.0,0.0,0.0
11977.817,0.0,0.0,0.0,0.0
11998.794,0.0,0.0,0.0,0.0
12019.771,0.0,0.0,0.0,0.0
12040.748,0.0,0.0,0.0,0.0
12061.725,0.0,0.0,0.0,0.0
12082.702,0.0,0.0,0.0,0.0
12103.679,0.0,0.0,0.0,0.0
12124.655,0.0,0.0,0.0,0.0
12145.633,0.0,0.0,0.0,0.0
12166.609,0.0,0.0,0.0,0.0
12187.587,0.0,0.0,0.0,0.0
12208.563,0.0,0.0,0.0,0.0
12229.54,0.0,0.0,0.0,0.0
12250.518,0.0,0.0,0.0,0.0
12271.494,0.0,0.0,0.0,0.0
12292.471,0.0,0.0,0.0,0.0
12313.448,0.0,0.0,0.0,0.0
12334.425,0.0,0.0,0.0,0.0
12355.401,0.0,0.0,0.0,0.0
12376.379,0.0,0.0,0.0,0.0
12397.355,0.0,0.0,0.0,0.0
12418.332,0.0,0.0,0.0,0.0
12439.31,0.0,0.0,0.0,0.0
12460.286,0.0,0.0,0.0,0.0
12481.264,0.0,0.0,0.0,0.0
12502.24,0.0,0.0,0.0,0.0
12523.217,0.0,0.0,0.0,0.0
12544.194,0.0,0.0,0.0,0.0
12565.171,0.0,0.0,0.0,0.0
12586.147,0.0,0.0,0.0,0.0
12607.125,0.0,0.0,0.0,0.0
12628.102,0.0,0.0,0.0,0.0
12649.078,0.0,0.0,0.0,0.0
12670.056,0.0,0.0,0.0,0.0
12691.032,0.0,0.0,0.0,0.0
12712.009,0.0,0.0,0.0,0.0
12732.986,0.0,0.0,0.0,0.0
12753.963,0.0,0.0,0.0,0.0
12774.94,0.0,0.0,0.0,0.0
12795.917,0.0,0.0,0.0,0.0
12816.894,0.0,0.0,0.0,0.0
12837.871,0.0,0.0,0.0,0.0
12858.848,0.0,0.0,0.0,0.0
12879.824,0.0,0.0,0.0,0.0
12900.802,0.0,0.0,0.0,0.0
12921.778,0.0,0.0,0.0,0.0
12942.755,0.0,0.0,0.0,0.0
12963.732,0.0,0.0,0.0,0.0
12984.709,0.0,0.0,0.0,0.0
13005.687,0.0,0.0,0.0,0.0
13026.663,0.0,0.0,0.0,0.0
13047.64,0.0,0.0,0.0,0.0
13068.617,0.0,0.0,0.0,0.0
13089.594,0.0,0.0,0.0,0.0
13110.57,0.0,0.0,0.0,0.0
13131.548,0.0,0.0,0.0,0.0
13152.524,0.0,0.0,0.0,0.0
13173.501,0.0,0.0,0.0,0.0
13194.479,0.0,0.0,0.0,0.0
13215.455,0.0,0.0,0.0,0.0
13236.432,0.0,0.0,0.0,0.0
13257.409,0.0,0.0,0.0,0.0
13278.386,0.0,0.0,0.0,0.0
13299.363,0.0,0.0,0.0,0.0
13320.34,0.0,0.0,0.0,0.0
13341.316,0.0,0.0,0.0,0.0
13362.294,0.0,0.0,0.0,0.0
13383.2705,0.0,0.0,0.0,0.0
13404.247,0.0,0.0,0.0,0.0
13425.225,0.0,0.0,0.0,0.0
13446.201,0.0,0.0,0.0,0.0
13467.178,0.0,0.0,0.0,0.0
13488.155,0.0,0.0,0.0,0.0
13509.132,0.0,0.0,0.0,0.0
13530.108,0.0,0.0,0.0,0.0
13551.086,0.0,0.0,0.0,0.0
13572.0625,0.0,0.0,0.0,0.0
13593.04,0.0,0.0,0.0,0.0
13614.017,0.0,0.0,0.0,0.0
13634.993,0.0,0.0,0.0,0.0
13655.971,0.0,0.0,0.0,0.0
13676.947,0.0,0.0,0.0,0.0
13697.924,0.0,0.0,0.0,0.0
13718.901,0.0,0.0,0.0,0.0
13739.878,0.0,0.0,0.0,0.0
13760.8545,0.0,0.0,0.0,0.0
13781.832,0.0,0.0,0.0,0.0
13802.809,0.0,0.0,0.0,0.0
13823.786,0.0,0.0,0.0,0.0
13844.763,0.0,0.0,0.0,0.0
13865.739,0.0,0.0,0.0,0.0
13886.717,0.0,0.0,0.0,0.0
13907.693,0.0,0.0,0.0,0.0
13928.67,0.0,0.0,0.0,0.0
13949.647,0.0,0.0,0.0,0.0
13970.624,0.0,0.0,0.0,0.0
13991.601,0.0,0.0,0.0,0.0
14012.578,0.0,0.0,0.0,0.0
14033.555,0.0,0.0,0.0,0.0
14054.531,0.0,0.0,0.0,0.0
14075.509,0.0,0.0,0.0,0.0
14096.485,0.0,0.0,0.0,0.0
14117.463,0.0,0.0,0.0,0.0
14138.439,0.0,0.0,0.0,0.0
14159.416,0.0,0.0,0.0,0.0
14180.394,0.0,0.0,0.0,0.0
14201.37,0.0,0.0,0.0,0.0
14222.347,0.0,0.0,0.0,0.0
14243.324,0.0,0.0,0.0,0.0
14264.301,0.0,0.0,0.0,0.0
14285.277,0.0,0.0,0.0,0.0
14306.255,0.0,0.0,0.0,0.0
14327.231,0.0,0.0,0.0,0.0
14348.208,0.0,0.0,0.0,0.0
14369.186,0.0,0.0,0.0,0.0
14390.162,0.0,0.0,0.0,0.0
14411.14,0.0,0.0,0.0,0.0
14432.116,0.0,0.0,0.0,0.0
14453.093,0.0,0.0,0.0,0.0
14474.07,0.0,0.0,0.0,0.0
14495.047,0.0,0.0,0.0,0.0
14516.023,0.0,0.0,0.0,0.0
14537.001,0.0,0.0,0.0,0.0
14557.978,0.0,0.0,0.0,0.0
14578.954,0.0,0.0,0.0,0.0
14599.932,0.0,0.0,0.0,0.0
14620.908,0.0,0.0,0.0,0.0
14641.886,0.0,0.0,0.0,0.0
14662.862,0.0,0.0,0.0,0.0
14683.839,0.0,0.0,0.0,0.0
14704.816,0.0,0.0,0.0,0.0
14725.793,0.0,0.0,0.0,0.0
14746.77,0.0,0.0,0.0,0.0
14767.747,0.0,0.0,0.0,0.0
14788.724,0.0,0.0,0.0,0.0
14809.7,0.0,0.0,0.0,0.0
14830.678,0.0,0.0,0.0,0.0
14851.654,0.0,0.0,0.0,0.0
14872.631,0.0,0.0,0.0,0.0
14893.608,0.0,0.0,0.0,0.0
14914.585,0.0,0.0,0.0,0.0
14935.5625,0.0,0.0,0.0,0.0
14956.539,0.0,0.0,0.0,0.0
14977.516,0.0,0.0,0.0,0.0
14998.493,0.0,0.0,0.0,0.0
15019.47,0.0,0.0,0.0,0.0
15040.446,0.0,0.0,0.0,0.0
15061.424,0.0,0.0,0.0,0.0
15082.4,0.0,0.0,0.0,0.0
15103.377,0.0,0.0,0.0,0.0
15124.3545,0.0,0.0,0.0,0.0
15145.331,0.0,0.0,0.0,0.0
15166.308,0.0,0.0,0.0,0.0
15187.285,0.0,0.0,0.0,0.0
15208.262,0.0,0.0,0.0,0.0
15229.239,0.0,0.0,0.0,0.0
15250.216,0.0,0.0,0.0,0.0
15271.192,0.0,0.0,0.0,0.0
15292.17,0.0,0.0,0.0,0.0
15313.146,0.0,0.0,0.0,0.0
15334.123,0.0,0.0,0.0,0.0
15355.101,0.0,0.0,0.0,0.0
15376.077,0.0,0.0,0.0,0.0
15397.054,0.0,0.0,0.0,0.0
15418.031,0.0,0.0,0.0,0.0
15439.008,0.0,0.0,0.0,0.0
15459.984,0.0,0.0,0.0,0.0
15480.962,0.0,0.0,0.0,0.0
15501.938,0.0,0.0,0.0,0.0
15522.916,0.0,0.0,0.0,0.0
15543.893,0.0,0.0,0.0,0.0
15564.869,0.0,0.0,0.0,0.0
15585.847,0.0,0.0,0.0,0.0
15606.823,0.0,0.0,0.0,0.0
15627.8,0.0,0.0,0.0,0.0
15648.777,0.0,0.0,0.0,0.0
15669.754,0.0,0.0,0.0,0.0
15690.73,0.0,0.0,0.0,0.0
15711.708,0.0,0.0,0.0,0.0
15732.685,0.0,0.0,0.0,0.0
15753.662,0.0,0.0,0.0,0.0
15774.639,0.0,0.0,0.0,0.0
15795.615,0.0,0.0,0.0,0.0
15816.593,0.0,0.0,0.0,0.0
15837.569,0.0,0.0,0.0,0.0
15858.546,0.0,0.0,0.0,0.0
15879.523,0.0,0.0,0.0,0.0
15900.5,0.0,0.0,0.0,0.0
15921.477,0.0,0.0,0.0,0.0
15942.454,0.0,0.0,0.0,0.0
15963.431,0.0,0.0,0.0,0.0
15984.407,0.0,0.0,0.0,0.0
16005.385,0.0,0.0,0.0,0.0
16026.361,0.0,0.0,0.0,0.0
16047.339,0.0,0.0,0.0,0.0
16068.315,0.0,0.0,0.0,0.0
16089.292,0.0,0.0,0.0,0.0
16110.27,0.0,0.0,0.0,0.0
16131.246,0.0,0.0,0.0,0.0
16152.223,0.0,0.0,0.0,0.0
16173.2,0.0,0.0,0.0,0.0
16194.177,0.0,0.0,0.0,0.0
16215.153,0.0,0.0,0.0,0.0
16236.131,0.0,0.0,0.0,0.0
16257.107,0.0,0.0,0.0,0.0
16278.084,0.0,0.0,0.0,0.0
16299.062,0.0,0.0,0.0,0.0
16320.038,0.0,0.0,0.0,0.0
16341.016,0.0,0.0,0.0,0.0
16361.992,0.0,0.0,0.0,0.0
16382.969,0.0,0.0,0.0,0.0
16403.945,0.0,0.0,0.0,0.0
16424.924,0.0,0.0,0.0,0.0
16445.9,0.0,0.0,0.0,0.0
16466.877,0.0,0.0,0.0,0.0
16487.854,0.0,0.0,0.0,0.0
16508.83,0.0,0.0,0.0,0.0
16529.807,0.0,0.0,0.0,0.0
16550.785,0.0,0.0,0.0,0.0
16571.762,0.0,0.0,0.0,0.0
16592.738,0.0,0.0,0.0,0.0
16613.715,0.0,0.0,0.0,0.0
16634.691,0.0,0.0,0.0,0.0
16655.668,0.0,0.0,0.0,0.0
16676.646,0.0,0.0,0.0,0.0
16697.623,0.0,0.0,0.0,0.0
16718.6,0.0,0.0,0.0,0.0
16739.576,0.0,0.0,0.0,0.0
16760.553,0.0,0.0,0.0,0.0
16781.531,0.0,0.0,0.0,0.0
16802.508,0.0,0.0,0.0,0.0
16823.484,0.0,0.0,0.0,0.0
16844.46,0.0,0.0,0.0,0.0
16865.438,0.0,0.0,0.0,0.0
16886.414,0.0,0.0,0.0,0.0
16907.393,0.0,0.0,0.0,0.0
16928.37,0.0,0.0,0.0,0.0
16949.346,0.0,0.0,0.0,0.0
16970.322,0.0,0.0,0.0,0.0
16991.299,0.0,0.0,0.0,0.0
17012.277,0.0,0.0,0.0,0.0
17033.254,0.0,0.0,0.0,0.0
17054.23,0.0,0.0,0.0,0.0
17075.207,0.0,0.0,0.0,0.0
17096.184,0.0,0.0,0.0,0.0
17117.16,0.0,0.0,0.0,0.0
17138.139,0.0,0.0,0.0,0.0
17159.115,0.0,0.0,0.0,0.0
17180.092,0.0,0.0,0.0,0.0
17201.068,0.0,0.0,0.0,0.0
17222.045,0.0,0.0,0.0,0.0
17243.023,0.0,0.0,0.0,0.0
17264.0,0.0,0.0,0.0,0.0
17284.977,0.0,0.0,0.0,0.0
17305.953,0.0,0.0,0.0,0.0
17326.93,0.0,0.0,0.0,0.0
17347.906,0.0,0.0,0.0,0.0
17368.885,0.0,0.0,0.0,0.0
17389.861,0.0,0.0,0.0,0.0
17410.838,0.0,0.0,0.0,0.0
17431.814,0.0,0.0,0.0,0.0
17452.791,0.0,0.0,0.0,0.0
17473.768,0.0,0.0,0.0,0.0
17494.746,0.0,0.0,0.0,0.0
17515.723,0.0,0.0,0.0,0.0
17536.7,0.0,0.0,0.0,0.0
17557.676,0.0,0.0,0.0,0.0
17578.652,0.0,0.0,0.0,0.0
17599.63,0.0,0.0,0.0,0.0
17620.607,0.0,0.0,0.0,0.0
17641.584,0.0,0.0,0.0,0.0
17662.56,0.0,0.0,0.0,0.0
17683.537,0.0,0.0,0.0,0.0
17704.514,0.0,0.0,0.0,0.0
17725.492,0.0,0.0,0.0,0.0
17746.469,0.0,0.0,0.0,0.0
17767.445,0.0,0.0,0.0,0.0
17788.422,0.0,0.0,0.0,0.0
17809.398,0.0,0.0,0.0,0.0
17830.377,0.0,0.0,0.0,0.0
17851.354,0.0,0.0,0.0,0.0
17872.33,0.0,0.0,0.0,0.0
17893.307,0.0,0.0,0.0,0.0
17914.283,0.0,0.0,0.0,0.0
17935.26,0.0,0.0,0.0,0.0
17956.238,0.0,0.0,0.0,0.0
17977.215,0.0,0.0,0.0,0.0
17998.191,-0.28239632,0.0,0.0,0.0
18019.168,-1.0081749,0.0,0.0,0.0
18040.145,-1.7339668,0.0,0.0,0.0
18061.123,-2.4598207,0.0,0.0,0.0
18082.1,-3.1856194,0.0,0.0,0.0
18103.076,-3.9114103,0.0,0.0,0.0
18124.053,-4.637188,0.0,0.0,0.0
18145.03,-5.36298,0.0,0.0,0.0
18166.006,-6.0887594,0.0,0.0,0.0
18186.984,-6.8146133,0.0,0.0,0.0
18207.96,-7.5404234,0.0,0.0,0.0
18228.938,-8.266203,0.0,0.0,0.0
18249.914,-8.991993,0.0,0.0,0.0
18270.89,-9.717784,0.0,0.0,0.0
18291.867,-10.443563,0.0,0.0,0.0
18312.846,-11.169436,0.0,0.0,0.0
18333.822,-11.895228,0.0,0.0,0.0
18354.799,-12.621008,0.0,0.0,0.0
18375.775,-13.346797,0.0,0.0,0.0
18396.752,-14.0725765,0.0,0.0,0.0
18417.73,-14.798451,0.0,0.0,0.0
18438.707,-15.524241,0.0,0.0,0.0
18459.684,-16.250021,0.0,0.0,0.0
18480.66,-17.05423,0.0,0.0,0.0
18501.637,-17.881222,0.0,0.0,0.0
18522.613,-18.708248,0.0,0.0,0.0
18543.592,-19.535324,0.0,0.0,0.0
18564.568,-20.362312,0.0,0.0,0.0
18585.545,-21.189316,0.0,0.0,0.0
18606.521,-22.016304,0.0,0.0,0.0
18627.498,-22.843307,0.0,0.0,0.0
18648.477,-23.670406,0.0,0.0,0.0
18669.453,-24.497396,0.0,0.0,0.0
18690.43,-25.324398,0.0,0.0,0.0
18711.406,-26.151388,0.0,0.0,0.0
18732.383,-26.97839,0.0,0.0,0.0
18753.36,-27.805405,0.0,0.0,0.0
18774.338,-28.63248,0.0,0.0,0.0
18795.314,-29.459482,0.0,0.0,0.0
18816.291,-30.28647,0.0,0.0,0.0
18837.268,-31.113472,0.0,0.0,0.0
18858.244,-31.940487,0.0,0.0,0.0
18879.22,-32.76749,0.0,0.0,0.0
18900.2,-33.594563,0.0,0.0,0.0
18921.176,-34.421555,0.0,0.0,0.0
18942.152,-35.248554,0.0,0.0,0.0
18963.129,-36.075546,0.0,0.0,0.0
18984.105,-36.902573,0.0,0.0,0.0
19005.084,-37.729645,0.0,0.0,0.0
19026.06,-38.556637,0.0,0.0,0.0
19047.037,-39.38364,0.0,0.0,0.0
19068.014,-40.21063,0.0,0.0,0.0
19088.99,-41.037655,0.0,0.0,0.0
19109.967,-41.76816,0.0,0.0,0.0
19130.945,-42.274265,0.0,0.0,0.0
19151.922,-42.78032,0.0,0.0,0.0
19172.898,-43.286373,0.0,0.0,0.0
19193.875,-43.792454,0.0,0.0,0.0
19214.852,-44.298508,0.0,0.0,0.0
19235.83,-44.80461,0.0,0.0,0.0
19256.807,-45.310665,0.0,0.0,0.0
19277.783,-45.81672,0.0,0.0,0.0
19298.76,-46.322773,0.0,0.0,0.0
19319.736,-46.828854,0.0,0.0,0.0
19340.713,-47.334908,0.0,0.0,0.0
19361.691,-47.84101,0.0,0.0,0.0
19382.668,-48.347065,0.0,0.0,0.0
19403.645,-48.853123,0.0,0.0,0.0
19424.621,-49.3592,0.0,0.0,0.0
19445.598,-49.865253,0.0,0.0,0.0
19466.576,-50.371357,0.0,0.0,0.0
19487.553,-50.877415,0.0,0.0,0.0
19508.53,-51.38347,0.0,0.0,0.0
19529.506,-51.889523,0.0,0.0,0.0
19550.482,-52.395603,0.0,0.0,0.0
19571.459,-7.8318787,0.0,0.0,0.0
19592.438,-7.6294365,0.0,0.0,0.0
19613.414,-7.4270134,0.0,0.0,0.0
19634.39,-7.2245903,0.0,0.0,0.0
19655.367,-7.0221596,0.0,0.0,0.0
19676.344,-6.8197365,0.0,0.0,0.0
19697.32,-6.6173134,0.0,0.0,0.0
19718.299,-6.414875,0.0,0.0,0.0
19739.275,-6.212452,0.0,0.0,0.0
19760.252,-6.010021,0.0,0.0,0.0
19781.229,-5.807598,0.0,0.0,0.0
19802.205,-5.605175,0.0,0.0,0.0
19823.184,-5.410324,0.0,0.0,0.0
19844.16,-5.3091125,0.0,0.0,0.0
19865.137,-5.207897,0.0,0.0,0.0
19886.113,-5.1066895,0.0,0.0,0.0
19907.09,-5.005478,0.0,0.0,0.0
19928.066,-4.9042664,0.0,0.0,0.0
19949.045,-4.8030434,0.0,0.0,0.0
19970.021,-4.701832,0.0,0.0,0.0
19990.998,-4.6006165,0.0,0.0,0.0
20011.975,-4.499405,0.0,0.0,0.0
20032.951,-4.398197,0.0,0.0,0.0
20053.93,-4.296974,0.0,0.0,0.0
20074.906,-4.1957664,0.0,0.0,0.0
20095.883,-4.0945473,0.0,0.0,0.0
20116.86,-3.9933395,0.0,0.0,0.0
20137.836,-3.892128,0.0,0.0,0.0
20158.812,-3.7909164,0.0,0.0,0.0
20179.791,-3.6896973,0.0,0.0,0.0
20200.768,-3.588478,0.0,0.0,0.0
20221.744,-3.4872665,0.0,0.0,0.0
20242.72,-3.386055,0.0,0.0,0.0
20263.697,-3.284851,0.0,0.0,0.0
20284.676,-3.1836243,0.0,0.0,0.0
20305.652,-3.0824127,0.0,0.0,0.0
20326.629,-2.9812012,0.0,0.0,0.0
20347.605,-2.879982,0.0,0.0,0.0
20368.582,-2.778778,0.0,0.0,0.0
20389.559,-2.6775665,0.0,0.0,0.0
20410.537,-2.5763474,0.0,0.0,0.0
20431.514,-2.4751282,0.0,0.0,0.0
20452.49,-2.3739166,0.0,0.0,0.0
20473.467,-2.272705,0.0,0.0,0.0
20494.443,-2.1714935,0.0,0.0,0.0
20515.42,-2.070282,0.0,0.0,0.0
20536.398,-1.9690628,0.0,0.0,0.0
20557.375,-1.8678513,0.0,0.0,0.0
20578.352,-1.7666397,0.0,0.0,0.0
20599.328,-1.6654282,0.0,0.0,0.0
20620.305,-1.5642166,0.0,0.0,0.0
20641.283,-1.4629898,0.0,0.0,0.0
20662.26,-1.3617783,0.0,0.0,0.0
20683.236,-1.2605667,0.0,0.0,0.0
20704.213,-1.1593628,0.0,0.0,0.0
20725.19,-1.0581436,0.0,0.0,0.0
20746.166,-0.9569397,0.0,0.0,0.0
20767.145,-0.8557129,0.0,0.0,0.0
20788.121,-0.7544937,0.0,0.0,0.0
20809.098,-0.6532898,0.0,0.0,0.0
20830.074,-0.55207825,0.0,0.0,0.0
20851.05,-0.4508667,0.0,0.0,0.0
20872.03,-0.34964752,0.0,0.0,0.0
20893.006,-0.24842834,0.0,0.0,0.0
20913.982,-0.1472168,0.0,0.0,0.0
20934.959,-0.04600525,0.0,0.0,0.0
20955.936,0.0552063,0.0,0.0,0.0
20976.912,0.15641785,0.0,0.0,0.0
20997.89,0.25763702,0.0,0.0,0.0
21018.867,0.35884857,0.0,0.0,0.0
21039.844,0.46006012,0.0,0.0,0.0
21060.82,0.56127167,0.0,0.0,0.0
21081.797,0.6624832,0.0,0.0,0.0
21102.775,0.76371,0.0,0.0,0.0
21123.752,0.86492157,0.0,0.0,0.0
21144.729,0.9661255,0.0,0.0,0.0
21165.705,1.0673447,0.0,0.0,0.0
21186.682,1.1305923,0.0,0.0,0.0
21207.658,1.1305923,0.0,0.0,0.0
21228.637,1.1306,0.0,0.0,0.0
21249.613,1.1305923,0.0,0.0,0.0
21270.59,1.1305923,0.0,0.0,0.0
21291.566,1.1305923,0.0,0.0,0.0
21312.543,1.1305923,0.0,0.0,0.0
21333.52,1.1305923,0.0,0.0,0.0
21354.498,1.1306,0.0,0.0,0.0
21375.475,1.1305923,0.0,0.0,0.0
21396.451,1.1306,0.0,0.0,0.0
21417.428,1.1305923,0.0,0.0,0.0
21438.404,1.1305923,0.0,0.0,0.0
21459.383,1.1305923,0.0,0.0,0.0
21480.36,1.1306,0.0,0.0,0.0
21501.336,1.1305923,0.0,0.0,0.0
21522.312,1.1306,0.0,0.0,0.0
21543.29,1.1306,0.0,0.0,0.0
21564.266,1.1305923,0.0,0.0,0.0
21585.244,1.1305923,0.0,0.0,0.0
21606.22,1.1305923,0.0,0.0,0.0
21627.197,1.1305923,0.0,0.0,0.0
21648.174,1.1306,0.0,0.0,0.0
21669.15,1.1306,0.0,0.0,0.0
21690.129,1.1305923,0.0,0.0,0.0
21711.105,1.1305923,0.0,0.0,0.0
21732.082,1.1305923,0.0,0.0,0.0
21753.059,1.1305923,0.0,0.0,0.0
21774.035,1.1305923,0.0,0.0,0.0
21795.012,1.1306,0.0,0.0,0.0
21815.99,1.1305923,0.0,0.0,0.0
21836.967,1.1306,0.0,0.0,0.0
21857.943,1.1305923,0.0,0.0,0.0
21878.92,1.1305923,0.0,0.0,0.0
21899.896,1.1305923,0.0,0.0,0.0
21920.875,1.1306,0.0,0.0,0.0
21941.852,1.1305923,0.0,0.0,0.0
21962.828,1.1306,0.0,0.0,0.0
21983.805,1.1305923,0.0,0.0,0.0
22004.781,1.1305923,0.0,0.0,0.0
22025.758,1.1305923,0.0,0.0,0.0
22046.736,1.1305923,0.0,0.0,0.0
22067.713,1.1306,0.0,0.0,0.0
22088.69,1.1305847,0.0,0.0,0.0
22109.666,1.1305847,0.0,0.0,0.0
22130.643,1.1306,0.0,0.0,0.0
22151.62,1.1306,0.0,0.0,0.0
22172.598,1.1306,0.0,0.0,0.0
22193.574,1.1306,0.0,0.0,0.0
22214.55,1.1305847,0.0,0.0,0.0
22235.527,1.1305847,0.0,0.0,0.0
22256.504,1.1306,0.0,0.0,0.0
22277.482,1.1305847,0.0,0.0,0.0
22298.459,1.1306,0.0,0.0,0.0
22319.436,1.1306,0.0,0.0,0.0
22340.412,1.1306,0.0,0.0,0.0
22361.389,1.1305847,0.0,0.0,0.0
22382.365,1.1306,0.0,0.0,0.0
22403.344,1.1305847,0.0,0.0,0.0
22424.32,1.1306,0.0,0.0,0.0
22445.297,1.1306,0.0,0.0,0.0
22466.273,1.1306,0.0,0.0,0.0
22487.25,1.1305847,0.0,0.0,0.0
22508.229,1.1306,0.0,0.0,0.0
22529.205,1.1305847,0.0,0.0,0.0
22550.182,1.0622559,0.0,0.0,0.0
22571.158,0.9610443,0.0,0.0,0.0
22592.135,0.85983276,0.0,0.0,0.0
22613.111,0.75860596,0.0,0.0,0.0
22634.09,0.65740967,0.0,0.0,0.0
22655.066,0.55618286,0.0,0.0,0.0
22676.043,0.4549713,0.0,0.0,0.0
22697.02,0.35375977,0.0,0.0,0.0
22717.996,0.25254822,0.0,0.0,0.0
22738.975,0.15133667,0.0,0.0,0.0
22759.951,0.050125122,0.0,0.0,0.0
22780.928,-0.051086426,0.0,0.0,0.0
22801.904,-0.15231323,0.0,0.0,0.0
22822.88,-0.25352478,0.0,0.0,0.0
22843.857,-0.35472107,0.0,0.0,0.0
22864.836,-0.45594788,0.0,0.0,0.0
22885.812,-0.5571594,0.0,0.0,0.0
22906.79,-0.658371,0.0,0.0,0.0
22927.766,-0.7595978,0.0,0.0,0.0
22948.742,-0.8608093,0.0,0.0,0.0
22969.719,-0.9620056,0.0,0.0,0.0
22990.697,-1.0632324,0.0,0.0,0.0
23011.674,-1.164444,0.0,0.0,0.0
23032.65,-1.2656555,0.0,0.0,0.0
23053.627,-1.3668823,0.0,0.0,0.0
23074.604,-1.4680786,0.0,0.0,0.0
23095.582,-1.5693054,0.0,0.0,0.0
23116.559,-1.670517,0.0,0.0,0.0
23137.535,-1.7717285,0.0,0.0,0.0
23158.512,-1.8729401,0.0,0.0,0.0
23179.488,-1.9741364,0.0,0.0,0.0
23200.465,-2.0753632,0.0,0.0,0.0
23221.443,-2.17659,0.0,0.0,0.0
23242.42,-2.2778015,0.0,0.0,0.0
23263.396,-2.379013,0.0,0.0,0.0
23284.373,-2.4802094,0.0,0.0,0.0
23305.35,-2.581421,0.0,0.0,0.0
23326.328,-2.6826477,0.0,0.0,0.0
23347.305,-2.7838593,0.0,0.0,0.0
23368.281,-2.885086,0.0,0.0,0.0
23389.258,-2.9862976,0.0,0.0,0.0
23410.234,-3.087494,0.0,0.0,0.0
23431.21,-3.1887054,0.0,0.0,0.0
23452.19,-3.2899323,0.0,0.0,0.0
23473.166,-3.3911438,0.0,0.0,0.0
23494.143,-3.4923706,0.0,0.0,0.0
23515.12,-3.593567,0.0,0.0,0.0
23536.096,-3.6947784,0.0,0.0,0.0
23557.074,-3.7960052,0.0,0.0,0.0
23578.05,-3.8972168,0.0,0.0,0.0
23599.027,-3.9984283,0.0,0.0,0.0
23620.004,-4.0996246,0.0,0.0,0.0
23640.98,-4.2008514,0.0,0.0,0.0
23661.957,-4.302063,0.0,0.0,0.0
23682.936,-4.40329,0.0,0.0,0.0
23703.912,-4.5045013,0.0,0.0,0.0
23724.889,-4.6056976,0.0,0.0,0.0
23745.865,-4.706909,0.0,0.0,0.0
23766.842,-4.808136,0.0,0.0,0.0
23787.818,-4.9093475,0.0,0.0,0.0
23808.797,-5.0105743,0.0,0.0,0.0
23829.773,-5.111786,0.0,0.0,0.0
23850.75,-5.212982,0.0,0.0,0.0
23871.727,-5.3141937,0.0,0.0,0.0
23892.703,-5.4154053,0.0,0.0,0.0
23913.682,-5.6153564,0.0,0.0,0.0
23934.658,-5.8177795,0.0,0.0,0.0
23955.635,-6.0202026,0.0,0.0,0.0
23976.611,-6.2226257,0.0,0.0,0.0
23997.588,-6.4250336,0.0,0.0,0.0
24018.564,-6.627472,0.0,0.0,0.0
24039.543,-6.8299103,0.0,0.0,0.0
24060.52,-7.0323334,0.0,0.0,0.0
24081.496,-7.2347717,0.0,0.0,0.0
24102.473,-7.4371796,0.0,0.0,0.0
24123.45,-7.639618,0.0,0.0,0.0
24144.428,-7.8420563,0.0,0.0,0.0
24165.404,-8.044479,0.0,0.0,0.0
24186.38,-8.246887,0.0,0.0,0.0
24207.357,-8.449326,0.0,0.0,0.0
24228.334,-8.651764,0.0,0.0,0.0
24249.31,-8.854172,0.0,0.0,0.0
24270.29,-9.056625,0.0,0.0,0.0
24291.266,-9.259033,0.0,0.0,0.0
24312.242,-9.461456,0.0,0.0,0.0
24333.219,-9.663879,0.0,0.0,0.0
24354.195,-9.866318,0.0,0.0,0.0
24375.174,-10.068756,0.0,0.0,0.0
24396.15,-10.271179,0.0,0.0,0.0
24417.127,-10.473602,0.0,0.0,0.0
24438.104,-10.67601,0.0,0.0,0.0
24459.08,-10.8784485,0.0,0.0,0.0
24480.057,-11.080872,0.0,0.0,0.0
24501.035,-11.28331,0.0,0.0,0.0
24522.012,-11.485748,0.0,0.0,0.0
24542.988,-11.688156,0.0,0.0,0.0
24563.965,-11.8905945,0.0,0.0,0.0
24584.941,-12.093002,0.0,0.0,0.0
24605.918,-12.295441,0.0,0.0,0.0
24626.896,-12.497864,0.0,0.0,0.0
24647.873,-12.700302,0.0,0.0,0.0
24668.85,-12.902725,0.0,0.0,0.0
24689.826,-13.105148,0.0,0.0,0.0
24710.803,-13.307571,0.0,0.0,0.0
24731.781,-13.51001,0.0,0.0,0.0
24752.758,-13.712433,0.0,0.0,0.0
24773.734,-13.914856,0.0,0.0,0.0
24794.71,-14.117294,0.0,0.0,0.0
24815.688,-14.319717,0.0,0.0,0.0
24836.664,-14.522125,0.0,0.0,0.0
24857.643,-14.724579,0.0,0.0,0.0
24878.62,-14.926987,0.0,0.0,0.0
24899.596,-15.129425,0.0,0.0,0.0
24920.572,-15.331848,0.0,0.0,0.0
24941.549,-15.534271,0.0,0.0,0.0
24962.527,-15.736725,0.0,0.0,0.0
24983.504,-15.939133,0.0,0.0,0.0
25004.48,-17.067001,0.0,0.0,0.0
25025.457,-17.27153,0.0,0.0,0.0
25046.434,-17.476059,0.0,0.0,0.0
25067.41,-17.680573,0.0,0.0,0.0
25088.389,-17.885117,0.0,0.0,0.0
25109.365,-18.08963,0.0,0.0,0.0
25130.342,-18.294159,0.0,0.0,0.0
25151.318,-18.498688,0.0,0.0,0.0
25172.295,-18.74086,0.0,0.0,0.0
25193.273,-18.986313,0.0,0.0,0.0
25214.25,-19.23172,0.0,0.0,0.0
25235.227,-19.477142,0.0,0.0,0.0
25256.203,-19.722595,0.0,0.0,0.0
25277.18,-19.968002,0.0,0.0,0.0
25298.156,-20.213425,0.0,0.0,0.0
25319.135,-20.458862,0.0,0.0,0.0
25340.111,-20.704315,0.0,0.0,0.0
25361.088,-20.949738,0.0,0.0,0.0
25382.064,-21.195145,0.0,0.0,0.0
25403.041,-21.440598,0.0,0.0,0.0
25424.018,-21.68602,0.0,0.0,0.0
25444.996,-21.931458,0.0,0.0,0.0
25465.973,-22.17688,0.0,0.0,0.0
25486.95,-22.422318,0.0,0.0,0.0
25507.926,-22.66774,0.0,0.0,0.0
25528.902,-22.913162,0.0,0.0,0.0
25549.88,-23.1586,0.0,0.0,0.0
25570.857,-23.404037,0.0,0.0,0.0
25591.834,-23.64946,0.0,0.0,0.0
25612.81,-23.894882,0.0,0.0,0.0
25633.787,-24.14032,0.0,0.0,0.0
25654.764,-24.385742,0.0,0.0,0.0
25675.742,-24.63118,0.0,0.0,0.0
25696.719,-24.876602,0.0,0.0,0.0
25717.695,-25.12204,0.0,0.0,0.0
25738.672,-25.367462,0.0,0.0,0.0
25759.648,-25.612885,0.0,0.0,0.0
25780.627,-25.858337,0.0,0.0,0.0
25801.604,-26.10376,0.0,0.0,0.0
25822.58,-26.349182,0.0,0.0,0.0
25843.557,-26.594604,0.0,0.0,0.0
25864.533,-26.840057,0.0,0.0,0.0
25885.51,-27.08548,0.0,0.0,0.0
25906.488,-27.330902,0.0,0.0,0.0
25927.465,-27.576324,0.0,0.0,0.0
25948.441,-27.821777,0.0,0.0,0.0
25969.418,-28.0672,0.0,0.0,0.0
25990.395,-28.312622,0.0,0.0,0.0
26011.373,-28.558044,0.0,0.0,0.0
26032.35,-28.803497,0.0,0.0,0.0
26053.326,-29.04892,0.0,0.0,0.0
26074.303,-29.294342,0.0,0.0,0.0
26095.28,-29.539795,0.0,0.0,0.0
26116.256,-29.785217,0.0,0.0,0.0
26137.234,-30.03064,0.0,0.0,0.0
26158.21,-30.276062,0.0,0.0,0.0
26179.188,-30.521515,0.0,0.0,0.0
26200.164,-30.766937,0.0,0.0,0.0
26221.14,-31.01236,0.0,0.0,0.0
26242.117,-31.257751,0.0,0.0,0.0
26263.096,-31.503235,0.0,0.0,0.0
26284.072,-31.748657,0.0,0.0,0.0
26305.049,-31.99408,0.0,0.0,0.0
26326.025,-32.239532,0.0,0.0,0.0
26347.002,-32.484924,0.0,0.0,0.0
26367.98,-32.730377,0.0,0.0,0.0
26388.957,-32.9758,0.0,0.0,0.0
26409.934,-33.221252,0.0,0.0,0.0
26430.91,-33.466644,0.0,0.0,0.0
26451.887,-33.712067,0.0,0.0,0.0
26472.863,-33.95749,0.0,0.0,0.0
26493.842,-34.202972,0.0,0.0,0.0
26514.818,-34.448395,0.0,0.0,0.0
26535.795,-34.693787,0.0,0.0,0.0
26556.771,-34.93924,0.0,0.0,0.0
26577.748,-35.18466,0.0,0.0,0.0
26598.727,-35.430115,0.0,0.0,0.0
26619.703,-35.675537,0.0,0.0,0.0
26640.68,-35.92096,0.0,0.0,0.0
26661.656,-36.16638,0.0,0.0,0.0
26682.633,-36.411804,0.0,0.0,0.0
26703.61,-36.657227,0.0,0.0,0.0
26724.588,-36.90271,0.0,0.0,0.0
26745.564,-37.1481,0.0,0.0,0.0
26766.541,-37.393524,0.0,0.0,0.0
26787.518,-37.638977,0.0,0.0,0.0
26808.494,-37.8844,0.0,0.0,0.0
26829.473,-38.12982,0.0,0.0,0.0
26850.45,-38.375244,0.0,0.0,0.0
26871.426,-38.620697,0.0,0.0,0.0
26892.402,-38.86609,0.0,0.0,0.0
26913.379,-39.11154,0.0,0.0,0.0
26934.355,-39.356964,0.0,0.0,0.0
26955.334,-39.602386,0.0,0.0,0.0
26976.31,-39.84784,0.0,0.0,0.0
26997.287,-40.09326,0.0,0.0,0.0
27018.264,-40.338684,0.0,0.0,0.0
27039.24,-40.584106,0.0,0.0,0.0
27060.217,-40.82956,0.0,0.0,0.0
27081.195,-41.07498,0.0,0.0,0.0
27102.172,-41.320404,0.0,0.0,0.0
27123.148,-41.565826,0.0,0.0,0.0
27144.125,-41.81128,0.0,0.0,0.0
27165.102,-42.0567,0.0,0.0,0.0
27186.08,-42.302124,0.0,0.0,0.0
27207.057,-42.547577,0.0,0.0,0.0
27228.033,-42.793,0.0,0.0,0.0
27249.01,-43.03842,0.0,0.0,0.0
27269.986,-43.283844,0.0,0.0,0.0
27290.963,-43.529266,0.0,0.0,0.0
27311.941,-43.77472,0.0,0.0,0.0
27332.918,-44.02014,0.0,0.0,0.0
27353.895,-44.265564,0.0,0.0,0.0
27374.871,-44.510986,0.0,0.0,0.0
27395.848,-44.75641,0.0,0.0,0.0
27416.826,-45.00186,0.0,0.0,0.0
27437.803,-45.247314,0.0,0.0,0.0
27458.78,-45.492737,0.0,0.0,0.0
27479.756,-45.73813,0.0,0.0,0.0
27500.732,-45.98355,0.0,0.0,0.0
27521.709,-46.229004,0.0,0.0,0.0
27542.688,-46.474457,0.0,0.0,0.0
27563.664,-46.71988,0.0,0.0,0.0
27584.64,-46.96527,0.0,0.0,0.0
27605.617,-47.210724,0.0,0.0,0.0
27626.594,-47.456146,0.0,0.0,0.0
27647.572,-47.7016,0.0,0.0,0.0
27668.549,-47.947052,0.0,0.0,0.0
27689.525,-48.19159,0.0,0.0,0.0
27710.502,-48.43573,0.0,0.0,0.0
27731.479,-48.67993,0.0,0.0,0.0
27752.455,-48.924072,0.0,0.0,0.0
27773.434,-49.168274,0.0,0.0,0.0
27794.41,-49.412445,0.0,0.0,0.0
27815.387,-49.656586,0.0,0.0,0.0
27836.363,-49.900757,0.0,0.0,0.0
27857.34,-50.14496,0.0,0.0,0.0
27878.316,-50.38913,0.0,0.0,0.0
27899.295,-50.6333,0.0,0.0,0.0
27920.271,-50.877472,0.0,0.0,0.0
27941.248,-51.121643,0.0,0.0,0.0
27962.225,-51.365784,0.0,0.0,0.0
27983.201,-51.609955,0.0,0.0,0.0
28004.18,-51.854156,0.0,0.0,0.0
28025.156,-52.098328,0.0,0.0,0.0
28046.133,-52.3425,0.0,0.0,0.0
28067.11,-52.58667,0.0,0.0,0.0
28088.086,-52.83081,0.0,0.0,0.0
28109.062,-53.07498,0.0,0.0,0.0
28130.041,-53.319183,0.0,0.0,0.0
28151.018,-53.563354,0.0,0.0,0.0
28171.994,-53.807495,0.0,0.0,0.0
28192.97,-54.051697,0.0,0.0,0.0
28213.947,-54.295837,0.0,0.0,0.0
28234.926,-54.54004,0.0,0.0,0.0
28255.902,-54.78421,0.0,0.0,0.0
28276.879,-55.02838,0.0,0.0,0.0
28297.855,-55.272552,0.0,0.0,0.0
28318.832,-55.516693,0.0,0.0,0.0
28339.809,-55.760895,0.0,0.0,0.0
28360.787,-56.005066,0.0,0.0,0.0
28381.764,-56.249237,0.0,0.0,0.0
28402.74,-56.49341,0.0,0.0,0.0
28423.717,-56.73755,0.0,0.0,0.0
28444.693,-56.98172,0.0,0.0,0.0
28465.672,-57.225952,0.0,0.0,0.0
28486.648,-57.470093,0.0,0.0,0.0
28507.625,-57.714264,0.0,0.0,0.0
28528.602,-57.958435,0.0,0.0,0.0
28549.578,-58.202576,0.0,0.0,0.0
28570.555,-58.446747,0.0,0.0,0.0
28591.533,-58.69095,0.0,0.0,0.0
28612.51,-58.93512,0.0,0.0,0.0
28633.486,-59.17929,0.0,0.0,0.0
28654.463,-59.423462,0.0,0.0,0.0
28675.44,-59.667633,0.0,0.0,0.0
28696.416,-59.911774,0.0,0.0,0.0
28717.395,-60.155975,0.0,0.0,0.0
28738.371,-60.400146,0.0,0.0,0.0
28759.348,-60.644318,0.0,0.0,0.0
28780.324,-60.88846,0.0,0.0,0.0
28801.3,-61.13266,0.0,0.0,0.0
28822.28,-61.37683,0.0,0.0,0.0
28843.256,-61.621002,0.0,0.0,0.0
28864.232,-61.865173,0.0,0.0,0.0
28885.209,-62.109314,0.0,0.0,0.0
28906.186,-62.353485,0.0,0.0,0.0
28927.162,-62.597687,0.0,0.0,0.0
28948.14,-62.841858,0.0,0.0,0.0
28969.117,-63.08603,0.0,0.0,0.0
28990.094,-63.3302,0.0,0.0,0.0
29011.07,-63.57437,0.0,0.0,0.0
29032.047,-63.818542,0.0,0.0,0.0
29053.025,-64.06271,0.0,0.0,0.0
29074.002,-64.306885,0.0,0.0,0.0
29094.979,-64.551056,0.0,0.0,0.0
29115.955,-64.79523,0.0,0.0,0.0
29136.932,-65.0394,0.0,0.0,0.0
29157.908,-65.28354,0.0,0.0,0.0
29178.887,-65.52774,0.0,0.0,0.0
29199.863,-65.77191,0.0,0.0,0.0
29220.84,-66.01608,0.0,0.0,0.0
29241.816,-66.26022,0.0,0.0,0.0
29262.793,-66.504425,0.0,0.0,0.0
29283.771,-66.7486,0.0,0.0,0.0
29304.748,-66.99277,0.0,0.0,0.0
29325.725,-67.23694,0.0,0.0,0.0
29346.701,-67.48111,0.0,0.0,0.0
29367.678,-67.72528,0.0,0.0,0.0
29388.654,-67.96945,0.0,0.0,0.0
29409.633,-68.21362,0.0,0.0,0.0
29430.61,-68.457794,0.0,0.0,0.0
29451.586,-68.701965,0.0,0.0,0.0
29472.562,-68.94614,0.0,0.0,0.0
29493.54,-69.19028,0.0,0.0,0.0
29514.516,-69.43445,0.0,0.0,0.0
29535.494,-69.67868,0.0,0.0,0.0
29556.47,-69.92282,0.0,0.0,0.0
29577.447,-70.16699,0.0,0.0,0.0
29598.424,-70.41116,0.0,0.0,0.0
29619.4,-70.655334,0.0,0.0,0.0
29640.379,-70.899536,0.0,0.0,0.0
29661.355,-71.14368,0.0,0.0,0.0
29682.332,-71.38785,0.0,0.0,0.0
29703.309,-71.63202,0.0,0.0,0.0
29724.285,-71.87619,0.0,0.0,0.0
29745.262,-72.12036,0.0,0.0,0.0
29766.24,-72.36453,0.0,0.0,0.0
29787.217,-72.6087,0.0,0.0,0.0
29808.193,-72.852875,0.0,0.0,0.0
29829.17,-73.097046,0.0,0.0,0.0
29850.146,-73.34122,0.0,0.0,0.0
29871.125,-73.58542,0.0,0.0,0.0
29892.102,-73.82956,0.0,0.0,0.0
29913.078,-74.07373,0.0,0.0,0.0
29934.055,-74.3179,0.0,0.0,0.0
29955.031,-74.56207,0.0,0.0,0.0
29976.008,-74.806244,0.0,0.0,0.0
29996.986,-75.050446,0.0,0.0,0.0
30017.963,-75.294586,0.0,0.0,0.0
30038.94,-75.53876,0.0,0.0,0.0
30059.916,-75.78293,0.0,0.0,0.0
30080.893,-76.0271,0.0,0.0,0.0
30101.871,-76.2713,0.0,0.0,0.0
30122.848,-76.51544,0.0,0.0,0.0
30143.824,-76.75964,0.0,0.0,0.0
30164.8,-77.003784,0.0,0.0,0.0
30185.777,-77.247955,0.0,0.0,0.0
30206.754,-77.49213,0.0,0.0,0.0
30227.732,-77.7363,0.0,0.0,0.0
30248.709,-77.98047,0.0,0.0,0.0
30269.686,-78.22464,0.0,0.0,0.0
30290.662,-78.46881,0.0,0.0,0.0
30311.639,-78.71298,0.0,0.0,0.0
30332.615,-78.95715,0.0,0.0,0.0
30353.594,-79.201324,0.0,0.0,0.0
30374.57,-79.445496,0.0,0.0,0.0
30395.547,-79.68967,0.0,0.0,0.0
30416.523,-79.93384,0.0,0.0,0.0
30437.5,-80.17801,0.0,0.0,0.0
30458.479,-80.42221,0.0,0.0,0.0
30479.455,-80.66638,0.0,0.0,0.0
30500.432,-80.91052,0.0,0.0,0.0
30521.408,-81.15469,0.0,0.0,0.0
30542.385,-81.398865,0.0,0.0,0.0
30563.361,-81.643036,0.0,0.0,0.0
30584.34,-81.88721,0.0,0.0,0.0
30605.316,-82.13141,0.0,0.0,0.0
30626.293,-82.37555,0.0,0.0,0.0
30647.27,-82.61972,0.0,0.0,0.0
30668.246,-82.86389,0.0,0.0,0.0
30689.225,-83.10806,0.0,0.0,0.0
30710.201,-83.352264,0.0,0.0,0.0
30731.178,-83.596405,0.0,0.0,0.0
30752.154,-83.840576,0.0,0.0,0.0
30773.13,-84.08475,0.0,0.0,0.0
30794.107,-84.32889,0.0,0.0,0.0
30815.086,-84.57312,0.0,0.0,0.0
30836.062,-84.81729,0.0,0.0,0.0
30857.04,-85.06143,0.0,0.0,0.0
30878.016,-85.3056,0.0,0.0,0.0
30898.992,-85.549774,0.0,0.0,0.0
30919.969,-85.793915,0.0,0.0,0.0
30940.947,-86.03815,0.0,0.0,0.0
30961.924,-86.28232,0.0,0.0,0.0
30982.9,-86.52649,0.0,0.0,0.0
31003.877,-86.77063,0.0,0.0,0.0
31024.854,-87.0148,0.0,0.0,0.0
31045.832,-87.25897,0.0,0.0,0.0
31066.809,-87.503174,0.0,0.0,0.0
31087.785,-87.747314,0.0,0.0,0.0
31108.762,-87.991516,0.0,0.0,0.0
31129.738,-88.23563,0.0,0.0,0.0
31150.715,-88.47983,0.0,0.0,0.0
31171.693,-88.724,0.0,0.0,0.0
31192.67,-88.96817,0.0,0.0,0.0
31213.646,-89.21237,0.0,0.0,0.0
31234.623,-89.45651,0.0,0.0,0.0
31255.6,-89.70065,0.0,0.0,0.0
31276.578,-89.944885,0.0,0.0,0.0
31297.555,-90.18906,0.0,0.0,0.0
31318.531,-90.4332,0.0,0.0,0.0
31339.508,-90.67737,0.0,0.0,0.0
31360.484,-90.92154,0.0,0.0,0.0
31381.46,-91.16574,0.0,0.0,0.0
31402.44,-91.40991,0.0,0.0,0.0
31423.416,-91.65408,0.0,0.0,0.0
31444.393,-91.898254,0.0,0.0,0.0
31465.37,-92.142395,0.0,0.0,0.0
31486.346,-92.386566,0.0,0.0,0.0
31507.324,-92.63074,0.0,0.0,0.0
31528.3,-92.87494,0.0,0.0,0.0
31549.277,-93.11911,0.0,0.0,0.0
31570.254,-93.36328,0.0,0.0,0.0
31591.23,-93.60739,0.0,0.0,0.0
31612.207,-93.85159,0.0,0.0,0.0
31633.186,-94.095764,0.0,0.0,0.0
31654.162,-94.339935,0.0,0.0,0.0
31675.139,-94.58414,0.0,0.0,0.0
31696.115,-94.82828,0.0,0.0,0.0
31717.092,-95.07248,0.0,0.0,0.0
31738.068,-95.31662,0.0,0.0,0.0
31759.047,-95.56082,0.0,0.0,0.0
31780.023,-95.80496,0.0,0.0,0.0
31801.0,-96.04913,0.0,0.0,0.0
31821.977,-96.293335,0.0,0.0,0.0
31842.953,-96.537476,0.0,0.0,0.0
31863.932,-96.78168,0.0,0.0,0.0
31884.908,-97.02585,0.0,0.0,0.0
31905.885,-97.27002,0.0,0.0,0.0
31926.861,-97.51416,0.0,0.0,0.0
31947.838,-97.75833,0.0,0.0,0.0
31968.814,-98.0025,0.0,0.0,0.0
31989.793,-98.246704,0.0,0.0,0.0
32010.77,-98.490875,0.0,0.0,0.0
32031.746,-98.73505,0.0,0.0,0.0
32052.723,-98.97922,0.0,0.0,0.0
32073.7,-99.22336,0.0,0.0,0.0
32094.678,-99.46753,0.0,0.0,0.0
32115.654,-99.7117,0.0,0.0,0.0
32136.63,-99.9559,0.0,0.0,0.0
32157.607,-100.20007,0.0,0.0,0.0
32178.584,-100.444244,0.0,0.0,0.0
32199.56,-100.688385,0.0,0.0,0.0
32220.54,-100.93259,0.0,0.0,0.0
32241.516,-101.17673,0.0,0.0,0.0
32262.492,-101.4209,0.0,0.0,0.0
32283.469,-101.6651,0.0,0.0,0.0
32304.445,-101.90924,0.0,0.0,0.0
32325.424,-102.15344,0.0,0.0,0.0
32346.4,-102.397644,0.0,0.0,0.0
32367.377,-102.641785,0.0,0.0,0.0
32388.354,-102.885925,0.0,0.0,0.0
32409.33,-103.1301,0.0,0.0,0.0
32430.307,-103.37427,0.0,0.0,0.0
32451.285,-103.61847,0.0,0.0,0.0
32472.262,-103.86264,0.0,0.0,0.0
32493.238,-104.10681,0.0,0.0,0.0
32514.215,-104.35098,0.0,0.0,0.0
32535.191,-104.59512,0.0,0.0,0.0
32556.168,-104.839325,0.0,0.0,0.0
32577.146,-105.083466,0.0,0.0,0.0
32598.123,-105.32767,0.0,0.0,0.0
32619.1,-105.5719,0.0,0.0,0.0
32640.076,-105.81601,0.0,0.0,0.0
32661.053,-106.06018,0.0,0.0,0.0
32682.031,-106.30438,0.0,0.0,0.0
32703.008,-106.54849,0.0,0.0,0.0
32723.984,-106.792725,0.0,0.0,0.0
32744.96,-107.03693,0.0,0.0,0.0
32765.938,-107.281006,0.0,0.0,0.0
32786.914,-107.52521,0.0,0.0,0.0
32807.89,-107.76935,0.0,0.0,0.0
32828.867,-108.01346,0.0,0.0,0.0
32849.848,-108.25769,-0.12800208,0.0,0.0
32870.824,-108.50192,-0.5370255,0.0,0.0
32891.8,-108.74603,-0.946088,0.0,0.0
32912.777,-108.990265,-1.3551115,0.0,0.0
32933.754,-109.23447,-1.764174,0.0,0.0
32954.73,-109.47858,-2.1731975,0.0,0.0
32975.707,-109.72275,-2.58226,0.0,0.0
32996.684,-109.96689,-2.9912834,0.0,0.0
33017.66,-110.211,-3.4003458,0.0,0.0
33038.637,-110.45517,-3.8093693,0.0,0.0
33059.613,-110.69937,-4.218432,0.0,0.0
33080.59,-110.94354,-4.627455,0.0,0.0
33101.57,-111.187775,-5.036596,0.0,0.0
33122.547,-111.43201,-5.445619,0.0,0.0
33143.523,-111.67615,-5.854682,0.0,0.0
33164.5,-111.92032,-6.2637053,0.0,0.0
33185.477,-112.16443,-6.6727676,0.0,0.0
33206.453,-112.40863,-7.081791,0.0,0.0
33227.43,-112.65274,-7.490854,0.0,0.0
33248.406,-112.89691,-7.899877,0.0,0.0
33269.383,-113.14105,-8.30894,0.0,0.0
33290.36,-113.385254,-8.717963,0.0,0.0
33311.336,-113.629456,-9.127026,0.0,0.0
33332.316,-113.87372,-9.536127,0.0,0.0
33353.293,-114.11786,-9.945189,0.0,0.0
33374.27,-114.362,-10.354213,0.0,0.0
33395.246,-114.60614,-10.763275,0.0,0.0
33416.223,-114.85034,-11.172299,0.0,0.0
33437.2,-115.09448,-11.581362,0.0,0.0
33458.176,-115.338684,-11.990385,0.0,0.0
33479.152,-115.582825,-12.399447,0.0,0.0
33500.13,-115.82703,-12.808471,0.0,0.0
33521.105,-116.07123,-13.217533,0.0,0.0
33542.082,-116.31537,-13.626556,0.0,0.0
33563.062,-116.55963,-14.035697,0.0,0.0
33584.04,-116.80371,-14.444721,0.0,0.0
33605.016,-117.04791,-14.853784,0.0,0.0
33625.992,-117.29205,-15.262807,0.0,0.0
33646.97,-117.536194,-15.671869,0.0,0.0
33667.945,-117.780334,-16.080893,0.0,0.0
33688.92,-118.024536,-16.489956,0.0,0.0
33709.9,-118.26874,-16.89898,0.0,0.0
33730.875,-118.51288,-17.30804,0.0,0.0
33751.85,-118.75708,-17.717064,0.0,0.0
33772.83,-119.00128,-18.126127,0.0,0.0
33793.81,-119.24542,-18.535229,0.0,0.0
33814.785,-119.48956,-18.944292,0.0,0.0
33835.76,-119.733765,-19.353315,0.0,0.0
33856.74,-119.977844,-19.762377,0.0,0.0
33877.715,-120.222046,-20.1714,0.0,0.0
33898.69,-120.46631,-20.580463,0.0,0.0
33919.668,-120.71045,-20.989487,0.0,0.0
33940.645,-120.95465,-21.398548,0.0,0.0
33961.62,-121.19885,-21.807573,0.0,0.0
33982.598,-121.44299,-22.216635,0.0,0.0
34003.574,-121.68713,-22.625658,0.0,0.0
34024.555,-121.931335,-23.0348,0.0,0.0
34045.53,-122.175415,-23.443823,0.0,0.0
34066.508,-122.41962,-23.852884,0.0,0.0
34087.484,-122.66382,-24.261908,0.0,0.0
34108.46,-122.90796,-24.67097,0.0,0.0
34129.438,-123.15216,-25.079994,0.0,0.0
34150.414,-123.39636,-25.489058,0.0,0.0
34171.39,-123.6405,-25.89808,0.0,0.0
34192.367,-123.884705,-26.33542,0.0,0.0
34213.344,-124.128784,-26.8467,0.0,0.0
34234.32,-124.372986,-27.358028,0.0,0.0
34255.3,-124.61713,-27.869406,0.0,0.0
34276.277,-124.86133,-28.380733,0.0,0.0
34297.254,-125.10553,-28.892014,0.0,0.0
34318.23,-125.34973,-29.403341,0.0,0.0
34339.207,-125.59387,-29.91462,0.0,0.0
34360.184,-125.83807,-30.42595,0.0,0.0
34381.16,-126.082275,-30.937227,0.0,0.0
34402.137,-126.326355,-31.448555,0.0,0.0
34423.113,-126.57056,-31.959835,0.0,0.0
34444.09,-126.81476,-32.471165,0.0,0.0
34465.066,-127.05884,-32.98244,0.0,0.0
34486.047,-127.30304,-33.49387,0.0,0.0
34507.023,-127.54724,-34.005146,0.0,0.0
34528.0,-127.79144,-34.516476,0.0,0.0
34548.977,-128.03558,-35.027756,0.0,0.0
34569.953,-128.27979,-35.53908,0.0,0.0
34590.93,-128.52399,-36.05036,0.0,0.0
34611.906,-128.76807,-36.56169,0.0,0.0
34632.883,-129.01227,-37.07297,0.0,0.0
34653.86,-129.25641,-37.584297,0.0,0.0
34674.836,-129.50055,-38.095577,0.0,0.0
34695.812,-129.74469,-38.606907,0.0,0.0
34716.79,-129.98895,-39.118183,0.0,0.0
34737.77,-130.23315,-39.629612,0.0,0.0
34758.746,-130.47736,-40.14089,0.0,0.0
34779.723,-130.72156,-40.652218,0.0,0.0
34800.7,-130.9657,-41.163498,0.0,0.0
34821.676,-131.20984,-41.674824,0.0,0.0
34842.652,-131.45398,-42.186104,0.0,0.0
34863.63,-131.69812,-42.697433,0.0,0.0
34884.605,-131.94226,-43.208714,0.0,0.0
34905.582,-132.18646,-43.72004,0.0,0.0
34926.56,-132.43066,-44.23132,0.0,0.0
34947.535,-132.6748,-44.74265,0.0,0.0
34968.516,-132.91907,-45.254025,0.0,0.0
34989.492,-133.16327,-45.765305,0.0,0.0
35010.47,-133.40735,-46.27663,0.0,0.0
35031.445,-133.65149,-46.78796,0.0,0.0
35052.42,-133.89569,-47.29924,0.0,0.0
35073.4,-134.13983,-47.81052,0.0,0.0
35094.375,-134.38403,-48.321846,0.0,0.0
35115.35,-134.62823,-48.833176,0.0,0.0
35136.33,-134.87238,-49.344456,0.0,0.0
35157.305,-135.11652,-49.855732,0.0,0.0
35178.28,-135.36072,-50.36706,0.0,0.0
35199.26,-135.60492,-50.878437,0.0,0.0
35220.24,-135.84906,-51.389767,0.0,0.0
35241.215,-136.09326,-51.901047,0.0,0.0
35262.19,-136.3374,-52.412373,0.0,0.0
35283.168,-136.58154,-7.823078,0.0,0.0
35304.145,-136.82574,-7.6185455,0.0,0.0
35325.12,-137.06989,-7.414036,0.0,0.0
35346.098,-137.31409,-7.209503,0.0,0.0
35367.074,-137.55829,-7.0049896,0.0,0.0
35388.05,-137.80243,-6.800461,0.0,0.0
35409.027,-138.04657,-6.5959473,0.0,0.0
35430.008,-138.29077,-6.3913803,0.0,0.0
35450.984,-138.53497,-6.186863,0.0,0.0
35471.96,-138.77911,-5.982334,0.0,0.0
35492.938,-139.02332,-5.7778244,0.0,0.0
35513.914,-139.26746,-5.573292,0.0,0.0
35534.89,-139.5116,-5.393345,0.0,0.0
35555.867,-139.7558,-5.2910805,0.0,0.0
35576.844,-139.99994,-5.1888275,0.0,0.0
35597.82,-140.24414,-5.0865593,0.0,0.0
35618.797,-140.48834,-4.9843025,0.0,0.0
35639.773,-140.73248,-4.882038,0.0,0.0
35660.754,-140.97668,-4.7797623,0.0,0.0
35681.73,-141.22083,-4.677498,0.0,0.0
35702.707,-141.46497,-4.575241,0.0,0.0
35723.684,-141.70917,-4.472973,0.0,0.0
35744.66,-141.95337,-4.3707237,0.0,0.0
35765.637,-142.19751,-4.2684555,0.0,0.0
35786.613,-142.44171,-4.1661987,0.0,0.0
35807.59,-142.68585,-4.0639343,0.0,0.0
35828.566,-142.93,-3.9616776,0.0,0.0
35849.543,-143.1742,-3.8594131,0.0,0.0
35870.52,-143.41833,-3.7571564,0.0,0.0
35891.5,-143.66254,-3.654869,0.0,0.0
35912.477,-143.90674,-3.5526123,0.0,0.0
35933.453,-144.15088,-3.450348,0.0,0.0
35954.43,-144.39502,-3.3480911,0.0,0.0
35975.406,-144.63922,-3.2458267,0.0,0.0
35996.383,-144.88342,-3.14357,0.0,0.0
36017.36,-145.12762,-3.0413055,0.0,0.0
36038.336,-145.37177,-2.9390488,0.0,0.0
36059.312,-145.6159,-2.8367844,0.0,0.0
36080.29,-145.86005,-2.7345276,0.0,0.0
36101.266,-146.10419,-2.6322632,0.0,0.0
36122.246,-146.34845,-2.5299835,0.0,0.0
36143.223,-146.59265,-2.427719,0.0,0.0
36164.2,-146.83679,-2.32547,0.0,0.0
36185.176,-147.081,-2.2232056,0.0,0.0
36206.152,-147.32513,-2.1209412,0.0,0.0
36227.13,-147.56927,-2.0186768,0.0,0.0
36248.105,-147.81342,-1.91642,0.0,0.0
36269.082,-148.05762,-1.8141556,0.0,0.0
36290.06,-148.30176,-1.7118988,0.0,0.0
36311.035,-148.54596,-1.6096344,0.0,0.0
36332.01,-148.79016,-1.5073853,0.0,0.0
36352.99,-149.03424,-1.4051132,0.0,0.0
36373.97,-149.2785,-1.3028336,0.0,0.0
36394.945,-149.5227,-1.2005692,0.0,0.0
36415.92,-149.76685,-1.09832,0.0,0.0
36436.9,-150.01099,-0.996048,0.0,0.0
36457.875,-150.25519,-0.8937988,0.0,0.0
36478.85,-150.49933,-0.7915344,0.0,0.0
36499.83,-150.74347,-0.68927765,0.0,0.0
36520.805,-150.98767,-0.5870056,0.0,0.0
36541.78,-151.23181,-0.48474884,0.0,0.0
36562.758,-151.47601,-0.38248444,0.0,0.0
36583.734,-151.72021,-0.28022766,0.0,0.0
36604.715,-151.96436,-0.177948,0.0,0.0
36625.69,-152.20856,-0.07569122,0.0,0.0
36646.668,-152.4527,0.026573181,0.0,0.0
36667.645,-152.6969,0.12882996,0.0,0.0
36688.62,-152.9411,0.23110199,0.0,0.0
36709.598,-153.18524,0.33335114,0.0,0.0
36730.574,-153.42938,0.43561554,0.0,0.0
36751.55,-153.67352,0.5378723,0.0,0.0
36772.527,-153.91772,0.6401367,0.0,0.0
36793.504,-154.16187,0.7423935,0.0,0.0
36814.48,-154.40607,0.8446579,0.0,0.0
36835.46,-154.65033,0.94693756,0.0,0.0
36856.438,-154.89447,1.049202,0.0,0.0
36877.414,-155.13861,1.1306,0.0,0.0
36898.39,-155.38275,1.1305923,0.0,0.0
36919.367,-155.62689,1.1305923,0.0,0.0
36940.344,-155.8711,1.1305923,0.0,0.0
36961.32,-156.1153,1.1305923,0.0,0.0
36982.297,-156.35944,1.1305923,0.0,0.0
37003.273,-156.60364,1.1306,0.0,0.0
37024.25,-156.84778,1.1306,0.0,0.0
37045.227,-157.09192,1.1305923,0.0,0.0
37066.207,-157.33618,1.1305923,0.0,0.0
37087.184,-157.58032,1.1305923,0.0,0.0
37108.16,-157.82446,1.1305923,0.0,0.0
37129.137,-158.06866,1.1305923,0.0,0.0
37150.113,-158.3128,1.1306,0.0,0.0
37171.09,-158.55695,1.1306,0.0,0.0
37192.066,-158.80115,1.1306,0.0,0.0
37213.043,-159.04535,1.1305923,0.0,0.0
37234.02,-159.28949,1.1305923,0.0,0.0
37254.996,-159.53369,1.1305923,0.0,0.0
37275.973,-159.77783,1.1305923,0.0,0.0
37296.953,-160.02203,1.1305923,0.0,0.0
37317.93,-160.26617,1.1306,0.0,0.0
37338.906,-160.51038,1.1306,0.0,0.0
37359.883,-160.75458,1.1305923,0.0,0.0
37380.86,-160.99872,1.1305923,0.0,0.0
37401.836,-161.24286,1.1305923,0.0,0.0
37422.812,-161.48706,1.1305923,0.0,0.0
37443.79,-161.7312,1.1305923,0.0,0.0
37464.766,-161.97534,1.1306,0.0,0.0
37485.742,-162.21954,1.1306,0.0,0.0
37506.72,-162.46375,1.1305923,0.0,0.0
37527.7,-162.70795,1.1305923,0.0,0.0
37548.676,-162.95209,1.1305923,0.0,0.0
37569.652,-163.19623,1.1305923,0.0,0.0
37590.63,-163.44043,1.1305923,0.0,0.0
37611.605,-163.68463,1.1305923,0.0,0.0
37632.582,-163.92877,1.1306,0.0,0.0
37653.56,-164.17297,1.1306,0.0,0.0
37674.535,-164.41711,1.1305923,0.0,0.0
37695.51,-164.66125,1.1305923,0.0,0.0
37716.49,-164.9054,1.1305923,0.0,0.0
37737.465,-165.1496,1.1305923,0.0,0.0
37758.44,-165.39374,1.1306,0.0,0.0
37779.42,-165.638,1.1306,0.0,0.0
37800.4,-165.88214,1.1305847,0.0,0.0
37821.375,-166.12628,1.1305847,0.0,0.0
37842.35,-166.37048,1.1306,0.0,0.0
37863.33,-166.61469,1.1306,0.0,0.0
37884.305,-166.85883,1.1306,0.0,0.0
37905.28,-167.10297,1.1306,0.0,0.0
37926.258,-167.34717,1.1305847,0.0,0.0
37947.234,-167.59131,1.1305847,0.0,0.0
37968.21,-167.83545,1.1306,0.0,0.0
37989.188,-168.07965,1.1306,0.0,0.0
38010.168,-168.32385,1.1305847,0.0,0.0
38031.145,-168.56805,1.1306,0.0,0.0
38052.12,-168.81226,1.1306,0.0,0.0
38073.098,-169.05634,1.1305847,0.0,0.0
38094.074,-169.30054,1.1306,0.0,0.0
38115.05,-169.54468,1.1306,0.0,0.0
38136.027,-169.78882,1.1305847,0.0,0.0
38157.004,-170.03302,1.1305847,0.0,0.0
38177.98,-170.27722,1.1306,0.0,0.0
38198.957,-170.52136,1.1306,0.0,0.0
38219.934,-170.7655,1.1134644,0.0,0.0
38240.914,-171.00977,1.0111847,0.0,0.0
38261.89,-171.2539,0.908905,0.0,0.0
38282.867,-171.49811,0.8066559,0.0,0.0
38303.844,-171.74225,0.7043915,0.0,0.0
38324.82,-171.98645,0.60214233,0.0,0.0
38345.797,-172.23059,0.49987793,0.0,0.0
38366.773,-172.47473,0.39761353,0.0,0.0
38387.75,-172.71887,0.29534912,0.0,0.0
38408.727,-172.96307,0.19308472,0.0,0.0
38429.703,-173.20728,0.09083557,0.0,0.0
38450.68,-173.45142,-0.011428833,0.0,0.0
38471.66,-173.69562,-0.113723755,0.0,0.0
38492.637,-173.93976,-0.21595764,0.0,0.0
38513.613,-174.18396,-0.3182373,0.0,0.0
38534.59,-174.4281,-0.4205017,0.0,0.0
38555.566,-174.6723,-0.52275085,0.0,0.0
38576.543,-174.91644,-0.62501526,0.0,0.0
38597.52,-175.16064,-0.72727966,0.0,0.0
38618.496,-175.40479,-0.82954407,0.0,0.0
38639.473,-175.64893,-0.9317932,0.0,0.0
38660.45,-175.89313,-1.0340576,0.0,0.0
38681.426,-176.13733,-1.136322,0.0,0.0
38702.406,-176.38153,-1.2385864,0.0,0.0
38723.383,-176.62573,-1.3408661,0.0,0.0
38744.36,-176.86981,-1.4431305,0.0,0.0
38765.336,-177.11401,-1.5453796,0.0,0.0
38786.312,-177.35815,-1.647644,0.0,0.0
38807.29,-177.60236,-1.7498932,0.0,0.0
38828.266,-177.84656,-1.8521576,0.0,0.0
38849.242,-178.0907,-1.9544373,0.0,0.0
38870.22,-178.3349,-2.0566864,0.0,0.0
38891.195,-178.57898,-2.1589508,0.0,0.0
38912.17,-178.82318,-2.2612,0.0,0.0
38933.152,-179.06738,-2.3634949,0.0,0.0
38954.13,-179.31158,-2.4657593,0.0,0.0
38975.105,-179.55573,-2.5680084,0.0,0.0
38996.082,-179.79993,-2.6702728,0.0,0.0
39017.06,-180.04407,-2.772522,0.0,0.0
39038.035,-180.28821,-2.8747864,0.0,0.0
39059.01,-180.53241,-2.977066,0.0,0.0
39079.99,-180.77655,-3.0793152,0.0,0.0
39100.965,-181.02075,-3.1815796,0.0,0.0
39121.94,-181.2649,-3.2838287,0.0,0.0
39142.918,-181.5091,-3.3860931,0.0,0.0
39163.9,-181.7533,-3.4883728,0.0,0.0
39184.875,-181.99744,-3.5906372,0.0,0.0
39205.85,-182.24164,-3.6929016,0.0,0.0
39226.83,-182.48578,-3.7951508,0.0,0.0
39247.805,-182.72998,-3.8974152,0.0,0.0
39268.78,-182.97412,-3.9996948,0.0,0.0
39289.758,-183.21826,-4.1019287,0.0,0.0
39310.734,-183.4624,-4.2042084,0.0,0.0
39331.71,-183.7066,-4.3064575,0.0,0.0
39352.688,-183.9508,-4.408722,0.0,0.0
39373.664,-184.195,-4.510971,0.0,0.0
39394.64,-184.43915,-4.6132507,0.0,0.0
39415.62,-184.68329,-4.7155304,0.0,0.0
39436.598,-184.92749,-4.8177795,0.0,0.0
39457.574,-185.17169,-4.920044,0.0,0.0
39478.55,-185.41583,-5.0223083,0.0,0.0
39499.527,-185.66003,-5.1245575,0.0,0.0
39520.504,-185.90417,-5.226837,0.0,0.0
39541.48,-186.14838,-5.3290863,0.0,0.0
39562.457,-186.39252,-5.4447937,0.0,0.0
39583.434,-186.63666,-5.6493073,0.0,0.0
39604.41,-186.8808,-5.853821,0.0,0.0
39625.387,-187.125,-6.0583344,0.0,0.0
39646.367,-187.36926,-6.2628937,0.0,0.0
39667.344,-187.61334,-6.4674377,0.0,0.0
39688.32,-187.85754,-6.6719513,0.0,0.0
39709.297,-188.10168,-6.876465,0.0,0.0
39730.273,-188.34589,-7.0809784,0.0,0.0
39751.25,-188.59009,-7.285507,0.0,0.0
39772.227,-188.83423,-7.4900513,0.0,0.0
39793.203,-189.07837,-7.694565,0.0,0.0
39814.18,-189.32257,-7.8990784,0.0,0.0
39835.156,-189.56671,-8.103592,0.0,0.0
39856.133,-189.81085,-8.308136,0.0,0.0
39877.113,-190.05511,-8.51268,0.0,0.0
39898.09,-190.29926,-8.717194,0.0,0.0
39919.066,-190.54346,-8.921722,0.0,0.0
39940.043,-190.7876,-9.126236,0.0,0.0
39961.02,-191.03174,-9.330765,0.0,0.0
39981.996,-191.27594,-9.535278,0.0,0.0
40002.973,-191.52008,-9.739807,0.0,0.0
40023.95,-191.76428,-9.944321,0.0,0.0
40044.926,-192.00848,-10.1488495,0.0,0.0
40065.902,-192.25262,-10.353363,0.0,0.0
40086.88,-192.49677,-10.557892,0.0,0.0
40107.86,-192.74097,-10.762436,0.0,0.0
40128.836,-192.98517,-10.96698,0.0,0.0
40149.812,-193.22931,-11.171494,0.0,0.0
40170.79,-193.47351,-11.376022,0.0,0.0
40191.766,-193.71765,-11.580536,0.0,0.0
40212.742,-193.96185,-11.785065,0.0,0.0
40233.72,-194.206,-11.989563,0.0,0.0
40254.695,-194.45013,-12.194107,0.0,0.0
40275.67,-194.69434,-12.398621,0.0,0.0
40296.65,-194.93848,-12.603149,0.0,0.0
40317.625,-195.18268,-12.807663,0.0,0.0
40338.605,-195.42682,-13.012238,0.0,0.0
40359.582,-195.67102,-13.216751,0.0,0.0
40380.56,-195.91522,-13.42128,0.0,0.0
40401.535,-196.15936,-13.625793,0.0,0.0
40422.51,-196.40356,-13.830307,0.0,0.0
40443.49,-196.6477,-14.034821,0.0,0.0
40464.465,-196.8919,-14.239365,0.0,0.0
40485.44,-197.13605,-14.443878,0.0,0.0
40506.418,-197.38019,-14.648407,0.0,0.0
40527.395,-197.62433,-14.852921,0.0,0.0
40548.37,-197.86853,-15.057434,0.0,0.0
40569.35,-198.1128,-15.261993,0.0,0.0
40590.33,-198.35693,-15.466537,0.0,0.0
40611.305,-198.60107,-15.671051,0.0,0.0
40632.28,-198.84521,-15.875565,0.0,0.0
40653.258,-199.08942,-16.080078,0.0,0.0
40674.234,-199.33362,-16.284622,0.0,0.0
40695.21,-199.57776,-16.48912,0.0,0.0
40716.188,-199.82196,-16.693665,0.0,0.0
40737.164,-200.0661,-16.898178,0.0,0.0
40758.14,-200.31024,-17.102692,0.0,0.0
40779.117,-200.55444,-17.307205,0.0,0.0
40800.098,-200.79865,-17.51178,0.0,0.0
40821.074,-201.04279,-17.716293,0.0,0.0
40842.05,-201.28699,-17.920822,0.0,0.0
40863.027,-201.53119,-18.125336,0.0,0.0
40884.004,-201.77527,-18.329865,0.0,0.0
40904.98,-202.01947,-18.538269,0.0,0.0
40925.957,-202.26361,-18.783722,0.0,0.0
40946.934,-202.50781,-19.029114,0.0,0.0
40967.91,-202.75201,-19.274551,0.0,0.0
40988.887,-202.99615,-19.519974,0.0,0.0
41009.863,-203.2403,-19.765411,0.0,0.0
41030.84,-203.4845,-20.010834,0.0,0.0
41051.82,-203.7287,-20.256302,0.0,0.0
41072.797,-203.97284,-20.501724,0.0,0.0
41093.773,-204.21704,-20.747162,0.0,0.0
41114.75,-204.46118,-20.992584,0.0,0.0
41135.727,-204.70538,-21.238007,0.0,0.0
41156.703,-204.94952,-21.483429,0.0,0.0
41177.68,-205.19366,-21.728867,0.0,0.0
41198.656,-205.43787,-21.974289,0.0,0.0
41219.633,-205.682,-22.219696,0.0,0.0
41240.61,-205.92621,-22.465118,0.0,0.0
41261.586,-206.17035,-22.710571,0.0,0.0
41282.566,-206.41455,-22.95604,0.0,0.0
41303.543,-206.65875,-23.201477,0.0,0.0
41324.52,-206.9029,-23.446869,0.0,0.0
41345.496,-207.1471,-23.692307,0.0,0.0
41366.473,-207.39124,-23.937729,0.0,0.0
41387.45,-207.63544,-24.183182,0.0,0.0
41408.426,-207.87964,-24.428574,0.0,0.0
41429.402,-208.12372,-24.674011,0.0,0.0
41450.38,-208.36792,-24.919434,0.0,0.0
41471.355,-208.61206,-25.164886,0.0,0.0
41492.332,-208.85626,-25.410309,0.0,0.0
41513.312,-209.10052,-25.655762,0.0,0.0
41534.29,-209.34467,-25.901184,-1.7588501,0.0
41555.266,-209.58875,-26.146637,-3.628296,0.0
41576.242,-209.83295,-26.39206,-5.4977417,0.0
41597.22,-210.07715,-26.637451,-7.3671265,0.0
41618.195,-210.32129,-26.882874,-9.236572,0.0
41639.17,-210.56549,-27.128326,-11.106018,0.0
41660.15,-210.80963,-27.373749,-12.975464,0.0
41681.125,-211.05383,-27.619171,-14.844849,0.0
41702.1,-211.29797,-27.864594,-16.714294,0.0
41723.08,-211.54211,-28.110016,-18.58374,0.0
41744.06,-211.78632,-28.3555,-20.453491,0.0
41765.035,-212.03052,-28.600952,-22.322937,0.0
41786.01,-212.27472,-28.846344,-24.192383,0.0
41806.99,-212.5188,-29.091766,-26.061829,0.0
41827.965,-212.763,-29.337189,-27.931274,0.0
41848.94,-213.00714,-29.582642,-29.80072,0.0
41869.918,-213.25134,-29.828033,-31.670105,0.0
41890.895,-213.49554,-30.073486,-33.53955,0.0
41911.87,-213.73969,-30.318909,-35.408997,0.0
41932.848,-213.98383,-30.564331,-37.278442,0.0
41953.824,-214.22803,-30.809753,-39.147827,0.0
41974.805,-214.47223,-31.055206,-41.01758,0.0
41995.78,-214.71643,-31.300629,-42.886963,0.0
42016.758,-214.96063,-31.546082,-44.75641,0.0
42037.734,-215.20471,-31.791504,-46.625854,0.0
42058.71,-215.44897,-32.036896,-48.4953,0.0
42079.688,-215.69312,-32.28235,-50.364746,0.0
42100.664,-215.9372,-32.5278,-52.23419,0.0
42121.64,-216.18146,-32.773193,-54.103638,0.0
42142.617,-216.42554,-33.018616,-55.973083,0.0
42163.594,-216.66968,-33.264038,-57.84247,0.0
42184.57,-216.91394,-33.50949,-59.711914,0.0
42205.55,-217.15814,-33.754944,-61.581665,0.0
42226.527,-217.40228,-34.000366,-63.45111,0.0
42247.504,-217.64648,-34.24579,-65.32056,0.0
42268.48,-217.89062,-34.49121,-67.18994,0.0
42289.457,-218.13477,-34.736664,-69.05939,0.0
42310.434,-218.37903,-34.982086,-70.92883,0.0
42331.41,-218.62317,-35.227478,-72.79828,0.0
42352.387,-218.86725,-35.4729,-74.667725,0.0
42373.363,-219.11145,-35.718353,-76.53717,0.0
42394.34,-219.35559,-35.963776,-78.40662,0.0
42415.316,-219.59973,-36.20923,-80.27606,0.0
42436.297,-219.84406,-36.45465,-82.14581,0.0
42457.273,-220.0882,-36.700104,-84.01526,0.0
42478.25,-220.33228,-36.945526,-85.88464,0.0
42499.227,-220.57654,-37.19098,-87.75403,0.0
42520.203,-220.82068,-37.43637,-89.623474,0.0
42541.18,-221.06476,-37.681793,-91.49292,0.0
42562.156,-221.30902,-37.927216,-93.362305,0.0
42583.133,-221.55316,-38.17267,-95.23175,0.0
42604.11,-221.7973,-38.41809,-97.1012,0.0
42625.086,-222.0415,-38.663513,-98.97064,0.0
42646.062,-222.28558,-38.908936,-100.84009,0.0
42667.04,-222.52985,-39.154358,-102.70953,0.0
42688.02,-222.77411,-39.39984,-104.579285,0.0
42708.996,-223.01825,-39.645264,-106.44873,0.0
42729.973,-223.26239,-39.890686,-108.31818,0.0
42750.95,-223.50659,-40.13611,-110.18762,0.0
42771.926,-223.75067,-40.38153,-112.05701,0.0
42792.902,-223.99493,-40.626953,-113.92645,0.0
42813.88,-224.23907,-40.872375,-115.79584,0.0
42834.855,-224.48322,-41.11783,-117.665344,0.0
42855.832,-224.72742,-41.36325,-119.53473,0.0
42876.81,-224.97156,-41.608673,-121.404236,0.0
42897.785,-225.2157,-41.854065,-123.27362,0.0
42918.766,-225.4599,-42.09955,-125.14343,0.0
42939.742,-225.70416,-42.34497,-127.01282,0.0
42960.72,-225.94824,-42.590424,-128.88232,0.0
42981.695,-226.1925,-42.835815,-130.75171,0.0
43002.67,-226.43665,-43.08127,-132.6211,0.0
43023.65,-226.68073,-43.32669,-134.4906,0.0
43044.625,-226.92499,-43.572144,-136.35992,0.0
43065.6,-227.16907,-43.817535,-138.22943,0.0
43086.58,-227.41321,-44.062958,-140.09882,0.0
43107.555,-227.65747,-44.30838,-141.9682,0.0
43128.53,-227.90161,-44.553833,-142.54236,0.0
43149.51,-228.14581,-44.799286,-142.79413,0.0
43170.49,-228.39001,-45.04471,-143.04584,0.0
43191.465,-228.63416,-45.29013,-143.29755,0.0
43212.44,-228.8783,-45.535583,-143.54932,0.0
43233.418,-229.12256,-45.781006,-143.80103,0.0
43254.395,-229.36664,-46.02643,-144.05273,0.0
43275.37,-229.61078,-46.27182,-144.30444,0.0
43296.348,-229.85498,-46.517273,-144.55615,0.0
43317.324,-230.09912,-46.762695,-144.80792,0.0
43338.3,-230.34338,-47.00815,-145.05963,0.0
43359.277,-230.58752,-47.25354,-145.31134,0.0
43380.258,-230.83173,-47.499023,-145.56311,0.0
43401.234,-231.07587,-47.744446,-145.81482,0.0
43422.21,-231.32007,-47.9899,-146.06653,0.0
43443.188,-231.56421,-48.23529,-146.3183,0.0
43464.164,-231.80841,-48.480713,-146.57,0.0
43485.14,-232.05255,-48.726135,-146.82172,0.0
43506.117,-232.29669,-48.97159,-147.07343,0.0
43527.094,-232.54095,-49.21701,-147.32513,0.0
43548.07,-232.7851,-49.462433,-147.5769,0.0
43569.047,-233.02917,-49.707855,-147.82855,0.0
43590.023,-233.27338,-49.953278,-148.08026,0.0
43611.004,-233.51764,-50.19876,-148.33203,0.0
43631.98,-233.76178,-50.444183,-148.58374,0.0
43652.957,-234.00592,-50.689606,-148.83545,0.0
43673.934,-234.25012,-50.935028,-149.08722,0.0
43694.91,-234.4942,-51.18045,-149.33893,0.0
43715.887,-234.73846,-51.425903,-149.59064,0.0
43736.863,-234.9826,-51.671295,-149.84235,0.0
43757.84,-235.22675,-51.916748,-150.09406,0.0
43778.816,-235.47095,-52.16217,-150.34583,0.0
43799.793,-235.71509,-52.407593,-150.59753,0.0
43820.77,-235.95923,-52.652985,-150.84924,0.0
43841.75,-236.20343,-52.8985,-151.10101,0.0
43862.727,-236.4477,-53.14389,-151.35272,0.0
43883.703,-236.69177,-53.389343,-151.60443,0.0
43904.68,-236.93604,-53.634735,-151.85614,0.0
43925.656,-237.18018,-53.880188,-152.10791,0.0
43946.633,-237.42432,-54.12561,-152.35962,0.0
43967.61,-237.66852,-54.371063,-152.61133,0.0
43988.586,-237.9126,-54.616486,-152.86304,0.0
44009.562,-238.15686,-54.861877,-153.11475,0.0
44030.54,-238.401,-55.1073,-153.36652,0.0
44051.516,-238.64514,-55.352753,-153.61823,0.0
44072.496,-238.88934,-55.598206,-153.87,0.0
44093.473,-239.13354,-55.843628,-154.1217,0.0
44114.45,-239.37769,-56.08905,-154.37335,0.0
44135.426,-239.62183,-56.334503,-154.62506,0.0
44156.402,-239.86609,-56.579926,-154.87683,0.0
44177.38,-240.11017,-56.825348,-155.12854,0.0
44198.355,-240.35443,-57.07074,-155.38025,0.0
44219.332,-240.59857,-57.316193,-155.63196,0.0
44240.31,-240.84265,-57.561615,-155.88367,0.0
44261.285,-241.08691,-57.807068,-156.13544,0.0
44282.26,-241.331,-58.05246,-156.38715,0.0
44303.24,-241.57513,-58.297913,-156.63885,0.0
44324.22,-241.8194,-58.543365,-156.89062,0.0
44345.195,-242.0636,-58.78882,-157.14233,0.0
44366.17,-242.30774,-59.03421,-157.39404,0.0
44387.15,-242.55194,-59.279633,-157.64581,0.0
44408.125,-242.79608,-59.525055,-157.89752,0.0
44429.1,-243.04022,-59.770508,-158.14923,0.0
44450.08,-243.28448,-60.01593,-158.40094,0.0
44471.055,-243.52863,-60.261322,-158.65265,0.0
44492.03,-243.7727,-60.506775,-158.90442,0.0
44513.008,-244.0169,-60.752197,-159.15613,0.0
44533.984,-244.26105,-60.99762,-159.40784,0.0
44554.965,-244.50531,-61.243073,-159.6596,0.0
44575.94,-244.74945,-61.488525,-159.91132,0.0
44596.918,-244.99365,-61.733948,-160.16302,0.0
44617.895,-245.2378,-61.97937,-160.4148,0.0
44638.87,-245.482,-62.224792,-160.66644,0.0
44659.848,-245.72614,-62.470215,-160.91815,0.0
44680.824,-245.97028,-62.715637,-161.16986,0.0
44701.8,-246.21448,-62.96109,-161.42157,0.0
44722.777,-246.45862,-63.206512,-161.67334,0.0
44743.754,-246.70288,-63.451904,-161.92505,0.0
44764.73,-246.94702,-63.697327,-162.17676,0.0
44785.71,-247.19116,-63.94284,-162.42853,0.0
44806.688,-247.4353,-64.18823,-162.68024,0.0
44827.664,-247.67957,-64.433685,-162.93195,0.0
44848.64,-247.9237,-64.67908,-163.18372,0.0
44869.617,-248.16785,-64.92453,-163.43542,0.0
44890.594,-248.41205,-65.16995,-163.68713,0.0
44911.57,-248.65613,-65.415405,-163.93884,0.0
44932.547,-248.90039,-65.6608,-164.19055,0.0
44953.523,-249.14453,-65.90622,-164.44232,0.0
44974.5,-249.38867,-66.15164,-164.69403,0.0
44995.477,-249.63287,-66.397095,-164.94574,0.0
45016.457,-249.87708,-66.64252,-165.19751,0.0
45037.434,-250.12122,-66.88797,-165.44922,0.0
45058.41,-250.36536,-67.13339,-165.70093,0.0
45079.387,-250.60962,-67.378845,-165.95264,0.0
45100.363,-250.8537,-67.62427,-166.2044,0.0
45121.34,-251.09796,-67.86966,-166.45612,0.0
45142.316,-251.3421,-68.11508,-166.70782,0.0
45163.293,-251.58618,-68.360535,-166.95947,0.0
45184.27,-251.83044,-68.60596,-167.21118,0.0
45205.246,-252.07452,-68.85138,-167.46295,0.0
45226.223,-252.31866,-69.0968,-167.71466,0.0
45247.203,-252.56293,-69.342285,-167.96643,0.0
45268.18,-252.80719,-69.58771,-168.21814,0.0
45289.156,-253.05127,-69.83316,-168.46985,0.0
45310.133,-253.29547,-70.07855,-168.72156,0.0
45331.11,-253.53961,-70.323975,-168.97333,0.0
45352.086,-253.78375,-70.5694,-169.22504,0.0
45373.062,-254.02802,-70.81485,-169.47675,0.0
45394.04,-254.27216,-71.06024,-169.72845,0.0
45415.016,-254.51636,-71.305695,-169.98016,0.0
45435.992,-254.7605,-71.55112,-170.23193,0.0
45456.97,-255.00458,-71.79654,-170.48364,0.0
45477.95,-255.24884,-72.04199,-170.73541,0.0
45498.926,-255.49304,-72.287445,-170.98712,0.0
45519.902,-255.73718,-72.53287,-171.23883,0.0
45540.88,-255.98132,-72.77829,-171.49054,0.0
45561.855,-256.22552,-73.02371,-171.74231,0.0
45582.832,-256.46967,-73.269135,-171.99402,0.0
45603.81,-256.7138,-73.51456,-172.24573,0.0
45624.785,-256.958,-73.76001,-172.49744,0.0
45645.76,-257.20215,-74.00543,-172.74915,0.0
45666.74,-257.4464,-74.250824,-173.00092,0.0
45687.715,-257.69055,-74.49625,-173.25262,0.0
45708.695,-257.9347,-74.74176,-173.50433,0.0
45729.67,-258.17883,-74.98718,-173.75604,0.0
45750.65,-258.4231,-75.232605,-174.00775,0.0
45771.625,-258.66724,-75.478,-174.25946,0.0
45792.6,-258.91138,-75.72345,-174.51123,0.0
45813.58,-259.15558,-75.96887,-174.76294,0.0
45834.555,-259.39966,-76.214325,-175.01465,0.0
45855.53,-259.64392,-76.45972,-175.26636,0.0
45876.508,-259.88806,-76.70514,-175.51807,0.0
45897.484,-260.1322,-76.95056,-175.76984,0.0
45918.46,-260.3764,-77.196014,-176.02155,0.0
45939.438,-260.62054,-77.44141,-176.27325,0.0
45960.418,-260.86475,-77.68689,-176.52502,0.0
45981.395,-261.1089,-77.93231,-176.77673,0.0
46002.37,-261.35315,-78.177765,-177.02844,0.0
46023.348,-261.59723,-78.42319,-177.28021,0.0
46044.324,-261.8415,-78.66861,-177.53192,0.0
46065.3,-262.08563,-78.914,-177.78363,0.0
46086.277,-262.32977,-79.159454,-178.03534,0.0
46107.254,-262.57397,-79.40488,-178.28705,0.0
46128.23,-262.81805,-79.6503,-178.53882,0.0
46149.207,-263.06232,-79.89572,-178.79053,0.0
46170.184,-263.30646,-80.141174,-179.04224,0.0
46191.164,-263.55072,-80.38663,-179.294,0.0
46212.14,-263.7948,-80.63208,-179.54572,0.0
46233.117,-264.039,-80.87747,-179.79736,0.0
46254.094,-264.28314,-81.122894,-180.04907,0.0
46275.07,-264.52728,-81.36832,-180.30084,0.0
46296.047,-264.77155,-81.61377,-180.55255,0.0
46317.023,-265.0157,-81.85916,-180.80426,0.0
46338.0,-265.2599,-82.104614,-181.05597,0.0
46358.977,-265.50403,-82.35004,-181.30768,0.0
46379.953,-265.7481,-82.59546,-181.55945,0.0
46400.93,-265.99237,-82.84088,-181.81116,0.0
46421.91,-266.23657,-83.086365,-182.06293,0.0
46442.887,-266.4807,-83.33179,-182.31464,0.0
46463.863,-266.72485,-83.57721,-182.56635,0.0
46484.84,-266.96912,-83.82263,-182.81805,0.0
46505.816,-267.2132,-84.068085,-183.06982,0.0
46526.793,-267.4574,-84.31348,-183.32153,0.0
46547.77,-267.70154,-84.55893,-183.57324,0.0
46568.746,-267.94568,-84.80432,-183.82495,0.0
46589.723,-268.18994,-85.04974,-184.07666,0.0
46610.7,-268.43408,-85.2952,-184.32843,0.0
46631.676,-268.67816,-85.54065,-184.58014,0.0
46652.656,-268.92236,-85.7861,-184.83191,0.0
46673.633,-269.16663,-86.031525,-185.08362,0.0
46694.61,-269.41077,-86.27692,-185.33533,0.0
46715.586,-269.6549,-86.52237,-185.58704,0.0
46736.562,-269.8991,-86.76776,-185.8388,0.0
46757.54,-270.14325,-87.013214,-186.09052,0.0
46778.516,-270.38745,-87.25867,-186.34216,0.0
46799.492,-270.6316,-87.50406,-186.59387,0.0
46820.47,-270.87573,-87.74948,-186.84558,0.0
46841.445,-271.11993,-87.994934,-187.09735,0.0
46862.42,-271.36407,-88.240326,-187.34906,0.0
46883.402,-271.60828,-88.48581,-187.60083,0.0
46904.38,-271.85242,-88.73126,-187.85254,0.0
46925.355,-272.09668,-88.976654,-188.10425,0.0
46946.332,-272.34076,-89.22211,-188.35596,0.0
46967.31,-272.58502,-89.4675,-188.60773,0.0
46988.285,-272.82916,-89.71295,-188.85944,0.0
47009.26,-273.0733,-89.95831,-189.11115,0.0
47030.24,-273.3175,-90.203766,-189.36285,0.0
47051.215,-273.56158,-90.44922,-189.61456,0.0
47072.19,-273.80585,-90.69467,-189.86633,0.0
47093.168,-274.05,-90.94006,-190.11804,0.0
47114.15,-274.29425,-91.18555,-190.36981,0.0
47135.125,-274.53833,-91.43094,-190.62152,0.0
47156.1,-274.7826,-91.67639,-190.87323,0.0
47177.08,-275.02667,-91.921844,-191.12494,0.0
47198.055,-275.2708,-92.167206,-191.37671,0.0
47219.03,-275.51508,-92.41266,-191.62842,0.0
47240.008,-275.75916,-92.65811,-191.88013,0.0
47260.984,-276.00342,-92.9035,-192.13184,0.0
47281.96,-276.24756,-93.14896,-192.38354,0.0
47302.938,-276.4917,-93.39435,-192.63525,0.0
47323.914,-276.7359,-93.63977,-192.887,0.0
47344.895,-276.9801,-93.885284,-193.13876,0.0
47365.87,-277.22424,-94.13074,-193.39047,0.0
47386.848,-277.46838,-94.37613,-193.64218,0.0
47407.824,-277.71265,-94.62155,-193.89386,0.0
47428.8,-277.95673,-94.86694,-194.1456,0.0
47449.777,-278.20093,-95.1124,-194.39734,0.0
47470.754,-278.44507,-95.35779,-194.64908,0.0
47491.73,-278.6892,-95.60324,-194.90076,0.0
47512.707,-278.93347,-95.848694,-195.15247,0.0
47533.684,-279.1776,-96.09412,-195.40417,0.0
47554.66,-279.4218,-96.33951,-195.65594,0.0
47575.637,-279.66595,-96.58496,-195.90762,0.0
47596.617,-279.91016,-96.830414,-196.1594,0.0
47617.594,-280.1543,-97.075836,-196.4111,0.0
47638.57,-280.39844,-97.32129,-196.66281,0.0
47659.547,-280.64264,-97.56668,-196.91452,0.0
47680.523,-280.88678,-97.81213,-197.16629,0.0
47701.5,-281.13098,-98.05759,-197.41803,0.0
47722.477,-281.37512,-98.30298,-197.66971,0.0
47743.453,-281.61926,-98.5484,-197.92145,0.0
47764.43,-281.86346,-98.79379,-198.17313,0.0
47785.406,-282.1076,-99.039246,-198.42493,0.0
47806.383,-282.35187,-99.2847,-198.67664,0.0
47827.363,-282.59595,-99.53018,-198.92844,0.0
47848.34,-282.8402,-99.77557,-199.18002,0.0
47869.316,-283.0843,-100.02103,-199.43173,0.0
47890.293,-283.32855,-100.26642,-199.68344,0.0
47911.27,-283.5727,-100.51187,-199.93521,0.0
47932.246,-283.81683,-100.75726,-200.18692,0.0
47953.223,-284.06104,-101.002686,-200.43863,0.0
47974.2,-284.30518,-101.24814,-200.69034,0.0
47995.176,-284.54938,-101.49359,-200.94208,0.0
48016.152,-284.79352,-101.73898,-201.19382,0.0
48037.13,-285.03766,-101.984436,-201.44556,0.0
48058.11,-285.28186,-102.22986,-201.69736,0.0
48079.086,-285.52612,-102.47531,-201.94904,0.0
48100.062,-285.7702,-102.720764,-202.20078,0.0
48121.04,-286.01434,-102.966125,-202.45248,0.0
48142.016,-286.2586,-103.21158,-202.70425,0.0
48162.992,-286.5027,-103.45703,-202.95596,0.0
48183.97,-286.74695,-103.70242,-203.20767,0.0
48204.945,-286.9911,-103.947876,-203.45938,0.0
48225.92,-287.23523,-104.19327,-203.71109,0.0
48246.9,-287.47943,-104.43872,-203.96286,0.0
48267.875,-287.7235,-104.68414,-204.21457,0.0
48288.855,-287.96777,-104.92966,-204.46631,0.0
48309.832,-288.2119,-105.17505,-204.71799,0.0
48330.81,-288.45618,-105.42047,-204.96973,0.0
48351.785,-288.70032,-105.66586,-205.2214,0.0
48372.76,-288.94446,-105.911316,-205.47314,0.0
48393.74,-289.1886,-106.15671,-205.72488,0.0
48414.715,-289.43274,-106.40216,-205.9766,0.0
48435.69,-289.677,-106.64761,-206.2283,0.0
48456.668,-289.92114,-106.893036,-206.48001,0.0
48477.645,-290.16528,-107.13843,-206.73178,0.0
48498.62,-290.40942,-107.38388,-206.98349,0.0
48519.6,-290.6537,-107.62933,-207.23523,0.0
48540.58,-290.89783,-107.874756,-207.48694,0.0
48561.555,-291.14197,-108.12021,-207.73865,0.0
48582.53,-291.3861,-108.3656,-207.99036,0.0
48603.508,-291.63025,-108.61105,-208.24203,0.0
48624.484,-291.8745,-108.85651,-208.49384,0.0
48645.46,-292.11865,-109.1019,-208.74551,0.0
48666.438,-292.3628,-109.34732,-208.99722,0.0
48687.414,-292.60706,-109.59271,-209.24893,0.0
48708.39,-292.8512,-109.838165,-209.50064,0.0
48729.367,-293.09534,-110.08362,-209.75241,0.0
48750.348,-293.33948,-110.3291,-210.00418,0.0
48771.324,-293.58374,-110.57449,-210.25592,0.0
48792.3,-293.82788,-110.81995,-210.50763,0.0
48813.277,-294.07214,-111.06534,-210.75934,0.0
48834.254,-294.31616,-111.31079,-211.01105,0.0
48855.23,-294.5603,-111.55618,-211.26282,0.0
48876.207,-294.80457,-111.801605,-211.51453,0.0
48897.184,-295.0487,-112.04706,-211.76627,0.0
48918.16,-295.29297,-112.29251,-212.01788,0.0
48939.137,-295.5371,-112.5379,-212.26956,0.0
48960.113,-295.78125,-112.783356,-212.52133,0.0
48981.094,-296.0254,-113.02881,-212.77313,0.0
49002.07,-296.26965,-113.27423,-213.02481,0.0
49023.047,-296.5138,-113.51965,-213.27655,0.0
49044.023,-296.75793,-113.765076,-213.52823,-1.006958
49065.0,-297.0022,-114.0105,-213.77997,-2.8764038
49085.977,-297.24622,-114.25598,-214.03174,-4.7457886
49106.953,-297.49048,-114.50134,-214.28345,-6.6152344
49127.93,-297.73462,-114.746826,-214.53516,-8.48468
49148.906,-297.97876,-114.99219,-214.7869,-10.354126
49169.883,-298.22302,-115.23761,-215.03857,-12.223572
49190.86,-298.46704,-115.48309,-215.29025,-14.093018
49211.836,-298.7113,-115.728455,-215.54205,-15.962463
49232.816,-298.95544,-115.97394,-215.79385,-17.832214
49253.793,-299.1997,-116.21936,-216.04544,-19.70166
49274.77,-299.44385,-116.46478,-216.29724,-21.571045
49295.746,-299.688,-116.710266,-216.54886,-23.44049
49316.723,-299.93213,-116.95569,-216.80072,-25.309937
49337.7,-300.17627,-117.20111,-217.05234,-27.179382
49358.676,-300.42053,-117.44653,-217.30414,-29.048767
49379.652,-300.66467,-117.691895,-217.55579,-30.918213
49400.63,-300.9088,-117.93738,-217.80756,-32.78766
49421.605,-301.15295,-118.18274,-218.05927,-34.657104
49442.582,-301.3971,-118.42822,-218.311,-36.52649
49463.562,-301.64136,-118.673706,-218.56277,-38.3963
49484.54,-301.8855,-118.91913,-218.81448,-40.265686
49505.516,-302.12976,-119.16455,-219.0662,-42.13513
49526.492,-302.37378,-119.40997,-219.3179,-44.004578
49547.47,-302.61804,-119.655334,-219.56967,-45.874023
49568.445,-302.86206,-119.90082,-219.82135,-47.74341
49589.42,-303.10645,-120.14624,-220.07309,-49.612854
49610.4,-303.3506,-120.39166,-220.32477,-51.4823
49631.375,-303.59473,-120.637085,-220.5765,-53.351746
49652.35,-303.83887,-120.88257,-220.82825,-55.22113
49673.33,-304.083,-121.12793,-221.08002,-57.090576
49694.31,-304.32715,-121.37341,-221.33182,-58.96039
49715.285,-304.57153,-121.618835,-221.5834,-60.829834
49736.26,-304.81555,-121.86426,-221.83511,-62.69928
49757.24,-305.05994,-122.10968,-222.08679,-64.568665
49778.215,-305.30383,-122.35516,-222.3385,-66.43811
49799.19,-305.5481,-122.600525,-222.59033,-68.307556
49820.168,-305.79224,-122.84601,-222.84204,-70.177
49841.145,-306.0365,-123.09137,-223.09375,-72.04639
49862.12,-306.28064,-123.33679,-223.3454,-73.91583
49883.098,-306.52478,-123.582214,-223.59717,-75.78528
49904.074,-306.76904,-123.82764,-223.84888,-77.654724
49925.055,-307.01318,-124.07318,-224.10059,-79.524475
49946.03,-307.2572,-124.3186,-224.35242,-81.39398
49967.008,-307.5016,-124.563965,-224.604,-83.26337
49987.984,-307.7456,-124.80945,-224.85583,-85.13281
50008.96,-312.63696,-127.27588,-225.10742,-87.0022
50029.938,-312.8839,-127.523865,-225.35938,-88.87158
50050.914,-313.13135,-127.77179,-225.61096,-90.74109
50071.89,-313.37842,-128.01978,-225.8628,-92.61047
50092.867,-313.6256,-128.2677,-226.11438,-94.47986
50113.844,-313.87292,-128.51562,-226.36621,-96.349365
50134.82,-314.12,-128.76355,-226.6178,-98.21875
50155.8,-314.3673,-129.0116,-226.86963,-100.08856
50176.777,-314.6145,-129.25946,-227.12134,-101.95801
50197.754,-314.86157,-129.50745,-227.37305,-103.82745
50218.73,-315.1089,-129.75537,-227.62476,-105.69684
50239.707,-315.35608,-130.00336,-227.87646,-107.566345
50260.684,-315.60327,-130.25128,-228.12817,-109.43573
50281.66,-315.8506,-130.4992,-228.38,-111.30524
50302.637,-316.09753,-130.74713,-228.63159,-113.17462
50323.613,-316.34473,-130.99512,-228.88342,-115.04401
50344.59,-316.59204,-131.2431,-229.13501,-116.91351
50365.566,-316.8391,-131.49097,-229.38684,-118.7829
50386.547,-317.08643,-131.73895,-229.63861,-120.65265
50407.523,-317.3335,-131.98694,-229.89026,-122.522095
50428.5,-317.5807,-132.23486,-230.14203,-124.39154
50449.477,-317.828,-132.48279,-230.39368,-126.26099
50470.453,-318.07495,-132.73077,-230.64539,-128.13043
50491.43,-318.3224,-132.9787,-230.89716,-129.99988
50512.406,-318.56946,-133.22668,-231.14893,-131.8692
50533.383,-318.81665,-133.47461,-231.40063,-133.73871
50554.36,-319.06384,-133.7226,-231.65234,-135.6081
50575.336,-319.31104,-133.97046,-231.90405,-137.40399
50596.312,-319.5581,-134.21844,-232.15576,-137.65576
50617.29,-319.80542,-134.46631,-232.40747,-137.90747
50638.27,-320.0526,-134.71436,-232.65924,-138.15924
50659.246,-320.29993,-134.96228,-232.91101,-138.41095
50680.223,-320.54712,-135.21027,-233.16266,-138.66266
50701.2,-320.7942,-135.45819,-233.41443,-138.91437
50722.176,-321.0415,-135.70618,-233.66614,-139.16614
50743.152,-321.28857,-135.95404,-233.91791,-139.41785
50764.13,-321.53577,-136.20203,-234.16956,-139.66956
50785.105,-321.78308,-136.44995,-234.4212,-139.92126
50806.082,-322.03015,-136.69788,-234.67297,-140.17297
50827.06,-322.27734,-136.9458,-234.92468,-140.42474
50848.035,-322.52454,-137.19379,-235.17639,-140.67645
50869.016,-322.77173,-137.44177,-235.42822,-140.92822
50889.992,-323.01892,-137.68976,-235.67987,-141.17993
50910.97,-323.26624,-137.93762,-235.93164,-141.43164
50931.945,-323.51343,-138.18561,-236.18329,-141.68335
50952.92,-323.7605,-138.43353,-236.43506,-141.93506
50973.9,-324.0077,-138.68146,-236.68677,-142.18683
50994.875,-324.25488,-138.92938,-236.93854,-142.43854
51015.85,-324.50208,-139.17737,-237.19019,-142.69025
51036.83,-324.74927,-139.4253,-237.44196,-142.9419
51057.805,-324.99646,-139.67328,-237.6936,-143.1936
51078.78,-325.24377,-139.92114,-237.94543,-143.44537
51099.76,-325.49084,-140.16919,-238.19727,-143.69714
51120.74,-325.73816,-140.41711,-238.44885,-143.94885
51141.715,-325.9851,-140.6651,-238.70062,-144.20056
51162.69,-326.23254,-140.91302,-238.95227,-144.45227
51183.668,-326.4796,-141.16095,-239.20404,-144.70398
51204.645,-326.7268,-141.40887,-239.45569,-144.95575
51225.62,-326.974,-141.65686,-239.70752,-145.20746
51246.598,-327.2212,-141.90479,-239.95917,-145.45917
51267.574,-327.46826,-142.15271,-240.21094,-145.71088
51288.55,-327.71558,-142.4007,-240.46259,-145.96259
51309.527,-327.96277,-142.64862,-240.7143,-146.21436
51330.508,-328.21008,-142.8966,-240.96606,-146.46613
51351.484,-328.45728,-143.14459,-241.2179,-146.71783
51372.46,-328.70435,-143.39246,-241.46948,-146.96954
51393.438,-328.95166,-143.64044,-241.72131,-147.22125
51414.414,-329.19873,-143.88843,-241.9729,-147.47296
51435.39,-329.44592,-144.13629,-242.22473,-147.72473
51456.367,-329.69324,-144.38428,-242.47638,-147.97644
51477.344,-329.9403,-144.6322,-242.72815,-148.22815
51498.32,-330.1875,-144.88019,-242.9798,-148.47986
51519.297,-330.4348,-145.12811,-243.23157,-148.73157
51540.273,-330.6819,-145.37604,-243.48328,-148.98334
51561.254,-330.92908,-145.62402,-243.7351,-149.2351
51582.23,-331.17627,-145.87201,-243.98682,-149.48676
51603.207,-331.42358,-146.11987,-244.23853,-149.73846
51624.184,-331.67065,-146.36786,-244.49023,-149.99017
51645.16,-331.91785,-146.61578,-244.74194,-150.24188
51666.137,-332.16504,-146.86377,-244.99371,-150.49365
51687.113,-332.41223,-147.1117,-245.24536,-150.74536
51708.09,-332.65942,-147.35962,-245.49713,-150.99707
51729.066,-332.90662,-147.60754,-245.74878,-151.24878
51750.043,-333.1538,-147.85553,-246.00055,-151.50049
51771.02,-333.401,-148.10345,-246.25226,-151.75226
51792.0,-333.64832,-148.35144,-246.50403,-152.00403
51812.977,-333.8954,-148.59937,-246.75586,-152.25574
51833.953,-334.1427,-148.84735,-247.00745,-152.50745
51854.93,-334.38977,-149.09528,-247.25916,-152.75916
51875.906,-334.63696,-149.3432,-247.51086,-153.01086
51896.883,-334.88416,-149.59113,-247.76257,-153.26263
51917.86,-335.13135,-149.83911,-248.01434,-153.51434
51938.836,-335.37854,-150.08704,-248.26599,-153.76605
51959.812,-335.62573,-150.33502,-248.51776,-154.01776
51980.79,-335.87292,-150.58295,-248.76941,-154.26947
52001.766,-336.12012,-150.83087,-249.02124,-154.52124
52022.746,-336.3673,-151.07886,-249.27295,-154.77295
52043.723,-336.6145,-151.32684,-249.52466,-155.02472
52064.7,-336.8617,-151.5747,-249.77643,-155.27643
52085.676,-337.1089,-151.8227,-250.02808,-155.52814
52106.652,-337.35608,-152.07062,-250.2799,-155.77979
52127.63,-337.60327,-152.3186,-250.5315,-156.0315
52148.605,-337.85046,-152.56653,-250.78333,-156.28326
52169.582,-338.09766,-152.81445,-251.03497,-156.53497
52190.56,-338.34485,-153.06244,-251.28674,-156.78668
52211.535,-338.59204,-153.31036,-251.53839,-157.03839
52232.51,-338.83923,-153.55829,-251.79016,-157.2901
52253.49,-339.08643,-153.80621,-252.04187,-157.54187
52274.47,-339.33374,-154.0542,-252.29364,-157.79364
52295.445,-339.5808,-154.30219,-252.54541,-158.04535
52316.42,-339.828,-154.55011,-252.79706,-158.29706
52337.4,-340.0752,-154.79803,-253.04883,-158.54877
52358.375,-340.3224,-155.04596,-253.30048,-158.80048
52379.35,-340.56958,-155.29395,-253.55219,-159.05225
52400.33,-340.81677,-155.54187,-253.80396,-159.30396
52421.305,-341.06396,-155.7898,-254.0556,-159.55566
52442.28,-341.31116,-156.03778,-254.30737,-159.80737
52463.258,-341.55835,-156.2857,-254.55902,-160.05908
52484.234,-341.80554,-156.53369,-254.81091,-160.31085
52505.215,-342.05273,-156.78162,-255.06262,-160.56262
52526.19,-342.29993,-157.0296,-255.31427,-160.81433
52547.168,-342.54712,-157.27753,-255.56604,-161.06604
52568.145,-342.7943,-157.52551,-255.81769,-161.31775
52589.12,-343.0415,-157.77344,-256.06946,-161.56946
52610.098,-343.2887,-158.02136,-256.32117,-161.82123
52631.074,-343.5359,-158.26929,-256.57294,-162.07294
52652.05,-343.78308,-158.51727,-256.8246,-162.32458
52673.027,-344.03027,-158.76514,-257.07635,-162.5763
52694.004,-344.27747,-159.01312,-257.328,-162.828
52714.98,-344.52466,-159.26105,-257.57983,-163.07977
52735.96,-344.77185,-159.5091,-257.8316,-163.33154
52756.938,-345.01904,-159.75702,-258.08325,-163.58325
52777.914,-345.26624,-160.005,-258.33502,-163.83496
52798.89,-345.51343,-160.25287,-258.58667,-164.08667
52819.867,-345.76062,-160.50085,-258.83844,-164.33838
52840.844,-346.0078,-160.74878,-259.09015,-164.59015
52861.82,-346.255,-160.9967,-259.34192,-164.84186
52882.797,-346.50208,-161.24463,-259.59357,-165.09357
52903.773,-346.7494,-161.49261,-259.84534,-165.34528
52924.75,-346.99658,-161.74054,-260.097,-165.59698
52945.727,-347.24377,-161.98853,-260.3487,-165.84875
52966.707,-347.49097,-162.23645,-260.60046,-166.10052
52987.684,-347.73816,-162.48444,-260.85223,-166.35223
53008.66,-347.98535,-162.73236,-261.10388,-166.60394
53029.637,-348.23254,-162.98029,-261.3556,-166.85565
53050.613,-348.47974,-163.22821,-261.6073,-167.10736
53071.59,-348.72693,-163.4762,-261.8592,-167.35913
53092.566,-348.97412,-163.72412,-262.11078,-167.61084
53113.543,-349.2213,-163.9721,-262.3626,-167.86255
53134.52,-349.4685,-164.21997,-262.6142,-168.11426
53155.496,-349.7157,-164.46796,-262.86603,-168.36597
53176.473,-349.9629,-164.71594,-263.11768,-168.61768
53197.453,-350.21008,-164.96393,-263.36932,-168.86938
53218.43,-350.45728,-165.21179,-263.62122,-169.12115
53239.406,-350.70447,-165.45978,-263.8728,-169.37286
53260.383,-350.95166,-165.7077,-264.12463,-169.62457
53281.36,-351.19885,-165.95569,-264.37622,-169.87628
53302.336,-351.44604,-166.20361,-264.62805,-170.12799
53323.312,-351.6931,-166.45154,-264.8797,-170.37976
53344.29,-351.94043,-166.69952,-265.13153,-170.63147
53365.266,-352.18762,-166.94745,-265.38324,-170.88318
53386.242,-352.4347,-167.19543,-265.63495,-171.13489
53407.22,-352.682,-167.44336,-265.88666,-171.3866
53428.2,-352.9292,-167.69135,-266.13843,-171.63837
53449.176,-353.1764,-167.93927,-266.39008,-171.89014
53470.152,-353.42358,-168.18726,-266.64185,-172.14185
53491.13,-353.67078,-168.43512,-266.89343,-172.39355
53512.105,-353.91797,-168.6831,-267.14526,-172.64526
53533.082,-354.16516,-168.93103,-267.39685,-172.89697
53554.06,-354.41223,-169.17902,-267.64874,-173.14874
53575.035,-354.65955,-169.42694,-267.90033,-173.40045
53596.01,-354.90674,-169.67487,-268.15216,-173.65216
53616.99,-355.15393,-169.92279,-268.40375,-173.90387
53637.965,-355.40112,-170.17078,-268.65558,-174.15558
53658.945,-355.64832,-170.4187,-268.90735,-174.40735
53679.92,-355.8955,-170.66669,-269.15906,-174.65912
53700.9,-356.1427,-170.91461,-269.41083,-174.91083
53721.875,-356.3899,-171.1626,-269.66248,-175.16248
53742.85,-356.6371,-171.41052,-269.91425,-175.41418
53763.83,-356.88416,-171.65845,-270.1659,-175.6659
53784.805,-357.13147,-171.90637,-270.41766,-175.91766
53805.78,-357.37866,-172.15436,-270.66943,-176.16937
53826.758,-357.62573,-172.40222,-270.92108,-176.42108
53847.734,-357.87305,-172.6502,-271.1728,-176.67279
53868.71,-358.12024,-172.89813,-271.4245,-176.9245
53889.688,-358.36743,-173.14612,-271.67627,-177.17627
53910.668,-358.61462,-173.3941,-271.92804,-177.42804
53931.645,-358.86182,-173.64203,-272.17987,-177.67975
53952.62,-359.109,-173.88995,-272.43146,-177.93146
53973.598,-359.3562,-174.13794,-272.68323,-178.18317
53994.574,-359.60327,-174.38586,-272.93488,-178.43488
54015.55,-359.8506,-174.63385,-273.18665,-178.68665
54036.527,-360.09778,-174.88171,-273.43835,-178.93835
54057.504,-360.34485,-175.1297,-273.69006,-179.19006
54078.48,-360.59216,-175.37769,-273.9417,-179.44177
54099.457,-360.83923,-175.62561,-274.19348,-179.69348
54120.434,-361.08655,-175.87354,-274.4452,-179.94525
54141.414,-361.33374,-176.12152,-274.69708,-180.19702
54162.39,-361.58093,-176.36945,-274.94867,-180.44873
54183.367,-361.82812,-176.61743,-275.2005,-180.70044
54204.344,-362.07532,-176.86536,-275.4521,-180.95215
54225.32,-362.3224,-177.11328,-275.70392,-181.20386
54246.297,-362.5697,-177.36127,-275.95557,-181.45557
54267.273,-362.8169,-177.60919,-276.2074,-181.70728
54288.25,-363.0641,-177.85712,-276.45898,-181.95898
54309.227,-363.31128,-178.10504,-276.71075,-182.2107
54330.203,-363.55835,-178.35303,-276.96234,-182.4624
54351.18,-363.80566,-178.60095,-277.21423,-182.71417
54372.16,-364.05286,-178.84894,-277.46594,-182.96588
54393.137,-364.30005,-179.09686,-277.7177,-183.21765
54414.113,-364.54724,-179.34479,-277.96942,-183.46936
54435.09,-364.7943,-179.59277,-278.22113,-183.72107
54456.066,-365.04163,-179.8407,-278.47284,-183.97278
54477.043,-365.28882,-180.08862,-278.72455,-184.22449
54498.02,-365.5359,-180.33661,-278.97632,-184.47626
54518.996,-365.7832,-180.58453,-279.22803,-184.72797
54539.973,-366.03027,-180.83252,-279.4796,-184.97968
54560.95,-366.2776,-181.08038,-279.73138,-185.23138
54581.926,-366.52478,-181.32837,-279.98303,-185.4831
54602.906,-366.77197,-181.57635,-280.23474,-185.73486
54623.883,-367.01917,-181.82434,-280.48663,-185.98663
54644.86,-367.26636,-182.0722,-280.73834,-186.23834
54665.836,-367.51343,-182.32019,-280.99005,-186.49005
54686.812,-367.76074,-182.56812,-281.24176,-186.74176
54707.79,-368.00793,-182.8161,-281.49347,-186.99347
54728.766,-368.255,-183.06396,-281.74524,-187.24524
54749.742,-368.50232,-183.31195,-281.99695,-187.49695
54770.72,-368.7494,-183.55988,-282.24866,-187.74866
54791.695,-368.9967,-183.80786,-282.50037,-188.0003
54812.67,-369.2439,-184.05579,-282.752,-188.25198
54833.652,-369.4911,-184.30383,-283.00378,-188.50378
54854.63,-369.73828,-184.5517,-283.25555,-188.75558
54875.605,-369.98535,-184.79968,-283.50726,-189.00726
54896.582,-370.23254,-185.0476,-283.75897,-189.259
54917.56,-370.47986,-185.29553,-284.01068,-189.51071
54938.535,-370.72693,-185.54346,-284.2625,-189.76242
54959.51,-370.97424,-185.79144,-284.51416,-190.01419
54980.49,-371.22144,-186.03937,-284.766,-190.2659
55001.465,-371.46863,-186.28735,-285.01758,-190.51761
55022.44,-371.71582,-186.53522,-285.2694,-190.76932
55043.418,-371.963,-186.7832,-285.521,-191.02103
55064.4,-372.2102,-187.03119,-285.7727,-191.27277
55085.375,-372.4574,-187.27911,-286.02448,-191.52454
55106.35,-372.70447,-187.52704,-286.27618,-191.77621
55127.33,-372.95178,-187.77502,-286.5279,-192.02795
55148.305,-373.19897,-188.02295,-286.7796,-192.27963
55169.28,-373.44604,-188.27094,-287.0313,-192.53137
55190.258,-373.69336,-188.5188,-287.28308,-192.78311
55211.234,-373.94043,-188.76678,-287.5348,-193.03482
55232.21,-374.18774,-189.01477,-287.78662,-193.28653
55253.188,-374.43494,-189.2627,-288.0382,-193.53824
55274.164,-374.682,-189.51062,-288.29004,-193.78995
55295.145,-374.92932,-189.7586,-288.54175,-194.04175
55316.12,-375.1764,-190.00653,-288.79346,-194.29346
55337.098,-375.42358,-190.25452,-289.04517,-194.54517
55358.074,-375.6709,-190.50214,-289.2968,-194.79688
55379.05,-375.91797,-190.74933,-289.5487,-195.04858
55400.027,-376.16516,-190.99652,-289.80023,-195.30026
55421.004,-376.41248,-191.24371,-290.05212,-195.55206
55441.98,-376.65955,-191.4909,-290.30365,-195.80374
55462.957,-376.90686,-191.7381,-290.55554,-196.05545
55483.934,-377.15405,-191.98529,-290.8072,-196.30716
55504.91,-377.40112,-192.23248,-291.05896,-196.55887
55525.887,-377.64832,-192.47961,-291.31073,-196.81064
55546.867,-377.8955,-192.72687,-291.56238,-197.06235
55567.844,-378.1427,-192.97406,-291.8142,-197.31415
55588.82,-378.39,-193.22125,-292.0658,-197.56586
55609.797,-378.6371,-193.4685,-292.3175,-197.81757
55630.773,-378.8844,-193.71564,-292.56934,-198.06927
55651.75,-379.13147,-193.96283,-292.82086,-198.32098
55672.727,-379.37878,-194.21002,-293.07275,-198.57275
55693.703,-379.62598,-194.45715,-293.32428,-198.8245
55714.68,-379.87305,-194.7044,-293.57617,-199.07617
55735.656,-380.12024,-194.9516,-293.82782,-199.32791
55756.633,-380.36743,-195.19873,-294.0796,-199.57962
55777.613,-380.61462,-195.44604,-294.33142,-199.83139
55798.59,-380.86194,-195.69318,-294.58307,-200.08316
55819.566,-381.10913,-195.94037,-294.83484,-200.33484
55840.543,-381.3562,-196.18756,-295.08655,-200.58658
55861.52,-381.60352,-196.43475,-295.33826,-200.8382
55882.496,-381.8506,-196.68195,-295.58997,-201.0899
55903.473,-382.0979,-196.92914,-295.8416,-201.34167
55924.45,-382.3451,-197.17627,-296.09338,-201.59338
55945.426,-382.59216,-197.42352,-296.34515,-201.8451
55966.402,-382.83936,-197.67065,-296.5968,-202.0968
55987.38,-383.08655,-197.91785,-296.84857,-202.34854
56008.36,-383.33374,-198.16516,-297.1004,-202.60031
56029.336,-383.58105,-198.4123,-297.35205,-202.85208
56050.312,-383.82812,-198.65948,-297.60382,-203.10379
56071.29,-384.07532,-198.90668,-297.85547,-203.35547
56092.266,-384.3225,-199.15381,-298.10736,-203.60721
56113.242,-384.56982,-199.40106,-298.3589,-203.85889
56134.22,-384.81702,-199.64825,-298.6106,-204.11069
56155.195,-385.0641,-199.89539,-298.8623,-204.36237
56176.17,-385.31128,-200.14264,-299.114,-204.61407
56197.15,-385.55847,-200.38977,-299.36578,-204.86578
56218.125,-385.80566,-200.63702,-299.61743,-205.1175
56239.105,-386.05286,-200.88422,-299.86926,-205.36923
56260.082,-386.30017,-201.13141,-300.12103,-205.621
56281.06,-386.54724,-201.3786,-300.37268,-205.87271
56302.035,-386.79456,-201.6258,-300.62445,-206.12442
56323.01,-387.04163,-201.87299,-300.8761,-206.37613
56343.99,-387.28894,-202.12018,-301.128,-206.62784
56364.965,-387.53613,-202.36731,-301.37952,-206.87964
56385.94,-387.7832,-202.61456,-301.63135,-207.13132
56406.918,-388.0304,-202.8617,-301.88293,-207.383
56427.895,-388.2776,-203.10889,-302.13477,-207.63474
56448.87,-388.5249,-203.35614,-302.38647,-207.88641
56469.85,-388.7721,-203.60333,-302.63818,-208.13815
56490.83,-389.01917,-203.85052,-302.89,-208.38992
56511.805,-389.26636,-204.09772,-303.1416,-208.64163
56532.78,-389.51367,-204.34485,-303.39343,-208.89334
56553.758,-389.76074,-204.5921,-303.64514,-209.14505
56574.734,-390.00806,-204.8393,-303.89685,-209.39676
56595.71,-390.25525,-205.08643,-304.14856,-209.64853
56616.688,-390.50232,-205.33368,-304.40027,-209.90024
56637.664,-390.7495,-205.58081,-304.65198,-210.15195
56658.64,-390.9967,-205.828,-304.9037,-210.40369
56679.617,-391.2439,-206.0752,-305.1554,-210.65536
56700.598,-391.4912,-206.32245,-305.40723,-210.90717
56721.574,-391.73828,-206.56964,-305.6588,-211.1589
56742.55,-391.98547,-206.81683,-305.91064,-211.41064
56763.527,-392.23267,-207.06396,-306.16223,-211.66238
56784.504,-392.47998,-207.31122,-306.41406,-211.9141
56805.48,-392.72717,-207.55835,-306.66577,-212.1658
56826.457,-392.97424,-207.80554,-306.91748,-212.41751
56847.434,-393.22144,-208.0528,-307.1692,-212.66928
56868.41,-393.46863,-208.29993,-307.4209,-212.92099
56889.387,-393.71582,-208.54718,-307.6726,-213.1727
56910.363,-393.963,-208.79431,-307.92444,-213.42429
56931.344,-394.21033,-209.0415,-308.17615,-213.67609
56952.32,-394.4574,-209.28876,-308.42786,-213.9278
56973.297,-394.7047,-209.53595,-308.67957,-214.1796
56994.273,-394.95178,-209.78308,-308.93127,-214.43127
57015.25,-395.1991,-210.03033,-309.1831,-214.68301
57036.227,-395.4463,-210.27747,-309.4347,-214.93472
57057.203,-395.69336,-210.52472,-309.68652,-215.18643
57078.18,-395.94055,-210.77185,-309.9381,-215.4382
57099.156,-396.18774,-211.01904,-310.18994,-215.68991
57120.133,-396.43506,-211.26624,-310.44165,-215.94162
57141.11,-396.68213,-211.51343,-310.69336,-216.19333
57162.086,-396.92932,-211.76068,-310.94507,-216.44504
57183.066,-397.1765,-212.00787,-311.19678,-216.69678
57204.043,-397.4237,-212.255,-311.4485,-216.94849
57225.02,-397.6709,-212.50226,-311.7002,-217.20026
57245.996,-397.9182,-212.74939,-311.9519,-217.4519
57266.973,-398.16528,-212.99658,-312.20374,-217.70361
57287.95,-398.41248,-213.24384,-312.45532,-217.95532
57308.926,-398.65967,-213.49097,-312.70715,-218.20715
57329.902,-398.90686,-213.73822,-312.95874,-218.45886
57350.88,-399.15405,-213.98535,-313.21057,-218.71057
57371.855,-399.40125,-214.23254,-313.46228,-218.96228
57392.832,-399.64844,-214.47974,-313.714,-219.21399
57413.812,-399.89563,-214.72699,-313.96582,-219.4657
57434.79,-400.14282,-214.97418,-314.2174,-219.71747
57455.766,-400.39014,-215.22131,-314.46924,-219.96924
57476.742,-400.63733,-215.46857,-314.72083,-220.22089
57497.72,-400.8844,-215.7157,-314.97266,-220.47266
57518.695,-401.1316,-215.96295,-315.22437,-220.7243
57539.67,-401.37878,-216.21008,-315.47607,-220.97614
57560.65,-401.62598,-216.45728,-315.72778,-221.22778
57581.625,-401.87317,-216.70447,-315.9795,-221.47955
57602.6,-402.12036,-216.95166,-316.2312,-221.7312
57623.58,-402.36755,-217.19891,-316.48303,-221.98303
57644.56,-402.61487,-217.4461,-316.73474,-222.23474
57665.535,-402.86194,-217.69324,-316.98645,-222.48645
57686.51,-403.10925,-217.94043,-317.23816,-222.73822
57707.49,-403.35645,-218.18762,-317.48987,-222.98987
57728.465,-403.60352,-218.43481,-317.74158,-223.24152
57749.44,-403.8507,-218.68207,-317.9933,-223.49329
57770.418,-404.0979,-218.9292,-318.245,-223.745
57791.395,-404.3451,-219.17645,-318.4967,-223.99677
57812.37,-404.5923,-219.42358,-318.7484,-224.24841
57833.348,-404.83948,-219.67084,-319.00024,-224.50018
57854.324,-405.08655,-219.91797,-319.25183,-224.75183
57875.305,-405.33386,-220.16522,-319.50366,-225.00354
57896.28,-405.58105,-220.41235,-319.75537,-225.25537
57917.258,-405.82837,-220.6596,-320.00708,-225.50708
57938.234,-406.07544,-220.90674,-320.2588,-225.75885
57959.21,-406.32263,-221.15393,-320.5105,-226.0105
57980.188,-406.56982,-221.40112,-320.76233,-226.26227
58001.164,-406.81702,-221.64832,-321.01392,-226.51392
58022.14,-407.0642,-221.89557,-321.26575,-226.76575
58043.117,-407.3114,-222.14264,-321.51733,-227.0174
58064.094,-407.5586,-222.38995,-321.76917,-227.26917
58085.07,-407.80566,-222.63708,-322.02087,-227.52081
58106.05,-408.05298,-222.88428,-322.27258,-227.77258
58127.027,-408.3003,-223.13147,-322.5244,-228.02429
58148.004,-408.5475,-223.37872,-322.776,-228.27612
58168.98,-408.79456,-223.62585,-323.02783,-228.52783
58189.957,-409.04175,-223.87311,-323.27954,-228.77954
58210.934,-409.28894,-224.12024,-323.53125,-229.03125
58231.91,-409.53613,-224.3675,-323.78296,-229.2829
58252.887,-409.78333,-224.61462,-324.03455,-229.53455
58273.863,-410.03052,-224.86182,-324.28638,-229.78638
58294.84,-410.2777,-225.10901,-324.5381,-230.03802
58315.816,-410.52478,-225.35614,-324.7898,-230.2898
58336.797,-410.7721,-225.6034,-325.04163,-230.5415
58357.773,-411.0194,-225.85065,-325.2932,-230.79321
58378.75,-411.26648,-226.09778,-325.54504,-231.04504
58399.727,-411.51367,-226.34497,-325.79663,-231.29675
58420.703,-411.76086,-226.59216,-326.04846,-231.54846
58441.68,-412.00806,-226.83936,-326.30017,-231.80017
58462.656,-412.25525,-227.08661,-326.55188,-232.05188
58483.633,-412.50244,-227.33368,-326.8036,-232.30359
58504.61,-412.74963,-227.581,-327.0553,-232.55536
58525.586,-412.9967,-227.82812,-327.307,-232.807
58546.562,-413.24402,-228.07526,-327.55884,-233.05878
58567.543,-413.4912,-228.32251,-327.81055,-233.31055
58588.52,-413.73853,-228.56976,-328.06226,-233.5622
58609.496,-413.9856,-228.8169,-328.31396,-233.81403
58630.473,-414.2328,-229.06415,-328.56567,-234.06567
58651.45,-414.47998,-229.31128,-328.81738,-234.3175
58672.426,-414.72717,-229.55847,-329.0691,-234.56909
58693.402,-414.97437,-229.80566,-329.32092,-234.82092
58714.38,-415.22156,-230.0528,-329.5725,-235.07257
58735.355,-415.46875,-230.30011,-329.82434,-235.32434
58756.332,-415.71582,-230.54718,-330.07593,-235.57599
58777.31,-415.96313,-230.79437,-330.32776,-235.82776
58798.285,-416.21033,-231.04163,-330.57947,-236.0794
58819.266,-416.45752,-231.28882,-330.83118,-236.33118
58840.242,-416.7047,-231.53601,-331.0829,-236.58289
58861.22,-416.9519,-231.78326,-331.3346,-236.83466
58882.195,-417.1991,-232.03033,-331.5863,-237.0863
58903.17,-417.4463,-232.27765,-331.83813,-237.33813
58924.15,-417.69348,-232.52478,-332.08972,-237.58972
58945.125,-417.94067,-232.77191,-332.34155,-237.84155
58966.1,-418.18774,-233.01917,-332.59314,-238.0932
58987.08,-418.43494,-233.2663,-332.84497,-238.34497
59008.055,-418.68225,-233.51355,-333.09668,-238.59662
59029.03,-418.92944,-233.76068,-333.3484,-238.84839
59050.01,-419.17664,-234.00793,-333.60022,-239.10016
59070.99,-419.42383,-234.25519,-333.8518,-239.3518
59091.965,-419.67102,-234.50232,-334.10364,-239.60364
59112.94,-419.9182,-234.74951,-334.35522,-239.85529
59133.918,-420.1654,-234.9967,-334.60706,-240.10706
59154.895,-420.4126,-235.24384,-334.85876,-240.3587
59175.87,-420.6598,-235.49115,-335.11047,-240.61047
59196.848,-420.90686,-235.73822,-335.36218,-240.86218
59217.824,-421.15417,-235.98541,-335.6139,-241.11395
59238.8,-421.40137,-236.23267,-335.8656,-241.3656
59259.777,-421.64856,-236.47974,-336.11743,-241.61737
59280.758,-421.89575,-236.72705,-336.36914,-241.86914
59301.734,-422.14294,-236.9743,-336.62085,-242.12079
59322.71,-422.39014,-237.22144,-336.87244,-242.3725
59343.688,-422.63733,-237.46869,-337.12427,-242.62427
59364.664,-422.88452,-237.71582,-337.37598,-242.87592
59385.64,-423.1317,-237.96295,-337.6277,-243.12769
59406.617,-423.37878,-238.2102,-337.8794,-243.37933
59427.594,-423.62598,-238.45734,-338.1311,-243.63116
59448.57,-423.8733,-238.70453,-338.3828,-243.88281
59469.547,-424.12048,-238.95172,-338.63464,-244.13458
59490.523,-424.36768,-239.19885,-338.88623,-244.38623
59511.504,-424.61487,-239.44617,-339.13806,-244.638
59532.48,-424.86206,-239.69336,-339.38977,-244.88977
59553.457,-425.10925,-239.94049,-339.64148,-245.14148
59574.434,-425.35645,-240.1878,-339.8932,-245.39325
59595.41,-425.60364,-240.43488,-340.1449,-245.6449
59616.387,-425.85083,-240.68207,-340.39673,-245.89667
59637.363,-426.0979,-240.92932,-340.64832,-246.14832
59658.34,-426.3451,-241.17639,-340.90015,-246.40015
59679.316,-426.5924,-241.4237,-341.15173,-246.6518
59700.293,-426.8396,-241.67084,-341.40356,-246.90356
59721.27,-427.0868,-241.91809,-341.65527,-247.15521
59742.25,-427.33398,-242.16534,-341.90698,-247.40698
59763.227,-427.58118,-242.41248,-342.1588,-247.65881
59784.203,-427.82837,-242.6596,-342.4104,-247.91046
59805.18,-428.07556,-242.90686,-342.66223,-248.16223
59826.156,-428.32275,-243.15399,-342.91382,-248.41388
59847.133,-428.56995,-243.40125,-343.16565,-248.66565
59868.11,-428.81702,-243.64838,-343.41736,-248.9173
59889.086,-429.06433,-243.89557,-343.66895,-249.169
59910.062,-429.31152,-244.14276,-343.92078,-249.42078
59931.04,-429.55872,-244.3899,-344.17236,-249.67242
59952.016,-429.8059,-244.6372,-344.4242,-249.9242
59972.996,-430.0531,-244.8844,-344.67603,-250.17603
59993.973,-430.30017,-245.13153,-344.9276,-250.42761
60014.95,-430.5475,-245.37885,-345.17944,-250.67944
60035.926,-430.79468,-245.62598,-345.43103,-250.93109
60056.902,-431.04187,-245.87311,-345.68286,-251.18286
60077.88,-431.28894,-246.12036,-345.93457,-251.43451
60098.855,-431.53613,-246.3675,-346.18628,-251.68628
60119.832,-431.78345,-246.61475,-346.438,-251.93799
60140.81,-432.03064,-246.86188,-346.6897,-252.18976
60161.785,-432.27783,-247.10901,-346.9414,-252.4414
60182.76,-432.5249,-247.35626,-347.19324,-252.69318
60203.742,-432.77222,-247.60352,-347.44495,-252.94495
60224.72,-433.0194,-247.85065,-347.69666,-253.19666
60245.695,-433.2666,-248.0979,-347.94836,-253.44836
60266.67,-433.5138,-248.34503,-348.20007,-253.70007
60287.65,-433.761,-248.59222,-348.45178,-253.95184
60308.625,-434.00806,-248.83942,-348.7035,-254.20349
60329.6,-434.25525,-249.08655,-348.95532,-254.45526
60350.58,-434.50256,-249.33386,-349.2069,-254.70691
60371.555,-434.74976,-249.58093,-349.45874,-254.95874
60392.53,-434.99695,-249.82825,-349.71033,-255.21039
60413.508,-435.24402,-250.07538,-349.96204,-255.46204
60434.484,-435.4912,-250.32263,-350.21387,-255.7138
60455.465,-435.73853,-250.56976,-350.46558,-255.96558
60476.44,-435.98572,-250.81702,-350.7173,-256.2173
60497.418,-436.2329,-251.06409,-350.969,-256.46906
60518.395,-436.47998,-251.3114,-351.2207,-256.7207
60539.37,-436.72717,-251.55853,-351.47253,-256.97247
60560.348,-436.9745,-251.80579,-351.72412,-257.22412
60581.324,-437.22168,-252.05292,-351.97595,-257.47583
60602.3,-437.46887,-252.30005,-352.22754,-257.72766
60623.277,-437.71606,-252.5473,-352.47937,-257.9793
60644.254,-437.96313,-252.79443,-352.73108,-258.23102
60665.23,-438.21033,-253.04175,-352.9828,-258.48273
60686.21,-438.45764,-253.28894,-353.23462,-258.73462
60707.188,-438.70483,-253.53607,-353.4862,-258.9862
60728.164,-438.95203,-253.78326,-353.73804,-259.2381
60749.14,-439.1991,-254.03052,-353.98962,-259.4897
60770.117,-439.4463,-254.27759,-354.24146,-259.74146
60791.094,-439.6936,-254.5249,-354.49316,-259.9931
60812.07,-439.9408,-254.77203,-354.74487,-260.24487
60833.047,-440.188,-255.01929,-354.99658,-260.49658
60854.023,-440.43506,-255.26642,-355.2483,-260.7484
60875.0,-440.68225,-255.51355,-355.5,-260.99994
60895.977,-440.92944,-255.7608,-355.75183,-261.25183
60916.957,-441.17676,-256.00806,-356.00354,-261.50354
60937.934,-441.42395,-256.2552,-356.25525,-261.75525
60958.91,-441.67102,-256.50244,-356.50684,-262.0069
60979.887,-441.9182,-256.74957,-356.75867,-262.25873
61000.863,-442.1654,-256.9967,-357.01025,-262.5103
61021.84,-442.41272,-257.24396,-357.2621,-262.76215
61042.816,-442.6599,-257.4911,-357.5138,-263.01373
61063.793,-442.9071,-257.7384,-357.7655,-263.26562
61084.77,-443.15417,-257.98547,-358.0172,-263.5172
61105.746,-443.40137,-258.2328,-358.26892,-263.76904
61126.723,-443.64868,-258.47992,-358.52063,-264.02057
61147.703,-443.89587,-258.7271,-358.77246,-264.27234
61168.68,-444.14307,-258.97424,-359.02417,-264.52417
61189.656,-444.39014,-259.22156,-359.27588,-264.77594
61210.633,-444.63733,-259.46863,-359.5276,-265.02765
61231.61,-444.88452,-259.71594,-359.7793,-265.27936
61252.586,-445.13184,-259.96307,-360.03113,-265.53107
61273.562,-445.37903,-260.21033,-360.2827,-265.78278
61294.54,-445.6261,-260.45746,-360.53455,-266.03455
61315.516,-445.8733,-260.7046,-360.78613,-266.28625
61336.492,-446.12048,-260.95184,-361.03796,-266.53796
61357.47,-446.3678,-261.19897,-361.28967,-266.78967
61378.45,-446.615,-261.44623,-361.54138,-267.04138
61399.426,-446.86218,-261.69348,-361.7932,-267.2931
61420.402,-447.10925,-261.9406,-362.0448,-267.5448
61441.38,-447.35645,-262.18774,-362.29663,-267.7967
61462.355,-447.60376,-262.43506,-362.54822,-268.04828
61483.332,-447.85095,-262.68213,-362.79993,-268.3
61504.31,-448.09814,-262.92944,-363.05176,-268.5517
61525.285,-448.3452,-263.17657,-363.30334,-268.8034
61546.26,-448.5924,-263.42377,-363.55518,-269.05518
61567.24,-448.8396,-263.67096,-363.80676,-269.3069
61588.215,-449.0869,-263.9181,-364.0586,-269.5586
61609.195,-449.3341,-264.16528,-364.31042,-269.8103
61630.17,-449.58118,-264.4126,-364.562,-270.062
61651.15,-449.82837,-264.65973,-364.81384,-270.31372
61672.125,-450.07556,-264.90698,-365.06543,-270.5655
61693.1,-450.32288,-265.1541,-365.31726,-270.8172
61714.08,-450.57007,-265.40125,-365.56897,-271.0689
61735.055,-450.81726,-265.6485,-365.82068,-271.32074
61756.03,-451.06433,-265.89563,-366.0724,-271.57233
61777.008,-451.31152,-266.14294,-366.3241,-271.82422
61797.984,-451.55884,-266.39,-366.5758,-272.0758
61818.96,-451.8059,-266.63727,-366.82764,-272.32764
61839.938,-452.0531,-266.88446,-367.07922,-272.57922
61860.918,-452.3003,-267.13165,-367.33105,-272.83093
61881.895,-452.5475,-267.37878,-367.58276,-273.08276
61902.87,-452.79468,-267.6261,-367.83447,-273.3344
61923.848,-453.042,-267.87317,-368.08618,-273.58624
61944.824,-453.28918,-268.12048,-368.3379,-273.83783
61965.8,-453.53625,-268.3676,-368.58972,-274.08966
61986.777,-453.78345,-268.6148,-368.8413,-274.34125
62007.754,-454.03064,-268.862,-369.09302,-274.59302
62028.73,-454.27795,-269.10913,-369.34473,-274.84485
62049.707,-454.52502,-269.35638,-369.59644,-275.09644
62070.684,-454.77222,-269.60352,-369.84827,-275.34827
62091.664,-455.0194,-269.85077,-370.09998,-275.59998
62112.64,-455.2666,-270.0979,-370.35168,-275.85162
62133.617,-455.51392,-270.34515,-370.6034,-276.10345
62154.594,-455.7611,-270.5923,-370.8551,-276.35504
62175.57,-456.0083,-270.8396,-371.1068,-276.60687
62196.547,-456.25537,-271.08667,-371.35852,-276.85846
62217.523,-456.50256,-271.33392,-371.61035,-277.1103
62238.5,-456.74976,-271.58112,-371.86194,-277.36194
62259.477,-456.99695,-271.8283,-372.11377,-277.61377
62280.453,-457.24414,-272.0755,-372.36536,-277.86536
62301.43,-457.49133,-272.32263,-372.6172,-278.1172
62322.41,-457.73853,-272.56982,-372.86902,-278.36896
62343.387,-457.98572,-272.81714,-373.1206,-278.6206
62364.363,-458.23303,-273.06427,-373.37244,-278.87244
62385.34,-458.48022,-273.31146,-373.62402,-279.12408
62406.316,-458.7273,-273.55865,-373.87585,-279.37585
62427.293,-458.9745,-273.8058,-374.12756,-279.6275
62448.27,-459.22168,-274.05304,-374.37927,-279.8792
62469.246,-459.469,-274.30017,-374.63098,-280.13098
62490.223,-459.71606,-274.54742,-374.8827,-280.3827
62511.2,-459.96326,-274.79456,-375.1344,-280.6344
62532.176,-460.21045,-275.0418,-375.3861,-280.886
62553.156,-460.45764,-275.28894,-375.63782,-281.13788
62574.133,-460.70483,-275.5362,-375.88965,-281.3896
62595.11,-460.95215,-275.78333,-376.14124,-281.6413
62616.086,-461.19934,-276.03064,-376.39307,-281.89307
62637.062,-461.4464,-276.2777,-376.64465,-282.1447
62658.04,-461.6936,-276.52496,-376.89648,-282.39648
62679.016,-461.9408,-276.77216,-377.1482,-282.64813
62699.992,-462.1881,-277.01935,-377.3999,-282.89984
62720.97,-462.43518,-277.26654,-377.6516,-283.1516
62741.945,-462.68237,-277.51367,-377.90332,-283.40332
62762.92,-462.92957,-277.76093,-378.15503,-283.65503
62783.902,-463.17676,-278.00818,-378.40686,-283.9068
62804.88,-463.42407,-278.2553,-378.65857,-284.15863
62825.855,-463.67126,-278.50244,-378.91028,-284.41022
62846.832,-463.91833,-278.7497,-379.162,-284.6621
62867.81,-464.16553,-278.99683,-379.4137,-284.9137
62888.785,-464.41272,-279.24408,-379.66553,-285.16553
62909.76,-464.66003,-279.4912,-379.9171,-285.4171
62930.74,-464.9071,-279.73846,-380.16895,-285.66888
62951.715,-465.1543,-279.98566,-380.42053,-285.9206
62972.69,-465.4015,-280.23273,-380.67236,-286.17236
62993.668,-465.64856,-280.47998,-380.92407,-286.42395
63014.65,-465.89587,-280.7273,-381.17578,-286.67572
63035.625,-466.1432,-280.97437,-381.4276,-286.92755
63056.6,-466.39038,-281.22162,-381.6792,-287.17926
63077.58,-466.63745,-281.4688,-381.9309,-287.4309
63098.555,-466.88464,-281.716,-382.18262,-287.68274
63119.53,-467.13184,-281.9632,-382.43433,-287.93433
63140.508,-467.37915,-282.21033,-382.68616,-288.18616
63161.484,-467.62622,-282.45752,-382.93774,-288.43774
63182.46,-467.8734,-282.7047,-383.18958,-288.68964
63203.438,-468.1206,-282.95197,-383.44116,-288.94116
63224.414,-468.36768,-283.1991,-383.693,-289.193
63245.395,-468.6151,-283.44635,-383.9447,-289.4447
63266.37,-468.8623,-283.69348,-384.1964,-289.69635
63287.348,-469.1095,-283.94073,-384.44824,-289.94824
63308.324,-469.35657,-284.18787,-384.69983,-290.1999
63329.3,-469.60376,-284.43512,-384.95166,-290.45166
63350.277,-469.85095,-284.68225,-385.20325,-290.7033
63371.254,-470.09814,-284.9295,-385.45508,-290.95508
63392.23,-470.34534,-285.1767,-385.7068,-291.20685
63413.207,-470.59253,-285.42377,-385.9585,-291.4585
63434.184,-470.8396,-285.67102,-386.2102,-291.71027
63455.16,-471.0869,-285.9182,-386.4619,-291.9619
63476.137,-471.33423,-286.16534,-386.71362,-292.21362
63497.117,-471.58142,-286.41266,-386.96545,-292.46545
63518.094,-471.8285,-286.65985,-387.21716,-292.7171
63539.07,-472.07568,-286.90698,-387.46887,-292.96887
63560.047,-472.32288,-287.15424,-387.72058,-293.22052
63581.023,-472.5702,-287.40137,-387.9723,-293.4723
63602.0,-472.81726,-287.64862,-388.224,-293.72406
63622.977,-473.06445,-287.89575,-388.4757,-293.9757
63643.953,-473.31165,-288.14288,-388.72742,-294.22748
63664.93,-473.55872,-288.39014,-388.97913,-294.47913
63685.906,-473.80603,-288.6372,-389.23083,-294.7309
63706.883,-474.05322,-288.88452,-389.48267,-294.98267
63727.863,-474.30054,-289.13184,-389.73438,-295.2343
63748.84,-474.5476,-289.3789,-389.98608,-295.48608
63769.816,-474.7948,-289.62622,-390.2378,-295.73773
63790.793,-475.042,-289.8733,-390.4895,-295.9895
63811.77,-475.2893,-290.12048,-390.7412,-296.24115
63832.746,-475.53638,-290.36768,-390.99292,-296.49292
63853.723,-475.78357,-290.61487,-391.24475,-296.74475
63874.7,-476.03076,-290.86206,-391.49634,-296.99634
63895.676,-476.27783,-291.10925,-391.74817,-297.24817
63916.652,-476.52515,-291.35645,-391.99976,-297.49976
63937.63,-476.77246,-291.60364,-392.2516,-297.7516
63958.61,-477.01965,-291.85083,-392.50342,-298.00342
63979.586,-477.26672,-292.09802,-392.755,-298.255
64000.562,-477.51392,-292.3452,-393.00684,-298.50684
64021.54,-477.7611,-292.5924,-393.25842,-298.75842
64042.516,-478.00842,-292.83972,-393.51025,-299.01025
64063.492,-478.2556,-293.0868,-393.76196,-299.26196
64084.47,-478.5027,-293.33398,-394.01367,-299.51367
64105.445,-478.74976,-293.58118,-394.26538,-299.76538
64126.42,-478.99707,-293.82825,-394.51697,-300.01697
64147.4,-479.2444,-294.07556,-394.7688,-300.2688
64168.375,-479.49146,-294.32275,-395.0205,-300.5205
64189.355,-479.73877,-294.56995,-395.27222,-300.77222
64210.332,-479.98584,-294.81726,-395.52405,-301.02405
64231.31,-480.23193,-295.06433,-395.77563,-301.27563
64252.285,-480.47522,-295.31152,-396.02747,-301.52747
64273.26,-480.71863,-295.55872,-396.27905,-301.77905
64294.24,-480.96228,-295.8059,-396.53088,-302.03088
64315.215,-481.20557,-296.0531,-396.7826,-302.2826
64336.19,-481.4491,-296.3003,-397.0343,-302.5343
64357.168,-481.69238,-296.54736,-397.286,-302.786
64378.145,-481.93567,-296.79468,-397.53772,-303.03772
64399.12,-482.17908,-297.04175,-397.78943,-303.28943
64420.1,-482.4226,-297.28906,-398.04114,-303.54114
64441.08,-482.66614,-297.53638,-398.29297,-303.79297
64462.055,-482.90955,-297.78345,-398.54468,-304.04468
64483.03,-483.15295,-298.03064,-398.7964,-304.2964
64504.008,-483.39624,-298.27783,-399.0481,-304.5481
64524.984,-483.63965,-298.5249,-399.2998,-304.7998
64545.96,-483.88318,-298.77222,-399.5515,-305.0515
64566.938,-484.1266,-299.0194,-399.80334,-305.30334
64587.914,-484.37,-299.2666,-400.05493,-305.55493
64608.89,-484.61328,-299.5138,-400.30676,-305.80676
64629.867,-484.8568,-299.76086,-400.55835,-306.05835
64650.848,-485.1001,-300.00818,-400.81018,-306.31018
64671.824,-485.34375,-300.25537,-401.0619,-306.5619
64692.8,-485.58704,-300.50256,-401.3136,-306.8136
64713.777,-485.83057,-300.74976,-401.5653,-307.0653
64734.754,-486.07385,-300.99695,-401.81702,-307.31702
64755.73,-486.31726,-301.24414,-402.06873,-307.56873
64776.707,-486.56067,-301.49133,-402.32056,-307.82056
64797.684,-486.8042,-301.7384,-402.57214,-308.07214
64818.66,-487.0476,-301.98572,-402.82397,-308.32397
64839.637,-487.2909,-302.2329,-403.07556,-308.57556
64860.613,-487.5343,-302.4801,-403.3274,-308.8274
64881.594,-487.7777,-302.7273,-403.5791,-309.0791
64902.57,-488.02124,-302.9745,-403.8308,-309.3308
64923.547,-488.26477,-303.22168,-404.08264,-309.58264
64944.523,-488.50806,-303.46875,-404.33423,-309.83423
64965.5,-488.75146,-303.71606,-404.58606,-310.08606
64986.477,-488.99475,-303.96326,-404.83765,-310.33765
65007.453,-489.23828,-304.21033,-405.08948,-310.58948
65028.43,-489.4818,-304.45752,-405.3412,-310.8412
65049.406,-489.72522,-304.70483,-405.5929,-311.0929
65070.383,-489.96863,-304.9519,-405.8446,-311.3446
65091.36,-490.2119,-305.19922,-406.0963,-311.5963
65112.336,-490.45532,-305.4463,-406.34802,-311.84802
65133.316,-490.69873,-305.69373,-406.59985,-312.09985
65154.293,-490.94214,-305.9408,-406.85156,-312.35156
65175.27,-491.18567,-306.188,-407.10327,-312.60327
65196.246,-491.4292,-306.43518,-407.35486,-312.85486
65217.223,-491.6725,-306.68237,-407.6067,-313.1067
65238.2,-491.91577,-306.92944,-407.8584,-313.3584
65259.176,-492.15918,-307.17676,-408.1101,-313.6101
65280.152,-492.4027,-307.42395,-408.36182,-313.86182
65301.13,-492.64624,-307.67114,-408.61353,-314.11353
65322.105,-492.88953,-307.91846,-408.86523,-314.36523
65343.082,-493.13293,-308.1654,-409.11707,-314.61707
65364.062,-493.37634,-308.4126,-409.36877,-314.86877
65385.04,-493.61975,-308.6598,-409.62048,-315.12048
65406.016,-493.86328,-308.9071,-409.8722,-315.3722
65426.992,-494.1067,-309.1543,-410.1239,-315.6239
65447.97,-494.3501,-309.40137,-410.3756,-315.8756
65468.945,-494.5935,-309.64856,-410.62732,-316.12732
65489.92,-494.8369,-309.89587,-410.87915,-316.37915
65510.9,-495.0802,-310.14294,-411.13074,-316.63074
65531.875,-495.32373,-310.39026,-411.38257,-316.88257
65552.85,-495.56714,-310.63733,-411.63416,-317.13416
65573.83,-495.81042,-310.88452,-411.886,-317.386
65594.805,-496.05396,-311.13184,-412.1377,-317.6377
65615.78,-496.29724,-311.37903,-412.3894,-317.8894
65636.76,-496.5409,-311.6261,-412.6411,-318.1411
65657.734,-496.7843,-311.8733,-412.89282,-318.39282
65678.71,-497.0276,-312.1206,-413.14453,-318.64453
65699.695,-497.271,-312.36768,-413.39636,-318.89636
65720.67,-497.51453,-312.6151,-413.64807,-319.14807
65741.65,-497.75793,-312.8623,-413.89978,-319.39978
65762.625,-498.00134,-313.10938,-414.1515,-319.6515
65783.6,-498.24463,-313.35657,-414.4032,-319.9032
65804.58,-498.48804,-313.60388,-414.6549,-320.1549
65825.555,-498.73157,-313.85083,-414.90662,-320.40662
65846.53,-498.97498,-314.09814,-415.15845,-320.65845
65867.51,-499.21838,-314.34534,-415.41003,-320.91003
65888.484,-499.46167,-314.5924,-415.66187,-321.16187
65909.46,-499.7052,-314.8396,-415.91345,-321.41345
65930.44,-499.94873,-315.0869,-416.16528,-321.66528
65951.414,-500.19202,-315.33398,-416.417,-321.917
65972.39,-500.43542,-315.5813,-416.6687,-322.1687
65993.37,-500.6787,-315.8286,-416.9204,-322.4204
66014.34,-500.92212,-316.07556,-417.17212,-322.67212
66035.32,-501.16577,-316.32288,-417.42383,-322.92383
66056.3,-501.40918,-316.57007,-417.67566,-323.17566
66077.27,-501.6526,-316.81714,-417.92725,-323.42725
66098.25,-501.89587,-317.06433,-418.17908,-323.67908
66119.23,-502.13916,-317.31165,-418.43066,-323.93066
66140.2,-502.3828,-317.5586,-418.6825,-324.1825
66161.18,-502.62622,-317.8059,-418.9342,-324.4342
66182.164,-502.86963,-318.05334,-419.18604,-324.68604
66203.14,-503.11316,-318.3003,-419.43774,-324.93774
66224.12,-503.35645,-318.5476,-419.68945,-325.18945
66245.09,-503.59985,-318.79492,-419.94116,-325.44116
66266.07,-503.84314,-319.042,-420.19275,-325.69275
66287.05,-504.08667,-319.28918,-420.44458,-325.94458
66308.02,-504.3302,-319.53638,-420.6963,-326.1963
66329.0,-504.5736,-319.78357,-420.948,-326.448
66349.98,-504.81702,-320.03064,-421.1997,-326.6997
66370.95,-505.0603,-320.27795,-421.45142,-326.95142
66391.93,-505.3037,-320.52515,-421.70312,-327.20312
66412.91,-505.54724,-320.77234,-421.95496,-327.45496
66433.88,-505.79065,-321.01965,-422.20654,-327.70654
66454.86,-506.03406,-321.2666,-422.45837,-327.95837
66475.836,-506.27734,-321.51392,-422.7063,-328.20996
66496.81,-506.52087,-321.7611,-422.95337,-328.4618
66517.79,-506.76416,-322.0083,-423.20056,-328.7135
66538.766,-507.0077,-322.25537,-423.44788,-328.9652
66559.74,-507.2511,-322.5027,-423.69495,-329.21692
66580.72,-507.4944,-322.74988,-423.94214,-329.46863
66601.695,-507.7379,-322.99695,-424.18945,-329.72034
66622.67,-507.9812,-323.24426,-424.43652,-329.97217
66643.66,-508.22485,-323.49146,-424.68384,-330.22388
66664.63,-508.46814,-323.73865,-424.93103,-330.4756
66685.61,-508.71167,-323.98596,-425.17822,-330.7273
66706.586,-508.95508,-324.2329,-425.4254,-330.97913
66727.56,-509.1985,-324.48022,-425.6726,-331.2307
66748.54,-509.44177,-324.72742,-425.91968,-331.48254
66769.516,-509.6853,-324.9746,-426.167,-331.73413
66790.49,-509.9286,-325.22168,-426.41418,-331.98596
66811.47,-510.17212,-325.469,-426.66125,-332.23767
66832.445,-510.41553,-325.7162,-426.90857,-332.48926
66853.42,-510.6588,-325.96338,-427.15576,-332.7411
66874.4,-510.90234,-326.2107,-427.40295,-332.99268
66895.375,-511.14563,-326.45764,-427.65015,-333.2445
66916.35,-511.38928,-326.70496,-427.89734,-333.49622
66937.33,-511.6327,-326.95215,-428.14453,-333.74792
66958.305,-511.87598,-327.19934,-428.3916,-333.99963
66979.28,-512.1194,-327.4464,-428.6388,-334.25134
67000.26,-512.3627,-327.69373,-428.8861,-334.50305
67021.234,-512.6061,-327.9408,-429.13318,-334.75488
67042.21,-512.84973,-328.18787,-429.3805,-335.00647
67063.19,-513.093,-328.4353,-429.62756,-335.2583
67084.164,-513.33655,-328.68237,-429.87488,-335.5099
67105.15,-513.57996,-328.9297,-430.12207,-335.76184
67126.125,-513.82336,-329.177,-430.36926,-336.01343
67147.1,-514.0668,-329.42395,-430.61646,-336.26526
67168.08,-514.31006,-329.67114,-430.86365,-336.51697
67189.055,-514.5536,-329.91846,-431.11084,-336.76868
67210.03,-514.7971,-330.16565,-431.35803,-337.0204
67231.01,-515.0405,-330.41272,-431.60522,-337.2721
67251.984,-515.2838,-330.6599,-431.85242,-337.5238
67272.96,-515.5271,-330.90723,-432.0996,-337.77563
67293.94,-515.7705,-331.15442,-432.3468,-338.02722
67314.914,-516.01416,-331.4016,-432.59387,-338.27905
67335.89,-516.25757,-331.64868,-432.8412,-338.53064
67356.87,-516.501,-331.89587,-433.08838,-338.78235
67377.84,-516.74426,-332.1432,-433.33557,-339.03418
67398.82,-516.98755,-332.39038,-433.58264,-339.28577
67419.8,-517.2312,-332.63745,-433.82983,-339.5376
67440.77,-517.4746,-332.88464,-434.07715,-339.78918
67461.75,-517.718,-333.13184,-434.32422,-340.04102
67482.73,-517.9613,-333.37903,-434.5714,-340.29272
67503.7,-518.2047,-333.62622,-434.8186,-340.54443
67524.68,-518.4481,-333.8734,-435.06592,-340.79614
67545.66,-518.69165,-334.1206,-435.3131,-341.04785
67566.63,-518.93506,-334.3678,-435.56018,-341.29956
67587.62,-519.1786,-334.615,-435.8075,-341.5514
67608.59,-519.422,-334.8623,-436.0547,-341.8031
67629.57,-519.6654,-335.1095,-436.30188,-342.05493
67650.55,-519.9087,-335.3567,-436.54895,-342.30652
67671.52,-520.1521,-335.60376,-436.79626,-342.55835
67692.5,-520.3956,-335.85095,-437.04346,-342.80994
67713.48,-520.63904,-336.09827,-437.29065,-343.06177
67734.45,-520.88245,-336.34546,-437.53784,-343.31348
67755.43,-521.12573,-336.59265,-437.7849,-343.5652
67776.41,-521.36926,-336.83972,-438.03223,-343.8169
67797.38,-521.61255,-337.0869,-438.27942,-344.0686
67818.36,-521.8562,-337.33423,-438.5265,-344.3203
67839.336,-522.0995,-337.5813,-438.77368,-344.57214
67860.31,-522.3428,-337.8285,-439.02087,-344.82373
67881.29,-522.5863,-338.07568,-439.2682,-345.07544
67902.266,-522.8296,-338.32288,-439.51526,-345.32715
67923.24,-523.07324,-338.57007,-439.76245,-345.57886
67944.22,-523.31665,-338.81726,-440.00964,-345.8307
67965.195,-523.55994,-339.06445,-440.25684,-346.08228
67986.17,-523.8032,-339.31165,-440.50415,-346.3341
68007.15,-524.04663,-339.55884,-440.75122,-346.5857
68028.125,-524.29004,-339.80603,-440.9984,-346.83752
68049.11,-524.5337,-340.05334,-441.24573,-347.08923
68070.086,-524.7772,-340.30054,-441.49292,-347.34106
68091.06,-525.0206,-340.54773,-441.74,-347.59277
68112.04,-525.2639,-340.7948,-441.9873,-347.84448
68133.016,-525.5072,-341.042,-442.2345,-348.0962
68153.99,-525.75073,-341.2893,-442.48157,-348.3479
68174.97,-525.994,-341.53638,-442.72888,-348.5996
68195.945,-526.2377,-341.7837,-442.97595,-348.85144
68216.92,-526.4811,-342.03076,-443.22327,-349.10303
68237.9,-526.72437,-342.27795,-443.47046,-349.35486
68258.875,-526.9678,-342.52527,-443.71753,-349.60645
68279.85,-527.21106,-342.77234,-443.96472,-349.85828
68300.83,-527.45447,-343.01953,-444.2119,-350.11
68321.805,-527.6981,-343.26672,-444.45923,-350.3617
68342.78,-527.9414,-343.51392,-444.7063,-350.6134
68363.76,-528.18494,-343.7611,-444.9535,-350.8651
68384.734,-528.4282,-344.0083,-445.20068,-351.11682
68405.71,-528.67163,-344.2556,-445.44788,-351.36853
68426.69,-528.91516,-344.5027,-445.6952,-351.62024
68447.664,-529.15845,-344.74988,-445.94226,-351.87195
68468.64,-529.402,-344.99707,-446.18945,-352.12366
68489.62,-529.64526,-345.24426,-446.43665,-352.37537
68510.6,-529.8889,-345.49158,-446.68396,-352.6272
68531.58,-530.1322,-345.73877,-446.93103,-352.8789
68552.555,-530.3755,-345.98584,-447.17834,-353.13074
68573.53,-530.61914,-346.23303,-447.42554,-353.38232
68594.51,-530.86255,-346.48022,-447.6726,-353.63416
68615.484,-531.10596,-346.72742,-447.91992,-353.88574
68636.46,-531.34937,-346.97473,-448.167,-354.13757
68657.44,-531.59265,-347.22192,-448.4143,-354.38928
68678.414,-531.83606,-347.469,-448.6615,-354.641
68699.39,-532.0796,-347.7162,-448.90857,-354.8927
68720.37,-532.3229,-347.9635,-449.15576,-355.1444
68741.34,-532.5664,-348.21057,-449.40295,-355.39612
68762.32,-532.8097,-348.45776,-449.65027,-355.64795
68783.3,-533.0531,-348.70496,-449.89734,-355.89954
68804.27,-533.29675,-348.95215,-450.14453,-356.15137
68825.25,-533.54004,-349.19934,-450.39172,-356.40295
68846.23,-533.78345,-349.44653,-450.63892,-356.6548
68867.2,-534.02673,-349.69373,-450.88623,-356.9065
68888.18,-534.27014,-349.94092,-451.13342,-357.1582
68909.16,-534.51355,-350.1881,-451.3805,-357.4099
68930.13,-534.7571,-350.4353,-451.6277,-357.6615
68951.11,-535.0006,-350.6825,-451.87488,-357.91333
68972.09,-535.244,-350.9298,-452.12207,-358.16504
68993.07,-535.4874,-351.17688,-452.36926,-358.41687
69014.05,-535.73083,-351.42407,-452.61658,-358.66846
69035.02,-535.9741,-351.67126,-452.86365,-358.9203
69056.0,-536.21765,-351.91858,-453.11096,-359.172
69076.98,-536.4612,-352.16577,-453.35815,-359.4237
69097.95,-536.7046,-352.41296,-453.60535,-359.6754
69118.93,-536.9479,-352.66003,-453.85254,-359.92712
69139.91,-537.19116,-352.90723,-454.09973,-360.17883
69160.88,-537.4347,-353.15454,-454.3468,-360.43066
69181.86,-537.678,-353.4016,-454.594,-360.68225
69202.836,-537.92163,-353.6488,-454.8412,-360.93408
69223.81,-538.16504,-353.896,-455.08838,-361.18567
69244.79,-538.4083,-354.1432,-455.33557,-361.4375
69265.766,-538.65173,-354.39038,-455.58276,-361.6892
69286.74,-538.895,-354.63757,-455.82996,-361.94092
69307.72,-539.1387,-354.88477,-456.07715,-362.19263
69328.695,-539.3821,-355.13196,-456.32446,-362.44434
69349.67,-539.62537,-355.37915,-456.57153,-362.69604
69370.65,-539.8688,-355.62634,-456.81873,-362.94788
69391.625,-540.1122,-355.87354,-457.06592,-363.19946
69412.6,-540.3557,-356.12073,-457.3131,-363.4513
69433.58,-540.5991,-356.36792,-457.5603,-363.70288
69454.56,-540.8424,-356.6151,-457.80762,-363.95483
69475.54,-541.08606,-356.8623,-458.0547,-364.20642
69496.516,-541.32947,-357.10962,-458.30188,-364.45813
69517.49,-541.57275,-357.3567,-458.5492,-364.70996
69538.47,-541.81616,-357.604,-458.7964,-364.96155
69559.445,-542.05945,-357.85107,-459.04358,-365.21338
69580.42,-542.3031,-358.09827,-459.29077,-365.46497
69601.4,-542.5465,-358.34558,-459.53784,-365.7168
69622.375,-542.7898,-358.59265,-459.78503,-365.9685
69643.35,-543.0333,-358.83984,-460.03223,-366.2202
69664.33,-543.2766,-359.08704,-460.27954,-366.47192
69685.305,-543.52,-359.33423,-460.5266,-366.72363
69706.28,-543.76355,-359.58142,-460.7738,-366.97534
69727.26,-544.00684,-359.8286,-461.021,-367.22717
69748.234,-544.25037,-360.0758,-461.2682,-367.47876
69769.21,-544.49365,-360.323,-461.5155,-367.7306
69790.19,-544.73706,-360.5702,-461.76257,-367.98218
69811.164,-544.9807,-360.81738,-462.00977,-368.234
69832.14,-545.224,-361.06458,-462.25696,-368.48572
69853.12,-545.4674,-361.31177,-462.50415,-368.73743
69874.09,-545.7107,-361.55896,-462.75134,-368.98914
69895.07,-545.9541,-361.80603,-462.99854,-369.24084
69916.055,-546.19775,-362.05334,-463.24585,-369.49268
69937.03,-546.44104,-362.30066,-463.49292,-369.7444
69958.01,-546.68445,-362.54773,-463.74023,-369.9961
69978.984,-546.928,-362.79504,-463.9873,-370.24792
69999.96,-547.1714,-363.0421,-464.23462,-370.4995
70020.94,-547.4148,-363.2893,-464.4818,-370.75122
70041.914,-547.6581,-363.5365,-464.72888,-371.00293
70062.89,-547.9015,-363.7837,-464.97607,-371.25464
70083.87,-548.14514,-364.03088,-465.22327,-371.50647
70104.84,-548.3884,-364.27808,-465.47058,-371.75806
70125.82,-548.63184,-364.52527,-465.71765,-372.0099
70146.8,-548.8751,-364.77246,-465.96484,-372.26147
70167.77,-549.1185,-365.01965,-466.21204,-372.5133
70188.75,-549.36194,-365.26685,-466.45923,-372.765
70209.73,-549.60547,-365.51404,-466.70654,-373.01672
70230.7,-549.849,-365.76123,-466.9536,-373.26843
70251.68,-550.0923,-366.00842,-467.2008,-373.52014
70272.66,-550.3357,-366.2556,-467.448,-373.77185
70293.63,-550.579,-366.5028,-467.6952,-374.02368
70314.61,-550.8225,-366.75,-467.94238,-374.27527
70335.586,-551.06604,-366.99707,-468.18958,-374.5271
70356.56,-551.3093,-367.24426,-468.43677,-374.7787
70377.55,-551.553,-367.49158,-468.68396,-375.03064
70398.52,-551.7964,-367.73877,-468.93127,-375.28223
70419.5,-552.03955,-367.98608,-469.17834,-375.53406
70440.48,-552.28296,-368.23315,-469.42566,-375.78577
70461.45,-552.52637,-368.48035,-469.67285,-376.03748
70482.43,-552.77,-368.72754,-469.91992,-376.28918
70503.41,-553.0134,-368.97473,-470.1671,-376.5409
70524.38,-553.2567,-369.22192,-470.4143,-376.7926
70545.36,-553.5001,-369.46912,-470.66162,-377.0443
70566.336,-553.7434,-369.7163,-470.9087,-377.29602
70587.31,-553.98706,-369.9635,-471.15588,-377.54773
70608.29,-554.23047,-370.2107,-471.40308,-377.79944
70629.266,-554.47375,-370.4579,-471.65027,-378.05115
70650.24,-554.71716,-370.70508,-471.89746,-378.30298
70671.22,-554.9606,-370.95227,-472.14465,-378.55457
70692.195,-555.2041,-371.19934,-472.39185,-378.8064
70713.17,-555.4475,-371.44666,-472.63904,-379.05798
70734.15,-555.6908,-371.69385,-472.8861,-379.3098
70755.125,-555.9342,-371.94104,-473.13342,-379.56152
70776.1,-556.1776,-372.1881,-473.3806,-379.81323
70797.08,-556.42114,-372.4353,-473.6278,-380.06494
70818.055,-556.6647,-372.68262,-473.87488,-380.31665
70839.03,-556.90796,-372.9297,-474.12207,-380.56836
70860.016,-557.1515,-373.177,-474.3694,-380.8202
70880.99,-557.3949,-373.4242,-474.6167,-381.0719
70901.97,-557.6382,-373.6714,-474.8639,-381.32373
70922.945,-557.8817,-373.91858,-475.11096,-381.57532
70943.92,-558.125,-374.16577,-475.35815,-381.82715
70964.9,-558.3684,-374.41296,-475.60535,-382.07874
70985.875,-558.61206,-374.66016,-475.85254,-382.33057
71006.85,-558.8552,-374.90735,-476.09973,-382.58228
71027.83,-559.09875,-375.15442,-476.34692,-382.83398
71048.805,-559.34204,-375.40173,-476.594,-383.0857
71069.78,-559.58545,-375.64893,-476.8413,-383.33728
71090.76,-559.8291,-375.89612,-477.0885,-383.5891
71111.734,-560.0724,-376.1433,-477.3357,-383.84082
71132.71,-560.3158,-376.3905,-477.58276,-384.09253
71153.69,-560.5591,-376.6377,-477.82996,-384.34424
71174.664,-560.8025,-376.8849,-478.07727,-384.59595
71195.64,-561.0459,-377.13208,-478.32446,-384.84766
71216.62,-561.2894,-377.37915,-478.57166,-385.0995
71237.59,-561.53284,-377.62634,-478.81873,-385.35107
71258.57,-561.77625,-377.87366,-479.06604,-385.6029
71279.55,-562.01965,-378.12073,-479.31323,-385.8545
71300.52,-562.26294,-378.36792,-479.5603,-386.10632
71321.51,-562.5065,-378.61536,-479.80762,-386.35803
71342.484,-562.7499,-378.86243,-480.05493,-386.60986
71363.46,-562.9935,-379.10962,-480.302,-386.86145
71384.44,-563.2368,-379.3568,-480.54907,-387.11328
71405.414,-563.48035,-379.604,-480.79626,-387.365
71426.39,-563.72363,-379.8512,-481.04358,-387.6167
71447.37,-563.9669,-380.0984,-481.29077,-387.8684
71468.34,-564.2103,-380.34546,-481.53796,-388.12012
71489.32,-564.45386,-380.59277,-481.78503,-388.37183
71510.3,-564.6974,-380.83997,-482.03235,-388.62366
71531.27,-564.9407,-381.08704,-482.27954,-388.87524
71552.25,-565.1841,-381.33435,-482.52673,-389.12708
71573.23,-565.4275,-381.58154,-482.7738,-389.37866
71594.2,-565.6709,-381.82874,-483.021,-389.6305
71615.18,-565.9144,-382.07593,-483.2683,-389.8822
71636.16,-566.1577,-382.32312,-483.51538,-390.1338
71657.13,-566.4011,-382.5702,-483.7627,-390.38562
71678.11,-566.64453,-382.81738,-484.0099,-390.6372
71699.086,-566.88806,-383.06458,-484.25708,-390.88904
71720.06,-567.1316,-383.3119,-484.50427,-391.14075
71741.04,-567.37476,-383.55896,-484.75146,-391.39246
71762.016,-567.61816,-383.80627,-484.99854,-391.64417
71783.0,-567.8618,-384.05347,-485.24597,-391.896
71803.98,-568.1051,-384.30066,-485.49316,-392.1477
71824.95,-568.3485,-384.54785,-485.7401,-392.3994
71845.93,-568.5919,-384.79504,-485.9873,-392.65112
71866.91,-568.83545,-385.04224,-486.23474,-392.90295
71887.88,-569.07886,-385.28943,-486.4818,-393.15454
71908.86,-569.32214,-385.53662,-486.729,-393.40637
71929.836,-569.56555,-385.7838,-486.9762,-393.65796
71950.81,-569.80896,-386.031,-487.2234,-393.9098
71971.79,-570.0525,-386.2782,-487.47058,-394.1615
71992.766,-570.296,-386.5254,-487.71777,-394.4132
72013.74,-570.5393,-386.77258,-487.96484,-394.66492
72034.72,-570.7826,-387.01965,-488.21204,-394.91663
72055.695,-571.026,-387.26697,-488.45923,-395.16833
72076.67,-571.26953,-387.51416,-488.70642,-395.42017
72097.65,-571.51306,-387.76135,-488.95374,-395.67175
72118.625,-571.75635,-388.00842,-489.20093,-395.92358
72139.6,-571.99976,-388.2556,-489.44812,-396.17517
72160.58,-572.24316,-388.50293,-489.6953,-396.42285
72181.555,-572.4866,-388.75,-489.9425,-396.67004
72202.53,-572.72986,-388.9972,-490.18958,-396.91724
72223.51,-572.9734,-389.2444,-490.43677,-397.16443
72244.49,-573.21704,-389.4917,-490.6842,-397.41174
72265.47,-573.46045,-389.7389,-490.93115,-397.65894
72286.445,-573.70374,-389.98608,-491.17834,-397.906
72307.42,-573.94714,-390.23328,-491.42578,-398.15332
72328.4,-574.1904,-390.48047,-491.67285,-398.4005
72349.375,-574.43384,-390.72766,-491.92004,-398.64758
72370.35,-574.6775,-390.97473,-492.16724,-398.89478
72391.33,-574.9208,-391.22205,-492.4143,-399.14197
72412.305,-575.1642,-391.46924,-492.66162,-399.38928
72433.28,-575.4076,-391.71643,-492.9088,-399.63635
72454.26,-575.6509,-391.96362,-493.156,-399.88354
72475.234,-575.89453,-392.2107,-493.40308,-400.13074
72496.21,-576.1378,-392.458,-493.65027,-400.37793
72517.19,-576.3812,-392.7052,-493.89758,-400.62524
72538.164,-576.62463,-392.95227,-494.14478,-400.8723
72559.14,-576.86804,-393.19946,-494.39197,-401.1195
72580.12,-577.11145,-393.44666,-494.63904,-401.3667
72601.09,-577.355,-393.69397,-494.88635,-401.6139
72622.07,-577.59827,-393.94104,-495.13354,-401.86108
72643.05,-577.8417,-394.18823,-495.3806,-402.10828
72664.02,-578.0851,-394.43542,-495.6278,-402.35547
72685.0,-578.3285,-394.68262,-495.875,-402.60254
72705.98,-578.572,-394.92993,-496.1223,-402.84985
72726.96,-578.8153,-395.17712,-496.3694,-403.09705
72747.94,-579.05896,-395.42432,-496.61658,-403.34436
72768.914,-579.30225,-395.6715,-496.8639,-403.59155
72789.89,-579.5458,-395.9187,-497.11108,-403.83862
72810.87,-579.78906,-396.16577,-497.35828,-404.08582
72831.84,-580.0325,-396.4131,-497.60535,-404.333
72852.82,-580.2759,-396.66028,-497.85266,-404.58032
72873.8,-580.5194,-396.90735,-498.09985,-404.8274
72894.77,-580.7628,-397.15466,-498.34705,-405.0746
72915.75,-581.0061,-397.40173,-498.59412,-405.32178
72936.73,-581.2495,-397.64905,-498.8413,-405.56897
72957.7,-581.4929,-397.89624,-499.08862,-405.81628
72978.68,-581.73645,-398.1433,-499.3357,-406.06335
72999.66,-581.98,-398.3905,-499.583,-406.31055
73020.63,-582.22327,-398.6377,-499.83008,-406.55774
73041.61,-582.46655,-398.885,-500.0774,-406.80493
73062.586,-582.70996,-399.13208,-500.3246,-407.05212
73083.56,-582.9535,-399.37927,-500.57166,-407.29932
73104.54,-583.1969,-399.62646,-500.81885,-407.5465
73125.516,-583.4403,-399.87366,-501.06604,-407.79358
73146.49,-583.6837,-400.12097,-501.31335,-408.0409
73167.47,-583.9271,-400.36804,-501.56042,-408.2881
73188.45,-584.17053,-400.61536,-501.80762,-408.5354
73209.43,-584.41394,-400.86255,-502.05493,-408.7826
73230.41,-584.65735,-401.10974,-502.30212,-409.02966
73251.38,-584.9009,-401.3568,-502.54932,-409.27686
73272.36,-585.1444,-401.60413,-502.7964,-409.52405
73293.336,-585.3877,-401.85132,-503.0437,-409.77136
73314.31,-585.631,-402.0984,-503.2909,-410.01843
73335.29,-585.8744,-402.3457,-503.5381,-410.26562
73356.266,-586.1179,-402.59277,-503.78516,-410.51282
73377.24,-586.36145,-402.8401,-504.03235,-410.76
73398.22,-586.60474,-403.08728,-504.27966,-411.00732
73419.195,-586.84814,-403.33435,-504.52673,-411.2544
73440.17,-587.09155,-403.58154,-504.77405,-411.5016
73461.15,-587.3351,-403.82874,-505.02112,-411.74878
73482.125,-587.5785,-404.07605,-505.26843,-411.99597
73503.1,-587.8218,-404.32312,-505.51562,-412.24316
73524.08,-588.0652,-404.5703,-505.7627,-412.49036
73545.055,-588.3086,-404.8175,-506.0099,-412.73755
73566.03,-588.5521,-405.0647,-506.25708,-412.98462
73587.01,-588.7954,-405.312,-506.5044,-413.2318
73607.984,-589.03894,-405.55908,-506.75146,-413.47913
73628.96,-589.2822,-405.80627,-506.99866,-413.72632
73649.945,-589.5259,-406.0536,-507.24597,-413.97363
73670.92,-589.76917,-406.30078,-507.49316,-414.2207
73691.9,-590.0126,-406.54785,-507.74036,-414.4679
73712.875,-590.256,-406.79504,-507.98743,-414.7151
73733.85,-590.49927,-407.04236,-508.23474,-414.9624
73754.83,-590.7429,-407.28943,-508.48193,-415.20947
73775.805,-590.9862,-407.53674,-508.72913,-415.45667
73796.78,-591.2296,-407.7838,-508.9762,-415.70386
73817.76,-591.473,-408.03113,-509.2234,-415.95105
73838.734,-591.71643,-408.27832,-509.4707,-416.19824
73859.71,-591.95984,-408.5254,-509.71777,-416.44543
73880.69,-592.20337,-408.77258,-509.9651,-416.69263
73901.664,-592.44666,-409.01978,-510.21216,-416.93982
73922.64,-592.69006,-409.26697,-510.45947,-417.187
73943.62,-592.9336,-409.51416,-510.70667,-417.4342
73964.59,-593.1769,-409.76135,-510.95374,-417.6814
73985.57,-593.4204,-410.00854,-511.20093,-417.9286
74006.55,-593.6638,-410.25574,-511.44812,-418.17566
74027.52,-593.9072,-410.50293,-511.69543,-418.42285
74048.5,-594.1505,-410.75024,-511.9425,-418.67017
74069.48,-594.3939,-410.9973,-512.1897,-418.91736
74090.45,-594.63745,-411.2445,-512.4369,-419.16455
74111.43,-594.88086,-411.4917,-512.6842,-419.41174
74132.414,-595.12427,-411.7389,-512.9314,-419.65894
74153.39,-595.3678,-411.98608,-513.17847,-419.90613
74174.37,-595.6112,-412.2334,-513.4258,-420.15332
74195.34,-595.8545,-412.48047,-513.673,-420.4005
74216.32,-596.0979,-412.72766,-513.92017,-420.6477
74237.3,-596.3413,-412.97498,-514.16724,-420.8949
74258.27,-596.58484,-413.22217,-514.4144,-421.14197
74279.25,-596.82837,-413.46936,-514.66174,-421.38928
74300.23,-597.07166,-413.71655,-514.9088,-421.6366
74321.2,-597.31494,-413.96362,-515.156,-421.88367
74342.18,-597.55835,-414.21082,-515.4032,-422.13086
74363.16,-597.8019,-414.458,-515.6505,-422.37805
74384.13,-598.0453,-414.7052,-515.8977,-422.62524
74405.11,-598.2887,-414.9524,-516.1448,-422.87244
74426.086,-598.5321,-415.1996,-516.39197,-423.11963
74447.06,-598.7755,-415.44666,-516.63916,-423.3667
74468.04,-599.01904,-415.69397,-516.88635,-423.6139
74489.016,-599.2623,-415.94128,-517.13354,-423.8612
74509.99,-599.50574,-416.18835,-517.38074,-424.1084
74530.97,-599.74915,-416.43555,-517.6279,-424.3556
74551.945,-599.99255,-416.68274,-517.87524,-424.60278
74572.92,-600.2361,-416.92993,-518.12244,-424.84985
74593.91,-600.4795,-417.17712,-518.3696,-425.09717
74614.88,-600.7228,-417.42444,-518.6168,-425.34436
74635.86,-600.9663,-417.67163,-518.864,-425.59167
74656.836,-601.20984,-417.9187,-519.1112,-425.83875
74677.81,-601.4531,-418.16602,-519.3583,-426.08594
74698.79,-601.69653,-418.4131,-519.60547,-426.33313
74719.766,-601.93994,-418.6604,-519.85266,-426.58032
74740.74,-602.1835,-418.9076,-520.09985,-426.82764
74761.72,-602.4269,-419.15466,-520.34705,-427.0747
74782.695,-602.67017,-419.40186,-520.59436,-427.3219
74803.67,-602.9136,-419.64905,-520.84155,-427.5691
74824.65,-603.157,-419.89636,-521.08875,-427.81628
74845.625,-603.4005,-420.14343,-521.33594,-428.06348
74866.6,-603.6438,-420.39062,-521.583,-428.31067
74887.58,-603.8873,-420.63782,-521.8302,-428.55786
74908.555,-604.1306,-420.885,-522.0774,-428.80493
74929.53,-604.374,-421.13232,-522.3246,-429.05212
74950.51,-604.61755,-421.3794,-522.5718,-429.29944
74971.484,-604.86084,-421.6266,-522.819,-429.54663
74992.46,-605.1044,-421.87378,-523.0663,-429.79382
75013.44,-605.3478,-422.12097,-523.3135,-430.0409
75034.414,-605.5912,-422.36816,-523.56067,-430.2881
75055.4,-605.8346,-422.61536,-523.80786,-430.5354
75076.375,-606.078,-422.86267,-524.05505,-430.7827
75097.35,-606.3214,-423.10974,-524.30225,-431.0298
75118.33,-606.5648,-423.35706,-524.54944,-431.27698
75139.305,-606.8085,-423.60413,-524.7965,-431.52417
75160.28,-607.05176,-423.85144,-525.0437,-431.77136
75181.26,-607.29517,-424.09863,-525.291,-432.01855
75202.234,-607.53845,-424.3457,-525.5381,-432.26575
75223.21,-607.782,-424.5929,-525.7854,-432.51294
75244.19,-608.02527,-424.8401,-526.0325,-432.76013
75265.164,-608.2688,-425.0874,-526.2798,-433.0072
75286.14,-608.5122,-425.33447,-526.527,-433.25452
75307.12,-608.7556,-425.58167,-526.77405,-433.5017
75328.09,-608.9989,-425.82886,-527.02124,-433.7489
75349.07,-609.2423,-426.07605,-527.26843,-433.99597
75370.05,-609.48584,-426.32324,-527.51575,-434.24316
75391.02,-609.72925,-426.57043,-527.7628,-434.49048
75412.0,-609.97266,-426.81763,-528.01,-434.73767
75432.98,-610.21594,-427.06482,-528.2572,-434.98486
75453.95,-610.4595,-427.3119,-528.5045,-435.23193
75474.93,-610.703,-427.5592,-528.7517,-435.47913
75495.91,-610.9463,-427.8064,-528.9988,-435.72632
75516.88,-611.1897,-428.0536,-529.24585,-435.97363
75537.87,-611.4332,-428.30078,-529.4933,-436.22083
75558.84,-611.67676,-428.54797,-529.7405,-436.46802
75579.82,-611.92004,-428.79517,-529.98755,-436.7152
75600.8,-612.16345,-429.04248,-530.23474,-436.96228
75621.77,-612.40674,-429.28967,-530.48206,-437.2096
75642.75,-612.65027,-429.53674,-530.7291,-437.4568
75663.73,-612.8937,-429.78394,-530.9763,-437.70398
75684.7,-613.1371,-430.03113,-531.2235,-437.95117
75705.68,-613.3805,-430.27832,-531.4708,-438.19824
75726.66,-613.6239,-430.5255,-531.718,-438.44556
75747.63,-613.86743,-430.7727,-531.9651,-438.69275
75768.61,-614.11084,-431.0199,-532.2123,-438.93994
75789.586,-614.3541,-431.26697,-532.4595,-439.187
75810.56,-614.59753,-431.51428,-532.7068,-439.4342
75831.54,-614.84094,-431.76147,-532.95386,-439.6814
75852.516,-615.0845,-432.00867,-533.20105,-439.9287
75873.49,-615.3279,-432.25586,-533.44824,-440.1759
75894.47,-615.5713,-432.50293,-533.69556,-440.42297
75915.445,-615.8146,-432.75024,-533.94275,-440.67017
75936.42,-616.058,-432.99744,-534.1898,-440.91736
75957.4,-616.3015,-433.24463,-534.4369,-441.16467
75978.375,-616.5449,-433.4917,-534.6841,-441.41174
75999.36,-616.7883,-433.739,-534.9314,-441.65906
76020.336,-617.03186,-433.9862,-535.1786,-441.90625
76041.31,-617.27527,-434.2334,-535.4258,-442.15332
76062.29,-617.51855,-434.4807,-535.6731,-442.40063
76083.266,-617.76196,-434.72778,-535.92017,-442.64783
76104.24,-618.0054,-434.97498,-536.16736,-442.89502
76125.22,-618.2489,-435.22217,-536.41455,-443.1422
76146.195,-618.49243,-435.46936,-536.66187,-443.38928
76167.17,-618.7357,-435.71655,-536.90906,-443.63647
76188.15,-618.9791,-435.96375,-537.1561,-443.8838
76209.125,-619.2224,-436.21094,-537.4033,-444.13098
76230.1,-619.46594,-436.458,-537.6505,-444.37805
76251.08,-619.7092,-436.70532,-537.8978,-444.62524
76272.055,-619.95276,-436.9525,-538.1449,-444.87244
76293.03,-620.19617,-437.1997,-538.3921,-445.11975
76314.01,-620.4396,-437.4469,-538.63916,-445.36694
76334.984,-620.68286,-437.69397,-538.8866,-445.614
76355.96,-620.9265,-437.94116,-539.1338,-445.8612
76376.94,-621.1698,-438.18848,-539.38086,-446.1084
76397.914,-621.4132,-438.43567,-539.6279,-446.3557
76418.89,-621.6566,-438.68274,-539.8751,-446.60278
76439.87,-621.8999,-438.92993,-540.1223,-446.84998
76460.85,-622.14355,-439.17725,-540.3696,-447.0973
76481.83,-622.38684,-439.42444,-540.6168,-447.34436
76502.805,-622.6304,-439.67175,-540.86414,-447.59167
76523.78,-622.87366,-439.91882,-541.1112,-447.83887
76544.76,-623.1172,-440.16602,-541.3584,-448.08606
76565.734,-623.3606,-440.4132,-541.6056,-448.33325
76586.71,-623.604,-440.6604,-541.8529,-448.58032
76607.69,-623.84753,-440.9076,-542.1001,-448.8275
76628.664,-624.0907,-441.1548,-542.34717,-449.07483
76649.64,-624.3342,-441.40198,-542.59424,-449.32202
76670.62,-624.57764,-441.64905,-542.84155,-449.5691
76691.59,-624.82104,-441.89636,-543.08887,-449.81628
76712.57,-625.06433,-442.14355,-543.33594,-450.06348
76733.55,-625.30786,-442.39075,-543.5831,-450.3108
76754.52,-625.5514,-442.63794,-543.8302,-450.55798
76775.5,-625.7948,-442.88513,-544.0774,-450.80518
76796.48,-626.0381,-443.1322,-544.3248,-451.05225
76817.45,-626.2814,-443.37952,-544.5719,-451.29944
76838.43,-626.5249,-443.6267,-544.819,-451.54663
76859.41,-626.76843,-443.87378,-545.06616,-451.79382
76880.38,-627.01184,-444.12097,-545.31335,-452.04102
76901.36,-627.25525,-444.36816,-545.56067,-452.2882
76922.34,-627.49866,-444.61548,-545.80786,-452.5354
76943.32,-627.74207,-444.8628,-546.0552,-452.7826
76964.3,-627.9855,-445.11,-546.30225,-453.0299
76985.27,-628.2289,-445.35706,-546.54944,-453.2771
77006.25,-628.4723,-445.60425,-546.79663,-453.5243
77027.23,-628.7158,-445.85144,-547.04395,-453.77148
77048.2,-628.9592,-446.09863,-547.29114,-454.01855
77069.18,-629.2025,-446.34583,-547.5382,-454.26587
77090.16,-629.4459,-446.59302,-547.7853,-454.51306
77111.13,-629.68933,-446.8401,-548.0326,-454.76013
77132.11,-629.93286,-447.08728,-548.2799,-455.00732
77153.086,-630.1763,-447.3346,-548.527,-455.25452
77174.06,-630.4197,-447.5818,-548.7742,-455.50183
77195.04,-630.66296,-447.82898,-549.02136,-455.74902
77216.016,-630.9064,-448.07617,-549.26843,-455.99622
77236.99,-631.1499,-448.32324,-549.51587,-456.2433
77257.97,-631.3933,-448.57056,-549.76306,-456.49048
77278.945,-631.6367,-448.81775,-550.01,-456.73767
77299.92,-631.88,-449.06494,-550.2572,-456.985
77320.9,-632.12354,-449.312,-550.5044,-457.23206
77341.875,-632.36707,-449.5592,-550.7517,-457.47925
77362.85,-632.6105,-449.8064,-550.9989,-457.72644
77383.83,-632.85376,-450.0537,-551.2461,-457.97363
77404.81,-633.0973,-450.30103,-551.4933,-458.22095
77425.79,-633.3408,-450.5481,-551.7405,-458.46814
77446.766,-633.5841,-450.7953,-551.9877,-458.71533
77467.74,-633.8275,-451.04248,-552.235,-458.96252
77488.72,-634.0708,-451.28967,-552.4822,-459.2096
77509.695,-634.31433,-451.53687,-552.7294,-459.4568
77530.67,-634.5576,-451.78406,-552.9763,-459.7041
77551.65,-634.80115,-452.03125,-553.22363,-459.9513
77572.625,-635.04456,-452.27832,-553.4708,-460.19836
77593.6,-635.28796,-452.52563,-553.718,-460.44556
77614.58,-635.5315,-452.77283,-553.9652,-460.69275
77635.555,-635.7749,-453.02002,-554.2124,-460.94006
77656.53,-636.0182,-453.2672,-554.4595,-461.18726
77677.51,-636.2616,-453.51428,-554.7069,-461.43433
77698.484,-636.505,-453.76147,-554.9541,-461.68152
77719.46,-636.7483,-454.0088,-555.20105,-461.9287
77740.44,-636.99194,-454.25598,-555.44824,-462.17603
77761.414,-637.23535,-454.50305,-555.69543,-462.4231
77782.39,-637.47876,-454.75024,-555.9426,-462.6703
77803.37,-637.72205,-454.99744,-556.18994,-462.91748
77824.34,-637.96533,-455.24475,-556.43713,-463.16455
77845.32,-638.209,-455.49194,-556.6842,-463.412
77866.305,-638.4524,-455.73914,-556.9315,-463.65918
77887.28,-638.6959,-455.98633,-557.1787,-463.90637
77908.26,-638.9392,-456.23352,-557.4259,-464.15356
77929.234,-639.1826,-456.4807,-557.6732,-464.40063
77950.21,-639.426,-456.7279,-557.9204,-464.64783
77971.19,-639.66943,-456.9751,-558.1675,-464.89514
77992.164,-639.91284,-457.2223,-558.41455,-465.14233
78013.14,-640.15625,-457.46936,-558.66187,-465.3894
78034.12,-640.39966,-457.71667,-558.9092,-465.6366
78055.09,-640.64307,-457.96387,-559.15625,-465.8838
78076.07,-640.8865,-458.21106,-559.40344,-466.1311
78097.05,-641.1299,-458.45825,-559.6505,-466.3783
78118.02,-641.3733,-458.70532,-559.8977,-466.62537
78139.0,-641.61694,-458.9525,-560.14514,-466.87256
78159.98,-641.8601,-459.19983,-560.3922,-467.11975
78180.95,-642.1035,-459.44702,-560.6393,-467.36707
78201.93,-642.3469,-459.6941,-560.8865,-467.61414
78222.91,-642.59033,-459.94128,-561.13367,-467.86133
78243.88,-642.834,-460.18848,-561.381,-468.10852
78264.86,-643.0774,-460.4358,-561.6282,-468.3556
78285.836,-643.3208,-460.68298,-561.87524,-468.6029
78306.81,-643.56396,-460.93005,-562.1223,-468.8501
78327.8,-643.8076,-461.17737,-562.36975,-469.0974
78348.77,-644.051,-461.42456,-562.61694,-469.3446
78369.75,-644.29443,-461.67175,-562.86426,-469.59167
78390.73,-644.53784,-461.91895,-563.11145,-469.83887
78411.7,-644.78125,-462.16614,-563.3585,-470.08618
78432.68,-645.02466,-462.41333,-563.6056,-470.33337
78453.66,-645.26807,-462.6604,-563.8529,-470.58044
78474.63,-645.5112,-462.9076,-564.1002,-470.82764
78495.61,-645.7549,-463.1549,-564.3473,-471.07483
78516.586,-645.9983,-463.4021,-564.5945,-471.32214
78537.56,-646.2417,-463.6493,-564.84155,-471.56934
78558.54,-646.4851,-463.89636,-565.08875,-471.8164
78579.516,-646.7285,-464.14355,-565.3362,-472.0636
78600.49,-646.9719,-464.39087,-565.58325,-472.3108
78621.47,-647.21533,-464.63806,-565.8303,-472.55798
78642.445,-647.45874,-464.88513,-566.0775,-472.80518
78663.42,-647.70215,-465.13232,-566.3247,-473.05237
78684.4,-647.94556,-465.37952,-566.572,-473.29956
78705.375,-648.18896,-465.62683,-566.8192,-473.54663
78726.35,-648.4324,-465.87402,-567.0663,-473.79395
78747.33,-648.6758,-466.1211,-567.31335,-474.04114
78768.305,-648.9192,-466.3683,-567.56067,-474.28833
78789.28,-649.1626,-466.61548,-567.808,-474.53552
78810.266,-649.40625,-466.86267,-568.0553,-474.7827
78831.24,-649.64966,-467.11,-568.3025,-475.0299
78852.22,-649.89307,-467.35718,-568.54956,-475.2771
78873.195,-650.1362,-467.60437,-568.79663,-475.5244
78894.17,-650.3799,-467.85144,-569.04395,-475.77148
78915.15,-650.6233,-468.09863,-569.29126,-476.01868
78936.125,-650.8667,-468.34595,-569.5383,-476.26587
78957.1,-651.1101,-468.59314,-569.7855,-476.51306
78978.08,-651.3535,-468.84033,-570.0326,-476.76025
78999.055,-651.5967,-469.0874,-570.2798,-477.00757
79020.03,-651.84033,-469.3346,-570.5272,-477.25464
79041.01,-652.08374,-469.5818,-570.7743,-477.50183
79061.984,-652.32715,-469.8291,-571.02136,-477.74902
79082.96,-652.57056,-470.07617,-571.26855,-477.99634
79103.94,-652.8137,-470.32336,-571.51575,-478.24353
79124.914,-653.0574,-470.57056,-571.76306,-478.4906
79145.89,-653.3008,-470.81775,-572.01025,-478.73767
79166.87,-653.5442,-471.06506,-572.2573,-478.98486
79187.84,-653.7876,-471.31213,-572.5044,-479.2323
79208.82,-654.03076,-471.55933,-572.7517,-479.47937
79229.8,-654.2742,-471.80652,-572.999,-479.72656
79250.77,-654.5178,-472.0537,-573.2461,-479.97363
79271.76,-654.7612,-472.30103,-573.4935,-480.22095
79292.734,-655.00464,-472.54822,-573.7406,-480.46814
79313.71,-655.24805,-472.7954,-573.9877,-480.71533
79334.69,-655.49146,-473.04248,-574.23486,-480.96265
79355.664,-655.73486,-473.28967,-574.4823,-481.20984
79376.64,-655.9783,-473.53687,-574.7294,-481.4569
79397.62,-656.2217,-473.78418,-574.97656,-481.7041
79418.59,-656.46533,-474.03137,-575.22363,-481.9513
79439.57,-656.70874,-474.27844,-575.4708,-482.1985
79460.55,-656.9519,-474.52563,-575.718,-482.44568
79481.52,-657.1953,-474.77283,-575.96533,-482.69287
79502.5,-657.4387,-475.02014,-576.2124,-482.94006
79523.48,-657.6824,-475.2672,-576.4596,-483.18738
79544.45,-657.9258,-475.5144,-576.7068,-483.43457
79565.43,-658.1692,-475.7616,-576.9541,-483.68176
79586.41,-658.41235,-476.0088,-577.2013,-483.9287
79607.38,-658.65576,-476.25598,-577.44836,-484.1759
79628.36,-658.8994,-476.50317,-577.69543,-484.42322
79649.336,-659.1428,-476.75037,-577.9426,-484.6704
79670.31,-659.3862,-476.99756,-578.19006,-484.9176
79691.29,-659.6294,-477.24475,-578.43713,-485.1648
79712.266,-659.8728,-477.49207,-578.6843,-485.41187
79733.25,-660.11646,-477.73926,-578.93164,-485.65918
79754.23,-660.3596,-477.98645,-579.1787,-485.9065
79775.2,-660.6033,-478.23364,-579.4259,-486.1537
79796.18,-660.8467,-478.48083,-579.6731,-486.40088
79817.16,-661.0901,-478.72803,-579.9204,-486.64807
79838.13,-661.3335,-478.9751,-580.1676,-486.89502
79859.11,-661.5769,-479.2223,-580.4147,-487.14233
79880.086,-661.8203,-479.46948,-580.66187,-487.38953
79901.06,-662.0637,-479.71667,-580.90906,-487.63672
79922.04,-662.3071,-479.96387,-581.1564,-487.8839
79943.016,-662.55054,-480.21118,-581.40344,-488.1311
79963.99,-662.79395,-480.45837,-581.65063,-488.37817
79984.97,-663.03735,-480.70557,-581.8978,-488.6256
80005.945,-663.28076,-480.95276,-582.14514,-488.8728
80026.92,-663.5244,-481.19983,-582.39233,-489.11987
80047.9,-663.7676,-481.44702,-582.6395,-489.36694
80068.875,-664.011,-481.6942,-582.8865,-489.61426
80089.85,-664.2544,-481.94153,-583.13367,-489.86157
80110.83,-664.4978,-482.1886,-583.381,-490.10864
80131.805,-664.74146,-482.4358,-583.6282,-490.35583
80152.78,-664.98486,-482.68298,-583.87537,-490.6029
80173.76,-665.228,-482.9303,-584.12256,-490.8501
80194.74,-665.4717,-483.1775,-584.36975,-491.0974
80215.72,-665.7151,-483.42456,-584.61694,-491.3446
80236.695,-665.9585,-483.67188,-584.86426,-491.59192
80257.67,-666.2019,-483.91907,-585.11145,-491.8391
80278.65,-666.4453,-484.16626,-585.35864,-492.08618
80299.625,-666.6887,-484.41333,-585.60583,-492.33337
80320.6,-666.9321,-484.66052,-585.8528,-492.58057
80341.58,-667.17554,-484.90784,-586.1001,-492.82788
80362.555,-667.41895,-485.1549,-586.34753,-493.07495
80383.53,-667.6621,-485.4021,-586.5945,-493.32214
80404.51,-667.90576,-485.6493,-586.8417,-493.56934
80425.484,-668.1492,-485.8966,-587.08887,-493.81665
80446.46,-668.3926,-486.1438,-587.3362,-494.06384
80467.44,-668.636,-486.39087,-587.5834,-494.3109
80488.414,-668.87915,-486.63806,-587.83057,-494.55798
80509.39,-669.1228,-486.88525,-588.0775,-494.80518
80530.37,-669.3662,-487.13257,-588.3247,-495.0526
80551.34,-669.6096,-487.37964,-588.572,-495.29968
80572.32,-669.853,-487.62683,-588.81934,-495.54688
80593.3,-670.09644,-487.87402,-589.0664,-495.79395
80614.27,-670.33984,-488.12134,-589.3136,-496.04114
80635.25,-670.58325,-488.36853,-589.56067,-496.28833
80656.23,-670.82666,-488.6156,-589.8081,-496.53564
80677.21,-671.07007,-488.8629,-590.0552,-496.78296
80698.19,-671.3137,-489.1101,-590.3025,-497.03015
80719.164,-671.5571,-489.35718,-590.5497,-497.27722
80740.14,-671.8003,-489.60437,-590.7969,-497.5244
80761.12,-672.0437,-489.85156,-591.04395,-497.7716
80782.09,-672.2871,-490.09888,-591.29114,-498.01892
80803.07,-672.53076,-490.34595,-591.5383,-498.266
80824.05,-672.7742,-490.59314,-591.78564,-498.51318
80845.02,-673.0176,-490.84033,-592.0327,-498.76025
80866.0,-673.26074,-491.08765,-592.2799,-499.0077
80886.98,-673.50415,-491.33484,-592.5271,-499.25488
80907.95,-673.7478,-491.5819,-592.7744,-499.50195
80928.93,-673.9912,-491.8291,-593.0216,-499.74902
80949.91,-674.2346,-492.0763,-593.2687,-499.99622
80970.88,-674.4778,-492.3236,-593.51575,-500.2434
80991.86,-674.7212,-492.57068,-593.76294,-500.49072
81012.836,-674.96484,-492.81787,-594.0104,-500.7379
81033.81,-675.20825,-493.06494,-594.25745,-500.985
81054.79,-675.45166,-493.31238,-594.50464,-501.23218
81075.766,-675.6948,-493.55957,-594.7517,-501.47937
81096.74,-675.93823,-493.80664,-594.99915,-501.72668
81117.72,-676.18164,-494.0537,-595.24634,-501.97375
81138.7,-676.4253,-494.30115,-595.4934,-502.2212
81159.68,-676.6687,-494.54822,-595.7407,-502.46826
81180.66,-676.9121,-494.7954,-595.9879,-502.71533
81201.63,-677.1555,-495.0426,-596.235,-502.96265
81222.61,-677.3989,-495.28992,-596.4822,-503.20996
81243.586,-677.64233,-495.537,-596.7294,-503.45703
81264.56,-677.88574,-495.78418,-596.9767,-503.70422
81285.54,-678.1294,-496.03137,-597.22375,-503.9513
81306.516,-678.3728,-496.2787,-597.47095,-504.1985
81327.49,-678.61597,-496.52588,-597.718,-504.44592
81348.47,-678.8594,-496.77295,-597.96545,-504.693
81369.445,-679.1028,-497.02002,-598.21265,-504.94006
81390.42,-679.3462,-497.26733,-598.4597,-505.18726
81411.4,-679.58984,-497.51465,-598.7068,-505.43445
81432.375,-679.83325,-497.76172,-598.954,-505.68176
81453.35,-680.0764,-498.0089,-599.2014,-505.92896
81474.33,-680.3198,-498.25598,-599.4485,-506.17603
81495.305,-680.56323,-498.50317,-599.6957,-506.4231
81516.28,-680.8069,-498.7506,-599.94275,-506.6704
81537.26,-681.0503,-498.99768,-600.1902,-506.91772
81558.234,-681.29346,-499.24475,-600.4374,-507.1648
81579.21,-681.53687,-499.49194,-600.68445,-507.412
81600.195,-681.7805,-499.73926,-600.93176,-507.6593
81621.17,-682.0237,-499.98645,-601.17896,-507.90637
81642.15,-682.26733,-500.23364,-601.426,-508.1537
81663.125,-682.5105,-500.48096,-601.6731,-508.401
81684.1,-682.75415,-500.72803,-601.9204,-508.64807
81705.08,-682.99756,-500.97522,-602.1677,-508.89526
81726.055,-683.24097,-501.2224,-602.4148,-509.14233
81747.03,-683.4844,-501.46973,-602.662,-509.38953
81768.01,-683.72754,-501.71692,-602.90906,-509.63696
81788.984,-683.9712,-501.964,-603.1565,-509.88403
81809.96,-684.2146,-502.21106,-603.4037,-510.1311
81830.94,-684.458,-502.45837,-603.65076,-510.3783
81851.914,-684.7014,-502.7057,-603.8978,-510.6255
81872.89,-684.9448,-502.95276,-604.145,-510.8728
81893.87,-685.18823,-503.19995,-604.39246,-511.12
81914.84,-685.43164,-503.44702,-604.6395,-511.36707
81935.82,-685.67505,-503.6942,-604.8867,-511.61414
81956.8,-685.91846,-503.94165,-605.1338,-511.86145
81977.77,-686.16187,-504.18872,-605.3811,-512.10876
81998.75,-686.4053,-504.4358,-605.6284,-512.35583
82019.73,-686.6489,-504.68298,-605.8755,-512.603
82040.7,-686.8921,-504.93018,-606.12256,-512.8501
82061.68,-687.1355,-505.1775,-606.36975,-513.09753
82082.664,-687.37915,-505.42468,-606.61707,-513.3447
82103.64,-687.62256,-505.672,-606.86414,-513.59204
82124.62,-687.86597,-505.91907,-607.11145,-513.8391
82145.59,-688.10913,-506.16626,-607.35876,-514.0863
82166.57,-688.35254,-506.41345,-607.60583,-514.3334
82187.55,-688.5962,-506.66077,-607.853,-514.58057
82208.52,-688.8396,-506.90796,-608.1001,-514.828
82229.5,-689.083,-507.15515,-608.34753,-515.0752
82250.48,-689.3262,-507.4021,-608.5947,-515.32214
82271.45,-689.5696,-507.6494,-608.8418,-515.56934
82292.43,-689.81323,-507.8966,-609.08887,-515.8165
82313.41,-690.05664,-508.1438,-609.33606,-516.06384
82334.38,-690.30005,-508.391,-609.5835,-516.31104
82355.36,-690.5432,-508.63818,-609.83057,-516.5582
82376.336,-690.7866,-508.88525,-610.07776,-516.8052
82397.31,-691.03,-509.1327,-610.3248,-517.0525
82418.29,-691.2737,-509.37988,-610.57214,-517.2997
82439.266,-691.5171,-509.62683,-610.81946,-517.5469
82460.24,-691.7605,-509.87402,-611.0665,-517.79407
82481.22,-692.0039,-510.12122,-611.3136,-518.04126
82502.195,-692.2471,-510.36853,-611.5608,-518.2886
82523.17,-692.4907,-510.61572,-611.8081,-518.53577
82544.16,-692.73413,-510.8629,-612.0552,-518.78296
82565.13,-692.9778,-511.1101,-612.3025,-519.03015
82586.11,-693.2212,-511.3573,-612.5498,-519.27734
82607.086,-693.4646,-511.6045,-612.7969,-519.52454
82628.06,-693.70776,-511.8518,-613.04407,-519.7716
82649.04,-693.9512,-512.099,-613.29114,-520.0188
82670.016,-694.1946,-512.3462,-613.5386,-520.26624
82690.99,-694.43823,-512.59314,-613.78577,-520.5132
82711.97,-694.68164,-512.84033,-614.03296,-520.7604
82732.945,-694.9248,-513.08765,-614.2799,-521.00757
82753.92,-695.1682,-513.33484,-614.5271,-521.2549
82774.9,-695.4116,-513.58203,-614.7743,-521.5021
82795.875,-695.6553,-513.8292,-615.0216,-521.74927
82816.85,-695.8987,-514.0763,-615.2688,-521.99634
82837.83,-696.14185,-514.3235,-615.516,-522.2434
82858.805,-696.385,-514.5709,-615.7632,-522.4907
82879.78,-696.62866,-514.818,-616.0105,-522.73804
82900.76,-696.8723,-515.06506,-616.2577,-522.9851
82921.734,-697.1157,-515.31226,-616.50464,-523.2323
82942.71,-697.3589,-515.55945,-616.75183,-523.4794
82963.69,-697.60205,-515.80676,-616.999,-523.7268
82984.664,-697.8457,-516.05396,-617.24634,-523.974
83005.65,-698.08936,-516.3013,-617.4934,-524.2213
83026.625,-698.33276,-516.54834,-617.7407,-524.4684
83047.6,-698.5762,-516.79553,-617.9879,-524.7156
83068.58,-698.8196,-517.0427,-618.2351,-524.96265
83089.555,-699.063,-517.29004,-618.4823,-525.20984
83110.53,-699.3064,-517.53723,-618.7296,-525.4573
83131.51,-699.5498,-517.7843,-618.9768,-525.70435
83152.484,-699.7932,-518.0314,-619.224,-525.9514
83173.46,-700.03687,-518.2787,-619.47095,-526.1986
83194.44,-700.2803,-518.526,-619.71814,-526.4458
83215.414,-700.52344,-518.7731,-619.96533,-526.6931
83236.39,-700.76685,-519.02026,-620.21265,-526.9403
83257.37,-701.01025,-519.26733,-620.45984,-527.1874
83278.34,-701.2539,-519.5145,-620.70703,-527.43445
83299.32,-701.4973,-519.76196,-620.9542,-527.68176
83320.3,-701.7405,-520.00903,-621.2014,-527.9291
83341.27,-701.98413,-520.2561,-621.4487,-528.17615
83362.25,-702.2273,-520.5033,-621.6957,-528.42334
83383.23,-702.47095,-520.7505,-621.9429,-528.6704
83404.2,-702.7141,-520.9978,-622.19006,-528.91785
83425.18,-702.9575,-521.245,-622.4374,-529.16504
83446.16,-703.2012,-521.49207,-622.6846,-529.4121
83467.14,-703.4446,-521.7394,-622.93176,-529.6594
83488.12,-703.68774,-521.9866,-623.1791,-529.9066
83509.09,-703.9314,-522.23376,-623.42615,-530.1537
83530.07,-704.17456,-522.4811,-623.67334,-530.4009
83551.05,-704.4182,-522.7283,-623.9204,-530.6483
83572.02,-704.6616,-522.97534,-624.16785,-530.8954
83593.0,-704.9048,-523.2224,-624.41504,-531.14246
83613.98,-705.14844,-523.4697,-624.6621,-531.38965
83634.95,-705.39185,-523.71704,-624.9092,-531.63684
83655.93,-705.63525,-523.9641,-625.1564,-531.88416
83676.91,-705.87866,-524.2113,-625.4038,-532.13135
83697.88,-706.1221,-524.4584,-625.6509,-532.3784
83718.86,-706.3655,-524.70557,-625.8981,-532.6255
83739.836,-706.6089,-524.953,-626.14514,-532.8728
83760.81,-706.85254,-525.2001,-626.39246,-533.1201
83781.79,-707.0957,-525.44714,-626.6398,-533.3672
83802.766,-707.3391,-525.69434,-626.88684,-533.6144
83823.74,-707.5825,-525.9415,-627.1339,-533.86145
83844.72,-707.8259,-526.18884,-627.3811,-534.1089
83865.695,-708.0696,-526.43604,-627.6284,-534.3561
83886.67,-708.31274,-526.6831,-627.8756,-534.60315
83907.65,-708.55615,-526.9302,-628.1228,-534.8502
83928.625,-708.7998,-527.1775,-628.3699,-535.0974
83949.61,-709.0432,-527.4248,-628.6172,-535.3447
83970.586,-709.2864,-527.6721,-628.8644,-535.5919
83991.56,-709.53,-527.9193,-629.11145,-535.8391
84012.54,-709.7732,-528.1664,-629.3589,-536.0864
84033.516,-710.01685,-528.41345,-629.6061,-536.3335
84054.49,-710.26,-528.66064,-629.85315,-536.5807
84075.47,-710.5034,-528.9081,-630.1002,-536.8279
84096.445,-710.7471,-529.15515,-630.3474,-537.0752
84117.42,-710.99023,-529.40234,-630.59485,-537.3224
84138.4,-711.2339,-529.6494,-630.8419,-537.56946
84159.375,-711.47705,-529.8966,-631.0891,-537.8165
84180.35,-711.72046,-530.1438,-631.3362,-538.0637
84201.33,-711.9641,-530.3911,-631.5835,-538.31116
84222.305,-712.2075,-530.6382,-631.8308,-538.5582
84243.28,-712.4509,-530.8854,-632.0779,-538.8054
84264.26,-712.6941,-531.13257,-632.32495,-539.0525
84285.234,-712.93774,-531.3799,-632.57214,-539.2999
84306.21,-713.18115,-531.6271,-632.81946,-539.5471
84327.19,-713.42456,-531.87415,-633.06665,-539.7942
84348.164,-713.6682,-532.1212,-633.31384,-540.04126
84369.14,-713.9114,-532.3684,-633.5609,-540.28845
84390.12,-714.1548,-532.61584,-633.808,-540.5359
84411.1,-714.3982,-532.86316,-634.0554,-540.78296
84432.08,-714.6416,-533.11035,-634.3025,-541.03015
84453.055,-714.885,-533.3574,-634.5499,-541.27747
84474.03,-715.12866,-533.6045,-634.7971,-541.52454
84495.01,-715.3718,-533.8517,-635.0442,-541.7717
84515.984,-715.61523,-534.0989,-635.29126,-542.0188
84536.96,-715.85864,-534.3462,-635.53845,-542.26624
84557.94,-716.10205,-534.5934,-635.7859,-542.5134
84578.914,-716.3457,-534.84045,-636.03296,-542.7605
84599.89,-716.58887,-535.08765,-636.28015,-543.00757
84620.87,-716.8325,-535.33484,-636.5272,-543.25476
84641.84,-717.0757,-535.58215,-636.77454,-543.5022
84662.82,-717.3191,-535.8292,-637.0217,-543.74927
84683.8,-717.56274,-536.0764,-637.2689,-543.99646
84704.77,-717.8059,-536.3235,-637.516,-544.2435
84725.75,-718.04956,-536.5709,-637.7632,-544.49097
84746.73,-718.2927,-536.8181,-638.0105,-544.73816
84767.7,-718.53613,-537.0652,-638.2577,-544.9852
84788.68,-718.77954,-537.31226,-638.5049,-545.2323
84809.66,-719.0232,-537.55945,-638.75195,-545.4795
84830.63,-719.2666,-537.8069,-638.999,-545.7268
84851.61,-719.50977,-538.05396,-639.24646,-545.974
84872.59,-719.7534,-538.3014,-639.49365,-546.2212
84893.57,-719.9968,-538.54846,-639.74097,-546.4685
84914.55,-720.24023,-538.79553,-639.98804,-546.7156
84935.52,-720.4834,-539.0427,-640.2351,-546.96277
84956.5,-720.72705,-539.2899,-640.4824,-547.20996
84977.48,-720.97046,-539.53723,-640.7295,-547.4573
84998.45,-721.21387,-539.7844,-640.9768,-547.70447
85019.43,-721.4573,-540.0316,-641.2239,-547.95166
85040.41,-721.7007,-540.27856,-641.4712,-548.1986
85061.38,-721.9441,-540.5259,-641.71826,-548.4458
85082.36,-722.1875,-540.7733,-641.9656,-548.6931
85103.336,-722.4309,-541.02026,-642.2129,-548.9403
85124.31,-722.6743,-541.26746,-642.45996,-549.1875
85145.29,-722.9177,-541.51465,-642.70703,-549.4347
85166.266,-723.16113,-541.76196,-642.95435,-549.6819
85187.24,-723.40454,-542.00916,-643.20166,-549.9292
85208.22,-723.6482,-542.25635,-643.4487,-550.1764
85229.195,-723.89136,-542.5033,-643.6958,-550.42334
85250.17,-724.13477,-542.7505,-643.9429,-550.67053
85271.15,-724.3782,-542.9978,-644.1902,-550.9177
85292.125,-724.6216,-543.245,-644.4375,-551.16504
85313.1,-724.86523,-543.4922,-644.6846,-551.41223
85334.08,-725.1084,-543.7394,-644.93164,-551.6594
85355.06,-725.3518,-543.9866,-645.1792,-551.9066
85376.04,-725.59546,-544.23376,-645.4263,-552.1538
85397.016,-725.8386,-544.48096,-645.67334,-552.401
85417.99,-726.0823,-544.7283,-645.92065,-552.6483
85438.97,-726.32544,-544.97546,-646.16797,-552.8955
85459.945,-726.5691,-545.22266,-646.41504,-553.1427
85480.92,-726.8125,-545.4696,-646.6621,-553.38965
85501.9,-727.0559,-545.7169,-646.9094,-553.63684
85522.875,-727.2991,-545.9641,-647.15674,-553.88403
85543.85,-727.5425,-546.2113,-647.4038,-554.13135
85564.83,-727.78613,-546.4585,-647.6511,-554.37854
85585.805,-728.02954,-546.7057,-647.89795,-554.62573
85606.78,-728.27295,-546.9529,-648.14526,-554.8729
85627.76,-728.5161,-547.2002,-648.3926,-555.12024
85648.734,-728.75977,-547.4474,-648.63965,-555.36743
85669.71,-729.0032,-547.69446,-648.88696,-555.6145
85690.69,-729.2466,-547.9415,-649.13403,-555.8616
85711.664,-729.49,-548.1887,-649.3811,-556.10876
85732.64,-729.73315,-548.43616,-649.6284,-556.3562
85753.62,-729.9768,-548.6832,-649.87573,-556.6033
85774.59,-730.2202,-548.9304,-650.1228,-556.85046
85795.57,-730.4636,-549.1775,-650.3699,-557.09753
85816.555,-730.70703,-549.4248,-650.61743,-557.34485
85837.53,-730.95044,-549.672,-650.8645,-557.59204
85858.51,-731.1941,-549.9192,-651.1116,-557.8391
85879.484,-731.43726,-550.1665,-651.3589,-558.08655
85900.46,-731.6809,-550.4137,-651.60596,-558.33374
85921.44,-731.9241,-550.66077,-651.8533,-558.5808
85942.414,-732.1675,-550.90796,-652.10034,-558.8279
85963.39,-732.41113,-551.15515,-652.34766,-559.0751
85984.37,-732.6543,-551.40247,-652.595,-559.3225
86005.34,-732.8977,-551.64954,-652.84204,-559.5696
86026.32,-733.1411,-551.8967,-653.0891,-559.8168
86047.3,-733.38477,-552.1438,-653.3362,-560.06384
86068.27,-733.6279,-552.39124,-653.5835,-560.3113
86089.25,-733.8716,-552.6384,-653.8308,-560.5585
86110.23,-734.11475,-552.8855,-654.0779,-560.80554
86131.2,-734.35815,-553.13257,-654.3252,-561.0526
86152.18,-734.6018,-553.37976,-654.57227,-561.2998
86173.16,-734.845,-553.6272,-654.81934,-561.5471
86194.13,-735.0886,-553.87427,-655.0669,-561.7943
86215.11,-735.3318,-554.12146,-655.31396,-562.0415
86236.086,-735.57544,-554.3685,-655.56104,-562.2886
86257.06,-735.81885,-554.61597,-655.8081,-562.5359
86278.05,-736.06226,-554.86304,-656.0554,-562.7831
86299.02,-736.30566,-555.1102,-656.30273,-563.03015
86320.0,-736.5491,-555.35754,-656.5498,-563.2776
86340.98,-736.7925,-555.60474,-656.7971,-563.5248
86361.95,-737.0359,-555.8518,-657.0442,-563.77185
86382.93,-737.2793,-556.0989,-657.2915,-564.0189
86403.91,-737.5227,-556.3462,-657.5386,-564.2661
86424.88,-737.7661,-556.5935,-657.7859,-564.51355
86445.86,-738.0095,-556.8406,-658.0332,-564.7606
86466.836,-738.2529,-557.08777,-658.2803,-565.0078
86487.81,-738.4966,-557.33484,-658.52734,-565.2549
86508.79,-738.73975,-557.5823,-658.77466,-565.5022
86529.766,-738.98315,-557.82947,-659.022,-565.7495
86550.74,-739.22656,-558.07654,-659.26904,-565.9966
86571.72,-739.47,-558.3236,-659.5161,-566.24365
86592.695,-739.7136,-558.5708,-659.7632,-566.49084
86613.67,-739.9568,-558.81824,-660.0105,-566.73816
86634.65,-740.20044,-559.0653,-660.2578,-566.98535
86655.625,-740.4436,-559.3125,-660.5049,-567.23254
86676.6,-740.68726,-559.5596,-660.75195,-567.4796
86697.58,-740.93066,-559.8069,-660.99927,-567.7269
86718.555,-741.1738,-560.0542,-661.24634,-567.9741
86739.53,-741.4175,-560.3013,-661.49365,-568.2213
86760.516,-741.6609,-560.5486,-661.74097,-568.4686
86781.49,-741.9043,-560.7958,-661.9883,-568.7158
86802.47,-742.1477,-561.04285,-662.23535,-568.9629
86823.445,-742.39087,-561.2899,-662.4824,-569.20996
86844.42,-742.6345,-561.53723,-662.72974,-569.45715
86865.4,-742.8779,-561.78455,-662.97705,-569.7046
86886.375,-743.12134,-562.0316,-663.2241,-569.95166
86907.35,-743.36475,-562.2788,-663.4712,-570.19885
86928.33,-743.60815,-562.5259,-663.71826,-570.4459
86949.305,-743.85156,-562.7733,-663.9656,-570.69324
86970.28,-744.095,-563.0205,-664.2129,-570.94055
86991.26,-744.3384,-563.2676,-664.45996,-571.1876
87012.234,-744.5818,-563.51465,-664.7073,-571.4347
87033.21,-744.8252,-563.76184,-664.95435,-571.6819
87054.19,-745.0686,-564.0093,-665.2014,-571.9292
87075.164,-745.312,-564.25635,-665.4487,-572.1764
87096.14,-745.5554,-564.50354,-665.69604,-572.4236
87117.12,-745.7988,-564.7506,-665.9431,-572.67065
87138.09,-746.04224,-564.9979,-666.1902,-572.91797
87159.07,-746.28564,-565.24524,-666.4375,-573.16516
87180.05,-746.52905,-565.4923,-666.6848,-573.41235
87201.02,-746.77246,-565.7394,-666.9319,-573.6594
87222.01,-747.0161,-565.9868,-667.1792,-573.90686
87242.984,-747.2595,-566.2339,-667.4263,-574.15393
87263.96,-747.5027,-566.48096,-667.6736,-574.401
87284.94,-747.74634,-566.7283,-667.92065,-574.6482
87305.914,-747.9895,-566.9756,-668.16797,-574.8956
87326.89,-748.23315,-567.22266,-668.4153,-575.1427
87347.87,-748.47656,-567.46985,-668.66235,-575.3899
87368.84,-748.72,-567.7169,-668.9094,-575.63696
87389.82,-748.9634,-567.96436,-669.1565,-575.8843
87410.8,-749.20654,-568.21155,-669.4038,-576.1316
87431.77,-749.4502,-568.4586,-669.6511,-576.37866
87452.75,-749.69336,-568.7057,-669.8982,-576.62573
87473.73,-749.937,-568.9529,-670.14526,-576.8729
87494.7,-750.1804,-569.2003,-670.3926,-577.12024
87515.68,-750.4238,-569.4474,-670.63965,-577.36743
87536.66,-750.667,-569.6946,-670.88696,-577.6146
87557.63,-750.9104,-569.94165,-671.13403,-577.8617
87578.61,-751.15405,-570.18896,-671.38135,-578.10876
87599.586,-751.39746,-570.4363,-671.6284,-578.3562
87620.56,-751.64087,-570.68335,-671.87573,-578.6034
87641.54,-751.88403,-570.9304,-672.12305,-578.85046
87662.516,-752.1277,-571.1776,-672.3701,-579.09766
87683.5,-752.3711,-571.4249,-672.61743,-579.345
87704.48,-752.6145,-571.672,-672.8645,-579.59204
87725.45,-752.8579,-571.9192,-673.1116,-579.83923
87746.43,-753.1013,-572.1666,-673.3589,-580.0867
87767.41,-753.345,-572.4137,-673.6062,-580.33374
87788.38,-753.58813,-572.6609,-673.8533,-580.58093
87809.36,-753.83154,-572.9081,-674.10034,-580.8281
87830.336,-754.07495,-573.1554,-674.34766,-581.0753
87851.31,-754.31836,-573.4026,-674.5947,-581.3225
87872.29,-754.562,-573.6498,-674.84204,-581.5698
87893.266,-754.8052,-573.8967,-675.08936,-581.8168
87914.24,-755.0486,-574.1439,-675.3364,-582.06396
87935.22,-755.292,-574.3911,-675.5835,-582.31116
87956.195,-755.53564,-574.6384,-675.8308,-582.5585
87977.17,-755.77905,-574.8856,-676.0781,-582.80566
87998.15,-756.0222,-575.1328,-676.3252,-583.05286
88019.125,-756.2656,-575.38,-676.57227,-583.2998
88040.1,-756.50903,-575.6272,-676.81934,-583.54724
88061.08,-756.7527,-575.8745,-677.0669,-583.79443
88082.055,-756.9961,-576.12146,-677.31396,-584.0415
88103.03,-757.2395,-576.36865,-677.56104,-584.2887
88124.01,-757.48267,-576.61584,-677.8081,-584.5359
88144.99,-757.7263,-576.86304,-678.05566,-584.7831
88165.97,-757.9697,-577.1102,-678.30273,-585.0303
88186.945,-758.2129,-577.35754,-678.5498,-585.27747
88207.92,-758.45654,-577.60474,-678.79736,-585.5248
88228.9,-758.69995,-577.8519,-679.04443,-585.772
88249.875,-758.94336,-578.0991,-679.2915,-586.01917
88270.85,-759.18677,-578.34644,-679.5386,-586.26636
88291.83,-759.42993,-578.5936,-679.7859,-586.51355
88312.805,-759.6736,-578.8408,-680.0332,-586.76086
88333.78,-759.917,-579.08777,-680.2803,-587.0078
88354.76,-760.16064,-579.33496,-680.5276,-587.255
88375.734,-760.4038,-579.58215,-680.7744,-587.5022
88396.71,-760.6472,-579.8296,-681.0217,-587.7495
88417.69,-760.8906,-580.07666,-681.26904,-587.9967
88438.664,-761.13403,-580.32385,-681.5161,-588.2439
88459.64,-761.37744,-580.5709,-681.7634,-588.49097
88480.62,-761.62085,-580.81824,-682.00977,-588.7383
88501.59,-761.86426,-581.06555,-682.2529,-588.9855
88522.57,-762.10767,-581.3126,-682.4966,-589.23267
88543.55,-762.3511,-581.5597,-682.73975,-589.47974
88564.52,-762.5945,-581.8069,-682.98315,-589.7269
88585.5,-762.8379,-582.0542,-683.2268,-589.974
88606.48,-763.0813,-582.3014,-683.47,-590.2213
88627.46,-763.32495,-582.5486,-683.7136,-590.4685
88648.44,-763.56836,-582.7959,-683.95703,-590.71594
88669.414,-763.8115,-583.04297,-684.20044,-590.963
88690.39,-764.05493,-583.29016,-684.44385,-591.2102
88711.37,-764.2986,-583.53723,-684.687,-591.4573
88732.34,-764.54175,-583.78467,-684.9304,-591.7046
88753.32,-764.7854,-584.03186,-685.1741,-591.9519
88774.3,-765.02856,-584.27893,-685.4175,-592.199
88795.27,-765.2722,-584.526,-685.6609,-592.44604
88816.25,-765.5156,-584.7732,-685.9043,-592.69324
88837.23,-765.7588,-585.0206,-686.14746,-592.94055
88858.2,-766.00244,-585.2677,-686.3911,-593.18774
88879.18,-766.2456,-585.5149,-686.6345,-593.43494
88900.16,-766.48926,-585.76196,-686.8779,-593.682
88921.13,-766.7324,-586.0093,-687.12134,-593.9291
88942.11,-766.9761,-586.2566,-687.36475,-594.1765
88963.086,-767.2195,-586.50366,-687.60815,-594.4237
88984.06,-767.4629,-586.75073,-687.85156,-594.6708
89005.04,-767.7063,-586.9979,-688.095,-594.91797
89026.016,-767.94946,-587.24524,-688.3384,-595.16504
89046.99,-768.1931,-587.49243,-688.5818,-595.41235
89067.97,-768.4365,-587.7396,-688.8252,-595.65967
89088.95,-768.6802,-587.98694,-689.0686,-595.907
89109.93,-768.92334,-588.234,-689.312,-596.15405
89130.91,-769.16675,-588.4812,-689.55566,-596.40125
89151.88,-769.4104,-588.7283,-689.7991,-596.6483
89172.86,-769.65356,-588.9757,-690.0425,-596.8956
89193.836,-769.8972,-589.2229,-690.28564,-597.1428
89214.81,-770.1404,-589.47,-690.5293,-597.39
89235.79,-770.38403,-589.71704,-690.77246,-597.6371
89256.766,-770.6272,-589.96423,-691.0161,-597.8843
89277.74,-770.8706,-590.2117,-691.2595,-598.1316
89298.72,-771.11426,-590.45874,-691.5027,-598.3788
89319.695,-771.3574,-590.70593,-691.7461,-598.626
89340.67,-771.6011,-590.953,-691.9895,-598.87305
89361.65,-771.84424,-591.2003,-692.23315,-599.1201
89382.625,-772.0879,-591.4475,-692.47656,-599.36755
89403.6,-772.3313,-591.6947,-692.72,-599.61475
89424.58,-772.57446,-591.9418,-692.96313,-599.8618
89445.555,-772.8181,-592.18896,-693.20654,-600.109
89466.53,-773.0613,-592.4363,-693.44995,-600.3561
89487.51,-773.30493,-592.6835,-693.6936,-600.6034
89508.484,-773.54834,-592.93066,-693.937,-600.8506
89529.46,-773.79175,-593.17773,-694.1804,-601.0978
89550.445,-774.03516,-593.42505,-694.4238,-601.3451
89571.42,-774.27856,-593.67224,-694.66724,-601.5923
89592.4,-774.522,-593.9193,-694.91064,-601.83936
89613.375,-774.7654,-594.16675,-695.15405,-602.0867
89634.35,-775.00903,-594.41394,-695.3977,-602.33386
89655.33,-775.2522,-594.661,-695.6411,-602.58105
89676.305,-775.49585,-594.9081,-695.8843,-602.8281
89697.28,-775.739,-595.1553,-696.1277,-603.0753
89718.26,-775.9824,-595.4026,-696.3711,-603.32263
89739.234,-776.2258,-595.6498,-696.61475,-603.5698
89760.21,-776.46924,-595.897,-696.85815,-603.817
89781.19,-776.7129,-596.14404,-697.1013,-604.0641
89802.164,-776.95605,-596.39136,-697.345,-604.31116
89823.14,-777.1997,-596.63855,-697.58813,-604.5586
89844.12,-777.4429,-596.88574,-697.8318,-604.80566
89865.09,-777.6863,-597.1328,-698.0752,-605.05286
89886.07,-777.92993,-597.38,-698.31836,-605.30005
89907.05,-778.1731,-597.6273,-698.562,-605.5471
89928.02,-778.4165,-597.8745,-698.8052,-605.79443
89949.0,-778.6599,-598.1217,-699.0488,-606.0416
89969.98,-778.90356,-598.3688,-699.292,-606.2888
89990.95,-779.147,-598.61584,-699.53564,-606.5359
90011.93,-779.39014,-598.8633,-699.77856,-606.7831
90032.914,-779.6338,-599.11035,-700.02246,-607.0304
90053.89,-779.8772,-599.35767,-700.26587,-607.2777
90074.87,-780.1206,-599.605,-700.5093,-607.5249
90095.84,-780.364,-599.85205,-700.7527,-607.7721
90116.82,-780.6074,-600.0991,-700.99634,-608.01917
90137.8,-780.8508,-600.3463,-701.2395,-608.26636
90158.77,-781.09424,-600.5936,-701.4829,-608.5137
90179.75,-781.33765,-600.8408,-701.7263,-608.76074
90200.73,-781.5808,-601.088,-701.9697,-609.00806
90221.7,-781.82446,-601.3351,-702.2134,-609.2551
90242.68,-782.0679,-601.5824,-702.45654,-609.5022
90263.66,-782.3115,-601.8296,-702.69995,-609.7494
90284.63,-782.5547,-602.0768,-702.94336,-609.9967
90305.61,-782.79785,-602.32385,-703.18677,-610.2439
90326.586,-783.0415,-602.57104,-703.4304,-610.4911
90347.56,-783.2849,-602.81836,-703.6736,-610.73816
90368.54,-783.52856,-603.0654,-703.917,-610.9855
90389.516,-783.7717,-603.31274,-704.16064,-611.23267
90410.49,-784.01514,-603.5598,-704.4038,-611.47986
90431.47,-784.25854,-603.8069,-704.64746,-611.7269
90452.445,-784.50195,-604.0541,-704.8906,-611.9741
90473.42,-784.74536,-604.3015,-705.13403,-612.2213
90494.41,-784.9888,-604.5487,-705.3777,-612.46875
90515.38,-785.2324,-604.796,-705.6211,-612.71594
90536.36,-785.4758,-605.0431,-705.86426,-612.96313
90557.336,-785.71924,-605.29016,-706.1079,-613.2102
90578.31,-785.9624,-605.53735,-706.3511,-613.4574
90599.29,-786.2058,-605.78455,-706.5947,-613.7046
90620.266,-786.44946,-606.03186,-706.8379,-613.9518
90641.24,-786.6929,-606.27905,-707.0813,-614.1991
90662.22,-786.9363,-606.52625,-707.32495,-614.4463
90683.195,-787.17944,-606.77344,-707.56836,-614.69324
90704.17,-787.4231,-607.0206,-707.812,-614.9404
90725.15,-787.6665,-607.2678,-708.05493,-615.18787
90746.125,-787.9099,-607.5149,-708.2986,-615.43494
90767.1,-788.1533,-607.7621,-708.542,-615.6821
90788.08,-788.3965,-608.0093,-708.7854,-615.9293
90809.055,-788.64014,-608.2565,-709.02905,-616.1765
90830.03,-788.88354,-608.5038,-709.2722,-616.4237
90851.01,-789.12695,-608.751,-709.5156,-616.6709
90871.984,-789.37036,-608.9979,-709.75903,-616.91797
90892.96,-789.6135,-609.2451,-710.00244,-617.16516
90913.94,-789.8572,-609.49255,-710.2461,-617.41235
90934.914,-790.10034,-609.7396,-710.48926,-617.65955
90955.9,-790.344,-609.98706,-710.73267,-617.907
90976.875,-790.5874,-610.23425,-710.9761,-618.1542
90997.85,-790.83105,-610.4812,-711.2195,-618.40125
91018.83,-791.07446,-610.7284,-711.4629,-618.64844
91039.805,-791.3176,-610.9756,-711.70654,-618.8956
91060.78,-791.56104,-611.2229,-711.9497,-619.1428
91081.76,-791.80444,-611.4701,-712.19336,-619.39014
91102.734,-792.0481,-611.7173,-712.4365,-619.6373
91123.71,-792.29126,-611.96436,-712.67993,-619.8843
91144.69,-792.5349,-612.2117,-712.9236,-620.1315
91165.664,-792.7781,-612.45886,-713.16675,-620.3789
91186.64,-793.0215,-612.70605,-713.4104,-620.626
91207.62,-793.2649,-612.9531,-713.65356,-620.87317
91228.59,-793.5083,-613.2003,-713.897,-621.12036
91249.57,-793.75195,-613.44763,-714.1406,-621.36743
91270.55,-793.9951,-613.6948,-714.38403,-621.61475
91291.52,-794.2388,-613.942,-714.6277,-621.86194
91312.5,-794.48193,-614.1891,-714.8706,-622.10913
91333.48,-794.72534,-614.43616,-715.114,-622.3562
91354.45,-794.969,-614.6836,-715.3574,-622.6034
91375.43,-795.21216,-614.93066,-715.6011,-622.8507
91396.41,-795.4558,-615.17786,-715.8447,-623.0979
91417.39,-795.6992,-615.4253,-716.0879,-623.3452
91438.37,-795.9426,-615.67236,-716.3313,-623.5924
91459.34,-796.18604,-615.91943,-716.5747,-623.8395
91480.32,-796.42944,-616.1666,-716.8181,-624.0867
91501.3,-796.67285,-616.41394,-717.0615,-624.334
91522.27,-796.91626,-616.66113,-717.3052,-624.58105
91543.25,-797.15967,-616.9083,-717.54834,-624.82837
91564.23,-797.4031,-617.1554,-717.79175,-625.07544
91585.2,-797.6465,-617.4027,-718.03516,-625.3225
91606.18,-797.8899,-617.6499,-718.27856,-625.5697
91627.16,-798.1333,-617.8971,-718.522,-625.817
91648.13,-798.3767,-618.14417,-718.7654,-626.0642
91669.11,-798.6201,-618.39136,-719.00903,-626.3114
91690.086,-798.8635,-618.6387,-719.2522,-626.5585
91711.06,-799.10693,-618.88574,-719.49536,-626.8058
91732.04,-799.3506,-619.13306,-719.739,-627.053
91753.016,-799.59375,-619.3801,-719.9824,-627.3002
91773.99,-799.83716,-619.6272,-720.2261,-627.54724
91794.97,-800.08057,-619.8744,-720.46924,-627.79443
91815.945,-800.324,-620.1217,-720.7124,-628.04175
91836.92,-800.5676,-620.3689,-720.95605,-628.2888
91857.9,-800.8108,-620.6161,-721.1997,-628.53613
91878.875,-801.05444,-620.86316,-721.4431,-628.7832
91899.86,-801.29785,-621.1105,-721.6863,-629.0305
91920.836,-801.541,-621.35767,-721.92993,-629.2777
91941.81,-801.78467,-621.605,-722.17334,-629.5248
91962.79,-802.0281,-621.8522,-722.41675,-629.7721
91983.766,-802.2715,-622.09937,-722.66016,-630.0194
92004.74,-802.5149,-622.34644,-722.9033,-630.2665
92025.72,-802.7583,-622.59375,-723.147,-630.51355
92046.695,-803.0017,-622.84094,-723.3904,-630.76074
92067.67,-803.2449,-623.08813,-723.6338,-631.00806
92088.65,-803.4885,-623.3352,-723.87695,-631.25525
92109.625,-803.73193,-623.5824,-724.1206,-631.50244
92130.6,-803.97534,-623.82947,-724.364,-631.7495
92151.58,-804.21875,-624.0768,-724.6074,-631.9968
92172.555,-804.46216,-624.3241,-724.8508,-632.244
92193.53,-804.70557,-624.57117,-725.094,-632.4912
92214.51,-804.949,-624.81824,-725.33765,-632.7383
92235.484,-805.1924,-625.0654,-725.58105,-632.9855
92256.46,-805.4358,-625.31274,-725.8247,-633.2328
92277.44,-805.6792,-625.55994,-726.0679,-633.47986
92298.414,-805.9226,-625.8071,-726.3113,-633.7272
92319.39,-806.166,-626.0542,-726.5547,-633.97424
92340.37,-806.4094,-626.3015,-726.7981,-634.22156
92361.35,-806.65283,-626.5487,-727.04175,-634.46875
92382.33,-806.8965,-626.796,-727.2849,-634.7158
92403.305,-807.13965,-627.0432,-727.52856,-634.96313
92424.28,-807.3833,-627.2904,-727.772,-635.21045
92445.26,-807.6267,-627.5375,-728.01514,-635.4575
92466.234,-807.8699,-627.78455,-728.2588,-635.7046
92487.21,-808.1135,-628.032,-728.50195,-635.9518
92508.19,-808.3567,-628.2792,-728.7456,-636.1991
92529.164,-808.60034,-628.52625,-728.989,-636.4463
92550.14,-808.84375,-628.77344,-729.2324,-636.6935
92571.12,-809.08716,-629.0205,-729.4756,-636.94055
92592.09,-809.3303,-629.2678,-729.719,-637.18787
92613.07,-809.574,-629.51514,-729.96265,-637.43506
92634.05,-809.8174,-629.7622,-730.2058,-637.68225
92655.02,-810.0608,-630.0093,-730.44946,-637.9293
92676.0,-810.3042,-630.2565,-730.6926,-638.1765
92696.98,-810.54736,-630.5038,-730.9363,-638.4238
92717.95,-810.791,-630.751,-731.1797,-638.6709
92738.93,-811.0344,-630.99817,-731.42285,-638.9182
92759.91,-811.27783,-631.24524,-731.6665,-639.1653
92780.88,-811.52124,-631.49255,-731.90967,-639.4126
92801.86,-811.7644,-631.73975,-732.1533,-639.6599
92822.84,-812.0083,-631.98706,-732.3967,-639.907
92843.82,-812.25146,-632.23425,-732.6404,-640.1543
92864.8,-812.4949,-632.48145,-732.88354,-640.40137
92885.77,-812.7383,-632.7285,-733.12695,-640.64844
92906.75,-812.9817,-632.9756,-733.37036,-640.8955
92927.73,-813.22534,-633.223,-733.6138,-641.1428
92948.7,-813.4685,-633.4702,-733.8574,-641.39014
92969.68,-813.7119,-633.7173,-734.1006,-641.6372
92990.66,-813.9553,-633.9645,-734.34424,-641.8845
93011.63,-814.199,-634.21155,-734.5874,-642.1316
93032.61,-814.4424,-634.45886,-734.8308,-642.3789
93053.586,-814.68555,-634.70605,-735.07446,-642.6262
93074.56,-814.92896,-634.95325,-735.3176,-642.8733
93095.54,-815.17236,-635.2003,-735.5613,-643.12036
93116.516,-815.416,-635.4475,-735.80444,-643.36743
93137.49,-815.6592,-635.6948,-736.0481,-643.615
93158.47,-815.90283,-635.942,-736.29126,-643.86206
93179.445,-816.146,-636.1892,-736.53467,-644.10913
93200.42,-816.38965,-636.4363,-736.7783,-644.3562
93221.4,-816.63306,-636.6836,-737.0215,-644.6035
93242.375,-816.8762,-636.9308,-737.26514,-644.8508
93263.35,-817.1199,-637.178,-737.5083,-645.09814
93284.33,-817.36304,-637.42505,-737.75195,-645.345
93305.31,-817.6067,-637.6725,-737.99536,-645.5925
93326.29,-817.8501,-637.91956,-738.2388,-645.8396
93347.266,-818.09326,-638.1666,-738.4822,-646.0867
93368.24,-818.3369,-638.41406,-738.7256,-646.334
93389.22,-818.5803,-638.66125,-738.969,-646.58105
93410.195,-818.8237,-638.9083,-739.2124,-646.82837
93431.17,-819.06714,-639.1555,-739.45605,-647.07544
93452.15,-819.31055,-639.4027,-739.6992,-647.32275
93473.125,-819.55396,-639.6499,-739.9426,-647.57007
93494.1,-819.79736,-639.8972,-740.18604,-647.81714
93515.08,-820.0408,-640.1443,-740.42944,-648.06445
93536.055,-820.2842,-640.39136,-740.6731,-648.3113
93557.03,-820.5276,-640.6387,-740.91626,-648.5586
93578.01,-820.771,-640.88574,-741.1599,-648.80566
93598.984,-821.0144,-641.13306,-741.4031,-649.053
93619.96,-821.2578,-641.3801,-741.6465,-649.3003
93640.94,-821.5012,-641.62744,-741.8899,-649.54736
93661.914,-821.7446,-641.87476,-742.1333,-649.7947
93682.89,-821.98804,-642.1218,-742.37695,-650.042
93703.87,-822.23145,-642.36914,-742.6201,-650.28906
93724.84,-822.47485,-642.61597,-742.8638,-650.53613
93745.82,-822.7185,-642.8633,-743.10693,-650.7832
93766.805,-822.9619,-643.1106,-743.35034,-651.03076
93787.78,-823.2051,-643.35767,-743.594,-651.2776
93808.76,-823.4487,-643.605,-743.8374,-651.5249
93829.734,-823.6919,-643.8523,-744.0808,-651.7722
93850.71,-823.93555,-644.09937,-744.3242,-652.0193
93871.69,-824.1787,-644.34644,-744.5676,-652.2666
93892.664,-824.4221,-644.59375,-744.81104,-652.5137
93913.64,-824.6658,-644.8408,-745.05444,-652.76074
93934.62,-824.90894,-645.08813,-745.29785,-653.0083
93955.59,-825.1526,-645.33545,-745.54126,-653.2554
93976.57,-825.39575,-645.5825,-745.78467,-653.50244
93997.55,-825.6394,-645.8296,-746.0281,-653.7495
94018.52,-825.8828,-646.0769,-746.2715,-653.9968
94039.5,-826.1262,-646.3242,-746.5149,-654.24414
94060.48,-826.3696,-646.5713,-746.7583,-654.4912
94081.45,-826.6128,-646.81836,-747.0017,-654.7385
94102.43,-826.85645,-647.0654,-747.2449,-654.9856
94123.41,-827.09985,-647.313,-747.4885,-655.2329
94144.38,-827.34326,-647.56006,-747.73193,-655.4802
94165.36,-827.5867,-647.8071,-747.9756,-655.7273
94186.336,-827.8301,-648.0542,-748.21875,-655.97437
94207.31,-828.0735,-648.3015,-748.4619,-656.22144
94228.3,-828.3169,-648.5488,-748.7058,-656.46875
94249.27,-828.5603,-648.7959,-748.949,-656.7158
94270.25,-828.8037,-649.04346,-749.1926,-656.96313
94291.23,-829.04736,-649.2905,-749.4358,-657.21045
94312.2,-829.2905,-649.5376,-749.67944,-657.4575
94333.18,-829.53394,-649.78467,-749.92285,-657.70483
94354.16,-829.77734,-650.032,-750.166,-657.9519
94375.13,-830.02075,-650.2793,-750.4094,-658.1992
94396.11,-830.2644,-650.52637,-750.65283,-658.44653
94417.086,-830.50757,-650.77344,-750.8965,-658.6936
94438.06,-830.7512,-651.0205,-751.1399,-658.9407
94459.04,-830.9944,-651.2678,-751.3833,-659.18774
94480.016,-831.2378,-651.51514,-751.62646,-659.4353
94500.99,-831.48145,-651.7622,-751.8699,-659.6824
94521.97,-831.7246,-652.0095,-752.1135,-659.92944
94542.945,-831.96826,-652.2566,-752.35693,-660.1765
94563.92,-832.2114,-652.5039,-752.60034,-660.4238
94584.9,-832.4551,-652.7512,-752.8435,-660.67114
94605.875,-832.69824,-652.9983,-753.08716,-660.9182
94626.85,-832.9419,-653.24536,-753.33057,-661.1653
94647.83,-833.1853,-653.49243,-753.574,-661.4126
94668.805,-833.42847,-653.74,-753.8174,-661.6599
94689.79,-833.6721,-653.98706,-754.0608,-661.907
94710.766,-833.9155,-654.2344,-754.30444,-662.1543
94731.74,-834.15894,-654.48145,-754.5476,-662.4016
94752.72,-834.40234,-654.7285,-754.791,-662.6487
94773.695,-834.64575,-654.9758,-755.0344,-662.89575
94794.67,-834.88916,-655.2229,-755.27783,-663.1428
94815.65,-835.13257,-655.4702,-755.5215,-663.3904
94836.625,-835.376,-655.7175,-755.76465,-663.63745
94857.6,-835.6194,-655.9646,-756.00806,-663.8845
94878.58,-835.8628,-656.2117,-756.25146,-664.1316
94899.555,-836.1062,-656.459,-756.4951,-664.3789
94920.53,-836.3496,-656.7063,-756.7385,-664.6262
94941.51,-836.593,-656.95337,-756.9817,-664.8733
94962.484,-836.8364,-657.20044,-757.2251,-665.1206
94983.46,-837.07983,-657.4475,-757.4685,-665.3677
95004.44,-837.32324,-657.69507,-757.71216,-665.615
95025.414,-837.5669,-657.94214,-757.9553,-665.8623
95046.39,-837.81006,-658.1892,-758.199,-666.1094
95067.37,-838.05347,-658.4363,-758.44214,-666.35645
95088.34,-838.2969,-658.6836,-758.68555,-666.6035
95109.32,-838.5403,-658.9309,-758.92896,-666.8508
95130.3,-838.78394,-659.178,-759.17236,-667.09814
95151.27,-839.0271,-659.4253,-759.416,-667.3452
95172.26,-839.27075,-659.6726,-759.6594,-667.5925
95193.234,-839.51416,-659.9197,-759.90283,-667.8396
95214.21,-839.75757,-660.16675,-760.14624,-668.0869
95235.19,-840.001,-660.41406,-760.3894,-668.334
95256.164,-840.24414,-660.6614,-760.63306,-668.5813
95277.14,-840.4878,-660.90845,-760.87646,-668.8286
95298.12,-840.7312,-661.1555,-761.1199,-669.0757
95319.09,-840.9746,-661.4026,-761.3633,-669.32275
95340.07,-841.218,-661.6499,-761.6067,-669.5698
95361.05,-841.4612,-661.8972,-761.8501,-669.8174
95382.02,-841.70483,-662.1443,-762.0935,-670.06445
95403.0,-841.94824,-662.3916,-762.3369,-670.3115
95423.98,-842.19165,-662.6387,-762.5803,-670.5586
95444.95,-842.43506,-662.886,-762.8237,-670.8059
95465.93,-842.67847,-663.1333,-763.06714,-671.0532
95486.91,-842.9219,-663.3804,-763.31055,-671.3003
95507.88,-843.1653,-663.62744,-763.55396,-671.54736
95528.86,-843.4087,-663.8745,-763.79736,-671.7947
95549.836,-843.6521,-664.1221,-764.0408,-672.042
95570.81,-843.8955,-664.36914,-764.2842,-672.28906
95591.79,-844.1389,-664.6162,-764.5276,-672.5364
95612.766,-844.3823,-664.8633,-764.771,-672.78345
95633.75,-844.62573,-665.1106,-765.0144,-673.03076
95654.73,-844.86914,-665.3579,-765.25806,-673.27783
95675.7,-845.1128,-665.605,-765.5012,-673.5249
95696.68,-845.3562,-665.8523,-765.7449,-673.77246
95717.66,-845.5996,-666.0996,-765.98804,-674.01953
95738.63,-845.8428,-666.3467,-766.2317,-674.2666
95759.61,-846.0864,-666.59375,-766.4751,-674.5137
95780.586,-846.32983,-666.8408,-766.71826,-674.761
95801.56,-846.573,-667.0884,-766.9619,-675.0083
95822.54,-846.81665,-667.33545,-767.2051,-675.2554
95843.516,-847.0598,-667.5825,-767.4487,-675.5027
95864.49,-847.30347,-667.8296,-767.69214,-675.74976
95885.47,-847.5469,-668.07715,-767.93555,-675.9971
95906.445,-847.79004,-668.3242,-768.17896,-676.24414
95927.42,-848.0337,-668.5713,-768.42236,-676.49146
95948.4,-848.27686,-668.81836,-768.6658,-676.7385
95969.375,-848.5205,-669.0657,-768.90894,-676.9856
95990.35,-848.7637,-669.313,-769.1526,-677.2329
96011.33,-849.0073,-669.56006,-769.396,-677.4802
96032.305,-849.25073,-669.8074,-769.6394,-677.7273
96053.28,-849.49414,-670.05444,-769.8828,-677.9746
96074.26,-849.7373,-670.30176,-770.1262,-678.22144
96095.24,-849.98096,-670.5488,-770.3699,-678.469
96116.22,-850.22437,-670.7959,-770.61304,-678.71606
96137.195,-850.4678,-671.04346,-770.8567,-678.9634
96158.17,-850.7114,-671.2905,-771.09985,-679.2107
96179.15,-850.9546,-671.53784,-771.3435,-679.45776
96200.125,-851.198,-671.78467,-771.5869,-679.70483
96221.1,-851.4414,-672.032,-771.8301,-679.9519
96242.08,-851.6848,-672.2793,-772.0737,-680.1992
96263.055,-851.9282,-672.52637,-772.3169,-680.44653
96284.03,-852.17163,-672.7737,-772.56055,-680.6936
96305.01,-852.4153,-673.02075,-772.8037,-680.9409
96325.984,-852.65845,-673.26807,-773.04736,-681.188
96346.96,-852.90186,-673.5154,-773.2908,-681.4353
96367.94,-853.14526,-673.76245,-773.53394,-681.6826
96388.914,-853.3887,-674.0095,-773.7776,-681.92944
96409.89,-853.6323,-674.2566,-774.02075,-682.17676
96430.87,-853.8755,-674.5039,-774.2644,-682.4238
96451.84,-854.1189,-674.7512,-774.5078,-682.67114
96472.82,-854.3623,-674.9983,-774.7512,-682.91846
96493.8,-854.6057,-675.2456,-774.9944,-683.1655
96514.77,-854.84937,-675.4927,-775.23804,-683.4126
96535.75,-855.0925,-675.74,-775.48145,-683.6599
96556.73,-855.33594,-675.9873,-775.72485,-683.9072
96577.71,-855.5796,-676.2344,-775.96826,-684.1543
96598.69,-855.823,-676.4817,-776.2117,-684.4016
96619.664,-856.0664,-676.72876,-776.4551,-684.6489
96640.64,-856.3096,-676.9758,-776.6985,-684.89575
96661.62,-856.5532,-677.2229,-776.9419,-685.14307
96682.59,-856.79663,-677.4702,-777.1853,-685.39014
96703.57,-857.04004,-677.7175,-777.4287,-685.6377
96724.55,-857.28345,-677.9646,-777.67236,-685.88477
96745.52,-857.52686,-678.2119,-777.9155,-686.13184
96766.5,-857.77026,-678.459,-778.15894,-686.3789
96787.48,-858.0137,-678.7063,-778.40234,-686.6262
96808.45,-858.2571,-678.9536,-778.64575,-686.87354
96829.43,-858.5005,-679.2007,-778.8894,-687.1206
96850.41,-858.7439,-679.44775,-779.13257,-687.3677
96871.38,-858.9873,-679.6948,-779.376,-687.615
96892.36,-859.23096,-679.9424,-779.6194,-687.8623
96913.336,-859.4741,-680.18945,-779.86304,-688.1094
96934.31,-859.7175,-680.4365,-780.10645,-688.3567
96955.29,-859.96094,-680.6836,-780.3496,-688.60376
96976.266,-860.20435,-680.9309,-780.593,-688.8508
96997.24,-860.44775,-681.1782,-780.8364,-689.09814
97018.22,-860.69116,-681.4253,-781.0801,-689.34546
97039.2,-860.9348,-681.6726,-781.32324,-689.5928
97060.18,-861.1782,-681.9199,-781.56665,-689.83984
97081.16,-861.4214,-682.167,-781.8103,-690.0869
97102.13,-861.66504,-682.41406,-782.0537,-690.334
97123.11,-861.9082,-682.66113,-782.2971,-690.5813
97144.086,-862.15186,-682.9087,-782.5403,-690.8286
97165.06,-862.39526,-683.15576,-782.78394,-691.0757
97186.04,-862.6387,-683.40283,-783.02734,-691.323
97207.016,-862.8821,-683.6499,-783.27075,-691.57007
97227.99,-863.12524,-683.89746,-783.51416,-691.8174
97248.97,-863.3689,-684.14453,-783.7573,-692.06445
97269.945,-863.61206,-684.3916,-784.001,-692.31177
97290.92,-863.8557,-684.6387,-784.2444,-692.55884
97311.9,-864.0991,-684.886,-784.4878,-692.8059
97332.875,-864.3425,-685.1333,-784.7312,-693.0532
97353.85,-864.58594,-685.3804,-784.9746,-693.30054
97374.83,-864.8291,-685.6277,-785.218,-693.5476
97395.805,-865.07275,-685.87476,-785.4614,-693.7947
97416.78,-865.31616,-686.1221,-785.70483,-694.04175
97437.76,-865.5596,-686.36914,-785.94824,-694.2893
97458.734,-865.803,-686.61646,-786.19165,-694.5364
97479.71,-866.0464,-686.8635,-786.43506,-694.78345
97500.695,-866.2898,-687.11084,-786.67847,-695.031
97521.67,-866.5332,-687.3579,-786.9219,-695.27783
97542.65,-866.7766,-687.605,-787.1653,-695.52515
97563.625,-867.02,-687.8523,-787.40894,-695.7722
97584.6,-867.2637,-688.0996,-787.65234,-696.0193
97605.58,-867.50684,-688.3467,-787.89575,-696.26685
97626.555,-867.7505,-688.594,-788.1389,-696.5139
97647.53,-867.99365,-688.84106,-788.3823,-696.76074
97668.51,-868.23706,-689.0884,-788.626,-697.0083
97689.484,-868.4807,-689.3357,-788.86914,-697.2556
97710.46,-868.7239,-689.58276,-789.1128,-697.50244
97731.44,-868.9675,-689.82983,-789.35596,-697.74976
97752.414,-869.2107,-690.0769,-789.5996,-697.9971
97773.39,-869.45435,-690.3242,-789.8428,-698.24414
97794.37,-869.69775,-690.57153,-790.0862,-698.49146
97815.34,-869.9409,-690.8186,-790.32983,-698.7388
97836.32,-870.1846,-691.0657,-790.573,-698.9856
97857.3,-870.42773,-691.313,-790.81665,-699.2329
97878.27,-870.6714,-691.5603,-791.0598,-699.4802
97899.25,-870.9148,-691.8074,-791.30347,-699.72705
97920.23,-871.1582,-692.05444,-791.5469,-699.9746
97941.2,-871.4016,-692.30176,-791.7903,-700.2217
97962.19,-871.645,-692.5491,-792.0337,-700.46924
97983.164,-871.8884,-692.79614,-792.2771,-700.71606
98004.14,-872.13184,-693.0432,-792.5205,-700.9634
98025.12,-872.37524,-693.2908,-792.7639,-701.2107
98046.09,-872.61865,-693.53784,-793.0073,-701.45776
98067.07,-872.8623,-693.7849,-793.25073,-701.7051
98088.05,-873.10547,-694.032,-793.49414,-701.9524
98109.02,-873.3489,-694.2793,-793.73755,-702.19946
98130.0,-873.5923,-694.5266,-793.98096,-702.44653
98150.98,-873.8357,-694.7737,-794.22437,-702.6941
98171.95,-874.07935,-695.02075,-794.4678,-702.9409
98192.93,-874.3225,-695.26807,-794.7114,-703.188
98213.91,-874.56616,-695.5154,-794.9546,-703.4353
98234.88,-874.8093,-695.76245,-795.198,-703.6824
98255.86,-875.05273,-696.00977,-795.4414,-703.9297
98276.836,-875.29614,-696.2571,-795.6848,-704.177
98297.81,-875.53955,-696.50415,-795.92847,-704.4238
98318.79,-875.7832,-696.7512,-796.17163,-704.67114
98339.766,-876.02637,-696.9988,-796.4153,-704.9187
98360.74,-876.27,-697.2456,-796.65845,-705.1655
98381.72,-876.5132,-697.4927,-796.90186,-705.41284
98402.695,-876.7566,-697.74,-797.1455,-705.66016
98423.67,-877.00024,-697.98706,-797.3887,-705.9072
98444.66,-877.24365,-698.2344,-797.6323,-706.1543
98465.63,-877.48706,-698.48145,-797.87573,-706.40137
98486.61,-877.73047,-698.72876,-798.11914,-706.6489
98507.586,-877.9739,-698.9761,-798.36255,-706.896
98528.56,-878.2173,-699.22314,-798.6057,-707.1428
98549.54,-878.4607,-699.47046,-798.84937,-707.3904
98570.516,-878.7041,-699.7178,-799.0928,-707.6377
98591.49,-878.9475,-699.9646,-799.3362,-707.8845
98612.47,-879.1909,-700.2119,-799.5796,-708.13184
98633.445,-879.4343,-700.459,-799.823,-708.37915
98654.42,-879.67773,-700.70605,-800.0664,-708.6262
98675.4,-879.92114,-700.9536,-800.3098,-708.87354
98696.375,-880.16455,-701.2007,-800.5532,-709.12085
98717.35,-880.40796,-701.4475,-800.79663,-709.3677
98738.33,-880.6511,-701.69507,-801.04004,-709.615
98759.305,-880.8948,-701.9424,-801.28345,-709.86206
98780.28,-881.1382,-702.1892,-801.52686,-710.1096
98801.26,-881.38184,-702.4365,-801.77026,-710.3567
98822.234,-881.625,-702.68384,-802.0137,-710.60376
98843.21,-881.86816,-702.9309,-802.2571,-710.8511
98864.19,-882.1118,-703.1782,-802.5005,-711.09814
98885.164,-882.3552,-703.42554,-802.7439,-711.34546
98906.15,-882.5989,-703.6726,-802.98755,-711.5925
98927.125,-882.84204,-703.9199,-803.2307,-711.83984
98948.1,-883.08545,-704.167,-803.47437,-712.08716
98969.08,-883.3291,-704.4143,-803.7175,-712.3342
98990.055,-883.57227,-704.6614,-803.9612,-712.5813
99011.03,-883.8157,-704.9087,-804.2046,-712.8286
99032.01,-884.0591,-705.156,-804.448,-713.0759
99052.984,-884.30273,-705.40283,-804.6914,-713.323
99073.96,-884.54614,-705.65015,-804.9348,-713.57007
99094.94,-884.78955,-705.8972,-805.1782,-713.8174
99115.914,-885.0327,-706.14453,-805.42163,-714.06445
99136.89,-885.2761,-706.39185,-805.66504,-714.31177
99157.87,-885.5198,-706.6389,-805.9082,-714.5591
99178.84,-885.7632,-706.886,-806.15186,-714.8059
99199.82,-886.0066,-707.1333,-806.39526,-715.0532
99220.8,-886.24976,-707.3806,-806.6387,-715.30054
99241.77,-886.4934,-707.6277,-806.8821,-715.5476
99262.75,-886.7368,-707.87476,-807.12524,-715.7949
99283.73,-886.9802,-708.1221,-807.3689,-716.042
99304.7,-887.22363,-708.36914,-807.6123,-716.2893
99325.68,-887.4668,-708.61646,-807.8557,-716.5364
99346.66,-887.71045,-708.8638,-808.0991,-716.7837
99367.64,-887.95386,-709.11084,-808.3425,-717.031
99388.62,-888.19727,-709.35815,-808.5862,-717.2781
99409.59,-888.4407,-709.6052,-808.82935,-717.5254
99430.57,-888.6841,-709.85254,-809.07275,-717.7722
99451.55,-888.92773,-710.0996,-809.31616,-718.0198
99472.52,-889.1709,-710.3469,-809.5598,-718.26685
99493.5,-889.41455,-710.59424,-809.8032,-718.5139
99514.48,-889.6577,-710.84106,-810.0464,-718.7612
99535.45,-889.9011,-711.0884,-810.2898,-719.0083
99556.43,-890.1448,-711.3357,-810.5332,-719.2556
99577.41,-890.38794,-711.58276,-810.77686,-719.5027
99598.38,-890.63135,-711.8301,-811.02026,-719.75
99619.36,-890.87476,-712.0774,-811.2637,-719.9973
99640.336,-891.1184,-712.32446,-811.50684,-720.24414
99661.31,-891.3616,-712.57153,-811.7505,-720.49146
99682.29,-891.6052,-712.8191,-811.9939,-720.739
99703.266,-891.8484,-713.0659,-812.23706,-720.98584
99724.24,-892.0918,-713.313,-812.4807,-721.23315
99745.22,-892.33545,-713.5603,-812.7239,-721.48047
99766.195,-892.5786,-713.8074,-812.9675,-721.72754
99787.17,-892.82227,-714.0547,-813.21094,-721.9746
99808.15,-893.0654,-714.302,-813.4541,-722.22217
99829.125,-893.3091,-714.5488,-813.69775,-722.469
99850.11,-893.5525,-714.7964,-813.94116,-722.7163
99871.086,-893.7959,-715.04346,-814.1848,-722.96313
99892.06,-894.0393,-715.2908,-814.428,-723.2107
99913.04,-894.2827,-715.5381,-814.6714,-723.458
99934.016,-894.5261,-715.7849,-814.9148,-723.70483
99954.99,-894.76953,-716.0322,-815.1582,-723.95215
99975.97,-895.01294,-716.2793,-815.4016,-724.19946
99996.945,-895.25635,-716.52637,-815.645,-724.44653
100017.92,-911.6433,-726.0679,-822.1062,-728.708
100038.9,-911.89233,-726.31836,-822.355,-728.95825
100059.875,-912.1411,-726.56836,-822.60425,-729.20825
100080.85,-912.3904,-726.8186,-822.853,-729.45874
100101.83,-912.63916,-727.06885,-823.10205,-729.70874
100122.805,-912.88794,-727.3191,-823.3511,-729.959
100143.78,-913.1372,-727.5691,-823.59985,-730.2092
100164.76,-913.386,-727.81934,-823.84863,-730.4595
100185.734,-913.63477,-728.0696,-824.0979,-730.7097
100206.71,-913.8838,-728.3198,-824.3467,-730.9597
100227.69,-914.1328,-728.57007,-824.5957,-731.20996
100248.664,-914.3816,-728.8203,-824.8447,-731.4602
100269.64,-914.63086,-729.07056,-825.0935,-731.7107
100290.62,-914.87964,-729.3208,-825.3428,-731.96045
100311.6,-915.12866,-729.5708,-825.59155,-732.21094
100332.58,-915.3777,-729.8213,-825.8406,-732.4614
100353.555,-915.6267,-730.07153,-826.08936,-732.7112
100374.53,-915.8755,-730.32153,-826.3386,-732.9617
100395.51,-916.1245,-730.5718,-826.5874,-733.2119
100416.484,-916.37354,-730.822,-826.8362,-733.46216
100437.46,-916.6223,-731.07227,-827.0852,-733.71216
100458.44,-916.87134,-731.3225,-827.3342,-733.9624
100479.414,-917.1201,-731.57275,-827.58325,-734.21265
100500.39,-917.36914,-731.82275,-827.8323,-734.4629
100521.37,-917.61816,-732.073,-828.08105,-734.71313
100542.34,-917.8672,-732.32324,-828.3301,-734.96313
100563.32,-918.11597,-732.5735,-828.5791,-735.2136
100584.3,-918.36523,-732.8237,-828.8279,-735.4636
100605.27,-918.614,-733.0737,-829.0769,-735.71387
100626.25,-918.8628,-733.3242,-829.3259,-735.9641
100647.23,-919.1118,-733.57446,-829.5747,-736.21436
100668.2,-919.36084,-733.8247,-829.8237,-736.4646
100689.18,-919.6096,-734.0747,-830.07275,-736.7146
100710.16,-919.85864,-734.32495,-830.32153,-736.9651
100731.13,-920.10767,-734.5752,-830.5708,-737.21533
100752.11,-920.3567,-734.82544,-830.8196,-737.46533
100773.09,-920.6057,-735.0757,-831.0686,-737.7156
100794.07,-920.8545,-735.3259,-831.3176,-737.96606
100815.05,-921.1035,-735.5762,-831.5664,-738.21606
100836.02,-921.35254,-735.8262,-831.8154,-738.4663
100857.0,-921.60156,-736.0764,-832.06445,-738.71655
100877.98,-921.85034,-736.3269,-832.3135,-738.9668
100898.95,-922.09937,-736.5769,-832.56226,-739.2168
100919.93,-922.3484,-736.8269,-832.8113,-739.46704
100940.91,-922.59717,-737.0774,-833.06006,-739.7173
100961.88,-922.8462,-737.32764,-833.3091,-739.9675
100982.86,-923.095,-737.57764,-833.5581,-740.2178
101003.836,-923.34424,-737.8279,-833.8071,-740.468
101024.81,-923.59326,-738.0781,-834.0559,-740.71826
101045.79,-923.84204,-738.3286,-834.30493,-740.96826
101066.766,-924.09106,-738.5786,-834.55396,-741.2185
101087.74,-924.3401,-738.8286,-834.80273,-741.46875
101108.72,-924.58887,-739.0791,-835.05176,-741.719
101129.695,-924.8379,-739.32935,-835.3008,-741.969
101150.67,-925.0867,-739.57935,-835.54956,-742.2195
101171.65,-925.3357,-739.8296,-835.7986,-742.4697
101192.625,-925.5847,-740.07983,-836.0476,-742.72
101213.6,-925.83374,-740.3301,-836.2964,-742.97
101234.58,-926.0825,-740.5803,-836.54565,-743.2202
101255.56,-926.33154,-740.83057,-836.79443,-743.47046
101276.54,-926.58057,-741.0808,-837.04346,-743.7207
101297.516,-926.8296,-741.3308,-837.2925,-743.97095
101318.49,-927.0786,-741.58105,-837.54126,-744.2212
101339.47,-927.3274,-741.8313,-837.7903,-744.47144
101360.445,-927.5764,-742.0818,-838.0393,-744.72144
101381.42,-927.82544,-742.3318,-838.2881,-744.9717
101402.4,-928.0742,-742.58203,-838.5371,-745.22217
101423.375,-928.323,-742.8323,-838.78613,-745.4724
101444.35,-928.57227,-743.0825,-839.0349,-745.7224
101465.33,-928.82104,-743.33276,-839.28394,-745.97266
101486.305,-929.07007,-743.58276,-839.53296,-746.2229
101507.28,-929.3191,-743.833,-839.782,-746.47314
101528.26,-929.5681,-744.08325,-840.031,-746.72314
101549.234,-929.8169,-744.3335,-840.2798,-746.9734
101570.21,-930.0659,-744.58374,-840.5288,-747.2239
101591.19,-930.3147,-744.834,-840.7776,-747.4739
101612.164,-930.5637,-745.084,-841.0266,-747.7241
101633.14,-930.81274,-745.3342,-841.2754,-747.97437
101654.12,-931.0615,-745.5847,-841.52466,-748.2246
101675.09,-931.31055,-745.8347,-841.7737,-748.4746
101696.07,-931.5596,-746.0847,-842.02246,-748.72485
101717.055,-931.8086,-746.3352,-842.2715,-748.97534
101738.03,-932.0574,-746.58545,-842.5205,-749.22534
101759.01,-932.30664,-746.8357,-842.7693,-749.4756
101779.984,-932.5554,-747.08594,-843.0183,-749.7258
101800.96,-932.80444,-747.3362,-843.26733,-749.9761
101821.94,-933.05347,-747.5864,-843.51636,-750.2263
101842.914,-933.30225,-747.8364,-843.7654,-750.4763
101863.89,-933.5513,-748.0867,-844.01416,-750.7268
101884.87,-933.8003,-748.3369,-844.26294,-750.97705
101905.84,-934.0491,-748.58716,-844.5122,-751.22705
101926.82,-934.29785,-748.83716,-844.761,-751.4773
101947.8,-934.5471,-749.08765,-845.01,-751.72754
101968.77,-934.7959,-749.3379,-845.25903,-751.97754
101989.75,-935.0449,-749.5879,-845.5078,-752.228
102010.73,-935.29395,-749.83813,-845.75684,-752.4783
102031.7,-935.54297,-750.0884,-846.00586,-752.7283
102052.68,-935.792,-750.3386,-846.25464,-752.9785
102073.66,-936.0408,-750.5886,-846.50366,-753.22876
102094.63,-936.28955,-750.83887,-846.7527,-753.479
102115.61,-936.5386,-751.0891,-847.00146,-753.72925
102136.586,-936.7876,-751.3396,-847.2505,-753.97925
102157.56,-937.0364,-751.5896,-847.4995,-754.2295
102178.55,-937.2854,-751.8401,-847.74854,-754.48
102199.52,-937.5344,-752.0901,-847.9973,-754.7302
102220.5,-937.78345,-752.34033,-848.2466,-754.98047
102241.48,-938.0325,-752.5906,-848.49536,-755.23047
102262.45,-938.2815,-752.8408,-848.74414,-755.4807
102283.43,-938.5303,-753.09106,-848.9934,-755.73096
102304.41,-938.7793,-753.34106,-849.2422,-755.9812
102325.38,-939.0283,-753.5913,-849.49097,-756.23145
102346.36,-939.2771,-753.84155,-849.74023,-756.4817
102367.336,-939.5261,-754.0918,-849.989,-756.7317
102388.31,-939.77515,-754.3418,-850.2378,-756.98193
102409.29,-940.0239,-754.5923,-850.48706,-757.2324
102430.266,-940.27295,-754.8425,-850.73584,-757.4824
102451.24,-940.522,-755.0925,-850.98486,-757.7324
102472.22,-940.771,-755.3428,-851.2339,-757.9829
102493.195,-941.02,-755.593,-851.48267,-758.23315
102514.17,-941.2688,-755.84326,-851.7317,-758.48315
102535.15,-941.5176,-756.0935,-851.9807,-758.7334
102556.125,-941.76685,-756.34375,-852.2295,-758.98364
102577.1,-942.0156,-756.59375,-852.4785,-759.2339
102598.08,-942.2644,-756.84424,-852.72754,-759.48413
102619.055,-942.5137,-757.09424,-852.9763,-759.73413
102640.04,-942.7627,-757.3445,-853.22534,-759.9846
102661.016,-943.0115,-757.595,-853.47437,-760.2346
102681.99,-943.2605,-757.845,-853.7234,-760.48486
102702.97,-943.5093,-758.0952,-853.97217,-760.73535
102723.945,-943.7583,-758.34546,-854.22144,-760.9856
102744.92,-944.00757,-758.5957,-854.4702,-761.2356
102765.9,-944.25635,-758.8457,-854.71924,-761.48584
102786.875,-944.5051,-759.09595,-854.96826,-761.7361
102807.85,-944.7544,-759.3462,-855.21704,-761.9863
102828.83,-945.0032,-759.59644,-855.4658,-762.2363
102849.805,-945.25195,-759.8467,-855.7151,-762.4866
102870.78,-945.501,-760.0969,-855.96387,-762.7368
102891.76,-945.75,-760.34717,-856.2129,-762.9873
102912.734,-945.9988,-760.59717,-856.4619,-763.2373
102933.71,-946.24805,-760.8474,-856.7107,-763.48755
102954.69,-946.4968,-761.0979,-856.95996,-763.7378
102975.664,-946.74585,-761.3479,-857.20874,-763.98804
102996.64,-946.9949,-761.59814,-857.4575,-764.2383
103017.62,-947.24365,-761.8484,-857.70654,-764.4883
103038.59,-947.49243,-762.09863,-857.95557,-764.7385
103059.57,-947.7417,-762.3489,-858.20435,-764.9888
103080.55,-947.9905,-762.5989,-858.45337,-765.239
103101.52,-948.2395,-762.8491,-858.7024,-765.48926
103122.51,-948.4885,-763.0996,-858.9514,-765.7395
103143.484,-948.7373,-763.3496,-859.20044,-765.9895
103164.46,-948.9863,-763.59985,-859.44946,-766.24
103185.44,-949.23535,-763.8501,-859.69824,-766.49023
103206.414,-949.4844,-764.10034,-859.94727,-766.74023
103227.39,-949.73315,-764.35034,-860.1963,-766.9905
103248.37,-949.9824,-764.6006,-860.44507,-767.2407
103269.34,-950.2312,-764.8511,-860.6941,-767.49097
103290.32,-950.48,-765.1013,-860.9431,-767.74097
103311.3,-950.729,-765.3513,-861.1919,-767.99146
103332.27,-950.978,-765.60156,-861.4409,-768.24146
103353.25,-951.2268,-765.8518,-861.6897,-768.4917
103374.23,-951.4758,-766.10205,-861.9387,-768.74194
103395.2,-951.72485,-766.35205,-862.188,-768.9922
103416.18,-951.9739,-766.6023,-862.43677,-769.24243
103437.16,-952.2229,-766.8528,-862.68555,-769.49243
103458.13,-952.4717,-767.1028,-862.9348,-769.7427
103479.11,-952.7207,-767.353,-863.1836,-769.99316
103500.086,-952.9697,-767.6033,-863.4324,-770.2434
103521.06,-953.2185,-767.8535,-863.6814,-770.49316
103542.04,-953.4675,-768.1035,-863.9304,-770.74365
103563.016,-953.71655,-768.35376,-864.1792,-770.9939
103584.0,-953.9656,-768.60425,-864.42847,-771.24414
103604.98,-954.21436,-768.85425,-864.67725,-771.4944
103625.95,-954.4634,-769.1045,-864.9263,-771.7446
103646.93,-954.71216,-769.35474,-865.1753,-771.9949
103667.91,-954.9614,-769.605,-865.4243,-772.2449
103688.88,-955.21045,-769.8552,-865.6731,-772.4951
103709.86,-955.4592,-770.10547,-865.9221,-772.74536
103730.836,-955.70825,-770.3557,-866.17114,-772.9956
103751.81,-955.9573,-770.6057,-866.4199,-773.24585
103772.79,-956.20605,-770.85596,-866.66895,-773.4961
103793.766,-956.4551,-771.1062,-866.91797,-773.74634
103814.74,-956.70386,-771.35645,-867.16675,-773.9966
103835.72,-956.9529,-771.60645,-867.4158,-774.2466
103856.695,-957.2019,-771.85693,-867.6648,-774.4968
103877.67,-957.4509,-772.1072,-867.9136,-774.7471
103898.65,-957.6997,-772.3574,-868.16284,-774.9973
103919.625,-957.9487,-772.6074,-868.4116,-775.2473
103940.6,-958.19775,-772.85767,-868.6604,-775.4978
103961.58,-958.44653,-773.1079,-868.9094,-775.74805
103982.555,-958.69556,-773.35815,-869.15845,-775.99805
104003.53,-958.9446,-773.60815,-869.4075,-776.2483
104024.51,-959.19336,-773.8584,-869.65625,-776.49854
104045.49,-959.4426,-774.1089,-869.9053,-776.7488
104066.47,-959.6914,-774.3589,-870.1543,-776.999
104087.445,-959.9402,-774.6094,-870.4033,-777.24927
104108.42,-960.18945,-774.8596,-870.6521,-777.4995
104129.4,-960.43823,-775.1096,-870.9011,-777.7495
104150.375,-960.68726,-775.35986,-871.15015,-777.99976
104171.35,-960.9363,-775.6101,-871.3992,-778.25
104192.33,-961.1853,-775.86035,-871.6482,-778.5005
104213.305,-961.4341,-776.1106,-871.897,-778.7505
104234.28,-961.6831,-776.3606,-872.146,-779.00073
104255.26,-961.9319,-776.61084,-872.3948,-779.251
104276.234,-962.1809,-776.8613,-872.6438,-779.5012
104297.21,-962.42993,-777.1113,-872.8926,-779.7512
104318.19,-962.6787,-777.3613,-873.14185,-780.00146
104339.164,-962.92773,-777.6118,-873.39087,-780.2517
104360.14,-963.17676,-777.86206,-873.63965,-780.50195
104381.12,-963.4258,-778.11206,-873.8887,-780.7522
104402.09,-963.67456,-778.3623,-874.1377,-781.00244
104423.07,-963.9236,-778.61255,-874.3865,-781.2527
104444.05,-964.1726,-778.8628,-874.6355,-781.5027
104465.02,-964.4214,-779.11304,-874.8843,-781.7529
104486.0,-964.6704,-779.3633,-875.1333,-782.0032
104506.98,-964.91943,-779.6135,-875.3823,-782.2534
104527.96,-965.16846,-779.8635,-875.63135,-782.50366
104548.94,-965.4175,-780.1138,-875.8801,-782.7539
104569.914,-965.66626,-780.36426,-876.1294,-783.00415
104590.89,-965.91504,-780.6145,-876.3782,-783.25415
104611.87,-966.1643,-780.8645,-876.6272,-783.50464
104632.84,-966.4131,-781.11475,-876.8762,-783.7549
104653.82,-966.6621,-781.365,-877.125,-784.0051
104674.8,-966.91113,-781.61523,-877.374,-784.2551
104695.77,-967.16016,-781.8655,-877.62305,-784.5054
104716.75,-967.4092,-782.1155,-877.8718,-784.7556
104737.73,-967.65796,-782.3657,-878.12085,-785.00586
104758.7,-967.90674,-782.6162,-878.3699,-785.25586
104779.68,-968.15576,-782.8662,-878.61865,-785.5061
104800.66,-968.4048,-783.11646,-878.8677,-785.7566
104821.63,-968.65356,-783.3667,-879.1167,-786.0066
104842.61,-968.90283,-783.6167,-879.3657,-786.25684
104863.586,-969.1516,-783.86694,-879.6145,-786.5071
104884.56,-969.40063,-784.11743,-879.8635,-786.7573
104905.54,-969.64966,-784.36743,-880.1123,-787.0073
104926.516,-969.89844,-784.6177,-880.3613,-787.25757
104947.49,-970.1472,-784.8679,-880.61035,-787.5078
104968.47,-970.3965,-785.11816,-880.85913,-787.7583
104989.45,-970.6455,-785.3684,-881.10815,-788.0083
105010.43,-970.8943,-785.61865,-881.3574,-788.25854
105031.41,-971.1433,-785.8689,-881.6062,-788.50903
105052.38,-971.39233,-786.11914,-881.855,-788.75903
105073.36,-971.6411,-786.36914,-882.10425,-789.00903
105094.336,-971.89014,-786.6194,-882.353,-789.2595
105115.31,-972.13916,-786.8696,-882.60205,-789.50977
105136.29,-972.3882,-787.1199,-882.8511,-789.75977
105157.266,-972.6372,-787.3699,-883.09985,-790.01
105178.24,-972.886,-787.62036,-883.3489,-790.26025
105199.22,-973.13477,-787.8706,-883.5979,-790.5105
105220.195,-973.38403,-788.1206,-883.8467,-790.76074
105241.17,-973.6328,-788.37085,-884.0957,-791.011
105262.15,-973.8816,-788.6211,-884.3447,-791.261
105283.125,-974.13086,-788.87134,-884.5935,-791.5115
105304.1,-974.37964,-789.12134,-884.8425,-791.7615
105325.08,-974.62866,-789.3716,-885.09155,-792.0117
105346.055,-974.8777,-789.6221,-885.3406,-792.26196
105367.03,-975.12646,-789.8723,-885.5896,-792.51196
105388.01,-975.3755,-790.1223,-885.8384,-792.76245
105408.984,-975.6245,-790.37256,-886.08716,-793.0127
105429.96,-975.8733,-790.6228,-886.3364,-793.26294
105450.945,-976.1223,-790.87305,-886.58545,-793.5132
105471.92,-976.3716,-791.1233,-886.8342,-793.7632
105492.9,-976.62036,-791.37354,-887.083,-794.0134
105513.875,-976.86914,-791.6238,-887.3323,-794.2637
105534.85,-977.11816,-791.8738,-887.58105,-794.5139
105555.83,-977.3672,-792.124,-887.8301,-794.76416
105576.805,-977.61597,-792.37427,-888.0791,-795.0144
105597.78,-977.86523,-792.62476,-888.3279,-795.2644
105618.76,-978.114,-792.8745,-888.57715,-795.51465
105639.734,-978.36304,-793.125,-888.8259,-795.76514
105660.71,-978.61206,-793.37524,-889.0747,-796.01514
105681.69,-978.86084,-793.6255,-889.3237,-796.2654
105702.664,-979.1096,-793.8755,-889.57275,-796.5156
105723.64,-979.3589,-794.12573,-889.82153,-796.76587
105744.62,-979.60767,-794.376,-890.07056,-797.0161
105765.59,-979.8567,-794.6262,-890.3196,-797.2661
105786.57,-980.1057,-794.87646,-890.5686,-797.51636
105807.55,-980.3545,-795.12646,-890.8176,-797.7666
105828.52,-980.6035,-795.37695,-891.0664,-798.01685
105849.5,-980.85254,-795.62695,-891.3152,-798.26685
105870.48,-981.1013,-795.8772,-891.56445,-798.51733
105891.45,-981.35034,-796.12744,-891.81323,-798.7676
105912.44,-981.5996,-796.3777,-892.06226,-799.0176
105933.414,-981.8484,-796.6279,-892.3113,-799.26807
105954.39,-982.0974,-796.8782,-892.5603,-799.5183
105975.37,-982.3462,-797.1284,-892.8091,-799.7683
105996.34,-982.5952,-797.37866,-893.0581,-800.01855
106017.32,-982.844,-797.62866,-893.3069,-800.2688
106038.3,-983.093,-797.87915,-893.5559,-800.51904
106059.27,-983.34204,-798.1294,-893.8052,-800.76904
106080.25,-983.59106,-798.3794,-894.05396,-801.0193
106101.23,-983.8401,-798.62964,-894.30273,-801.2698
106122.2,-984.08887,-798.8799,-894.552,-801.52
106143.18,-984.3379,-799.1301,-894.8008,-801.77
106164.16,-984.5869,-799.3801,-895.04956,-802.02026
106185.13,-984.8357,-799.6306,-895.2986,-802.2705
106206.11,-985.0847,-799.8806,-895.5476,-802.52075
106227.086,-985.33374,-800.13086,-895.7964,-802.771
106248.06,-985.5825,-800.3811,-896.04565,-803.021
106269.04,-985.83154,-800.63135,-896.29443,-803.27124
106290.016,-986.08057,-800.8816,-896.54346,-803.5215
106310.99,-986.32935,-801.1316,-896.7925,-803.7717
106331.97,-986.5786,-801.38184,-897.04126,-804.022
106352.945,-986.8274,-801.6321,-897.29004,-804.2722
106373.92,-987.0762,-801.88257,-897.5393,-804.5222
106394.91,-987.32544,-802.13257,-897.7883,-804.7727
106415.88,-987.57446,-802.3828,-898.0371,-805.02295
106436.86,-987.82324,-802.63306,-898.28613,-805.2732
106457.836,-988.07227,-802.88306,-898.53516,-805.5232
106478.81,-988.32104,-803.13354,-898.78394,-805.77344
106499.79,-988.57007,-803.3838,-899.03296,-806.0237
106520.766,-988.8191,-803.63403,-899.282,-806.2739
106541.74,-989.0679,-803.88403,-899.53076,-806.5242
106562.72,-989.3169,-804.1343,-899.78,-806.7744
106583.695,-989.5659,-804.3845,-900.0288,-807.02466
106604.67,-989.81494,-804.63477,-900.27783,-807.27466
106625.65,-990.0637,-804.88477,-900.5266,-807.5249
106646.625,-990.31274,-805.135,-900.77563,-807.77515
106667.6,-990.56177,-805.3855,-901.02466,-808.0254
106688.58,-990.81055,-805.6355,-901.27344,-808.2754
106709.555,-991.0596,-805.88574,-901.52246,-808.5259
106730.53,-991.3086,-806.136,-901.7715,-808.7761
106751.51,-991.5574,-806.3862,-902.0205,-809.0261
106772.484,-991.80664,-806.6365,-902.2693,-809.27637
106793.46,-992.0554,-806.8865,-902.5183,-809.5266
106814.44,-992.3042,-807.1367,-902.76733,-809.77686
106835.414,-992.5532,-807.3872,-903.0161,-810.02686
106856.4,-992.8025,-807.6372,-903.2654,-810.27734
106877.375,-993.0513,-807.88745,-903.51416,-810.5276
106898.35,-993.3003,-808.13794,-903.7632,-810.7776
106919.33,-993.5491,-808.38794,-904.01196,-811.02783
106940.305,-993.7981,-808.6382,-904.261,-811.2783
106961.28,-994.0471,-808.8884,-904.50977,-811.5283
106982.26,-994.2959,-809.1387,-904.75903,-811.77856
107003.234,-994.5449,-809.3887,-905.00806,-812.0288
107024.21,-994.79395,-809.6389,-905.25684,-812.27905
107045.19,-995.04297,-809.88916,-905.50586,-812.5293
107066.164,-995.29175,-810.1394,-905.7549,-812.7793
107087.14,-995.5408,-810.38965,-906.00366,-813.02954
107108.12,-995.7898,-810.6399,-906.2527,-813.2798
107129.09,-996.0386,-810.89014,-906.50146,-813.5303
107150.07,-996.2876,-811.1404,-906.7505,-813.78
107171.05,-996.5366,-811.3904,-906.9995,-814.0305
107192.02,-996.78564,-811.6406,-907.24854,-814.28076
107213.0,-997.0344,-811.89087,-907.4973,-814.531
107233.98,-997.28345,-812.14087,-907.7466,-814.781
107254.95,-997.5322,-812.39136,-907.99536,-815.03125
107275.93,-997.7815,-812.6416,-908.24414,-815.2815
107296.91,-998.0303,-812.89185,-908.49316,-815.53174
107317.89,-998.2793,-813.1421,-908.7422,-815.782
107338.87,-998.5283,-813.39233,-908.9912,-816.0322
107359.84,-998.77734,-813.64233,-909.24023,-816.2825
107380.82,-999.02637,-813.8926,-909.489,-816.5325
107401.8,-999.27515,-814.1428,-909.73804,-816.7827
107422.77,-999.5242,-814.39307,-909.98706,-817.0332
107443.75,-999.77295,-814.6433,-910.23584,-817.2832
107464.73,-1000.0222,-814.8933,-910.48486,-817.53345
107485.7,-1000.27075,-815.14355,-910.7339,-817.7837
107506.68,-1000.5198,-815.39404,-910.9829,-818.03394
107527.66,-1000.76904,-815.6443,-911.2317,-818.28394
107548.63,-1001.0176,-815.8943,-911.4807,-818.5342
107569.61,-1001.26685,-816.14453,-911.7295,-818.7844
107590.586,-1001.5156,-816.3948,-911.9785,-819.03467
107611.56,-1001.76465,-816.645,-912.22754,-819.2849
107632.54,-1002.0137,-816.895,-912.4763,-819.53516
107653.516,-1002.2627,-817.14526,-912.72534,-819.7854
107674.49,-1002.5115,-817.39575,-912.97437,-820.0354
107695.47,-1002.76025,-817.64575,-913.2234,-820.28564
107716.445,-1003.0095,-817.896,-913.4724,-820.53613
107737.42,-1003.25806,-818.14624,-913.7212,-820.78613
107758.4,-1003.50757,-818.3965,-913.9702,-821.03613
107779.375,-1003.7561,-818.6465,-914.219,-821.2866
107800.36,-1004.0051,-818.897,-914.46826,-821.53687
107821.336,-1004.2544,-819.1472,-914.71704,-821.7871
107842.31,-1004.5029,-819.3972,-914.96606,-822.03735
107863.29,-1004.7522,-819.64746,-915.2151,-822.2876
107884.266,-1005.001,-819.8977,-915.46387,-822.53784
107905.24,-1005.25024,-820.14795,-915.7129,-822.7881
107926.22,-1005.4988,-820.3982,-915.9619,-823.0381
107947.195,-1005.7478,-820.6482,-916.2107,-823.2883
107968.17,-1005.9968,-820.8987,-916.4597,-823.5386
107989.15,-1006.2456,-821.1489,-916.70874,-823.7886
108010.125,-1006.4949,-821.3989,-916.95776,-824.03906
108031.1,-1006.74365,-821.6492,-917.2068,-824.2893
108052.08,-1006.9927,-821.8994,-917.45557,-824.53955
108073.055,-1007.24146,-822.1494,-917.70435,-824.78955
108094.03,-1007.4907,-822.39966,-917.9536,-825.0398
108115.01,-1007.7395,-822.65015,-918.2024,-825.29004
108135.984,-1007.9888,-822.90015,-918.4512,-825.5403
108156.96,-1008.2373,-823.1504,-918.70044,-825.7903
108177.94,-1008.4861,-823.40063,-918.94946,-826.0405
108198.914,-1008.73535,-823.6509,-919.19824,-826.291
108219.89,-1008.98413,-823.9011,-919.44727,-826.541
108240.87,-1009.2334,-824.1511,-919.69604,-826.79126
108261.85,-1009.4824,-824.4016,-919.94507,-827.04175
108282.83,-1009.73096,-824.65186,-920.19434,-827.29175
108303.805,-1009.9802,-824.9021,-920.4431,-827.54175
108324.78,-1010.229,-825.1521,-920.6919,-827.79224
108345.76,-1010.478,-825.40234,-920.9409,-828.0425
108366.734,-1010.7268,-825.6526,-921.18994,-828.2925
108387.71,-1010.9758,-825.90283,-921.4387,-828.5427
108408.69,-1011.22485,-826.1531,-921.68774,-828.79297
108429.664,-1011.4741,-826.4033,-921.93677,-829.04346
108450.64,-1011.7229,-826.65356,-922.1858,-829.29346
108471.62,-1011.97144,-826.90356,-922.4348,-829.5437
108492.59,-1012.2207,-827.1538,-922.6836,-829.79395
108513.57,-1012.4695,-827.4043,-922.9324,-830.0442
108534.55,-1012.71875,-827.6543,-923.18164,-830.2942
108555.52,-1012.9675,-827.9043,-923.4304,-830.54443
108576.5,-1013.2168,-828.1548,-923.6792,-830.7947
108597.48,-1013.46533,-828.405,-923.92847,-831.0449
108618.45,-1013.71436,-828.655,-924.17725,-831.29517
108639.43,-1013.9634,-828.9053,-924.4263,-831.5454
108660.41,-1014.2124,-829.1555,-924.6753,-831.79565
108681.38,-1014.4614,-829.40576,-924.9241,-832.0459
108702.36,-1014.7102,-829.656,-925.1731,-832.2959
108723.34,-1014.959,-829.90625,-925.42236,-832.54614
108744.32,-1015.20825,-830.1565,-925.67114,-832.79663
108765.3,-1015.45703,-830.4065,-925.9199,-833.04663
108786.27,-1015.70605,-830.65674,-926.1692,-833.2969
108807.25,-1015.9551,-830.9072,-926.41797,-833.5471
108828.23,-1016.2041,-831.1575,-926.66675,-833.7971
108849.2,-1016.4529,-831.4072,-926.9158,-834.04736
108870.18,-1016.70215,-831.6577,-927.1648,-834.29785
108891.16,-1016.9509,-831.90796,-927.4136,-834.54785
108912.13,-1017.19995,-832.1582,-927.66284,-834.7981
108933.11,-1017.4487,-832.4082,-927.9116,-835.04834
108954.086,-1017.6975,-832.65845,-928.16064,-835.2986
108975.06,-1017.9468,-832.9087,-928.40967,-835.5488
108996.04,-1018.19556,-833.1592,-928.65845,-835.7988
109017.016,-1018.4446,-833.4092,-928.9072,-836.0491
109037.99,-1018.69336,-833.6592,-929.1565,-836.2993
109058.97,-1018.9424,-833.90967,-929.4053,-836.54956
109079.945,-1019.1914,-834.1599,-929.6543,-836.79956
109100.92,-1019.4404,-834.4099,-929.9033,-837.05005
109121.9,-1019.68945,-834.66016,-930.1521,-837.3003
109142.875,-1019.938,-834.9104,-930.40137,-837.5503
109163.85,-1020.18726,-835.16064,-930.65015,-837.80054
109184.836,-1020.4363,-835.4109,-930.8992,-838.051
109205.81,-1020.6853,-835.66113,-931.14795,-838.3013
109226.79,-1020.9341,-835.9114,-931.3972,-838.5513
109247.766,-1021.1831,-836.1614,-931.646,-838.8015
109268.74,-1021.4321,-836.41187,-931.895,-839.052
109289.72,-1021.68066,-836.6621,-932.1438,-839.302
109310.695,-1021.9302,-836.9121,-932.3928,-839.552
109331.67,-1022.17896,-837.16235,-932.64185,-839.8025
109352.65,-1022.428,-837.4126,-932.8906,-840.05273
109373.625,-1022.67676,-837.66284,-933.13965,-840.30273
109394.6,-1022.92554,-837.91284,-933.3887,-840.553
109415.58,-1023.17456,-838.1633,-933.6377,-840.8032
109436.555,-1023.4236,-838.4133,-933.8865,-841.05347
109457.53,-1023.6726,-838.6636,-934.1355,-841.3037
109478.51,-1023.9214,-838.9138,-934.3845,-841.5537
109499.484,-1024.1707,-839.16406,-934.6333,-841.80396
109520.46,-1024.4192,-839.4143,-934.8823,-842.05444
109541.44,-1024.6685,-839.6643,-935.13135,-842.30444
109562.414,-1024.9175,-839.91455,-935.3801,-842.5547
109583.39,-1025.166,-840.16504,-935.62915,-842.80493
109604.37,-1025.4153,-840.4153,-935.8782,-843.05493
109625.34,-1025.6641,-840.66504,-936.12695,-843.3052
109646.32,-1025.9133,-840.9155,-936.3762,-843.55566
109667.305,-1026.1621,-841.1658,-936.62524,-843.8059
109688.28,-1026.4114,-841.416,-936.874,-844.0559
109709.26,-1026.6602,-841.66626,-937.12305,-844.30615
109730.234,-1026.9087,-841.9165,-937.3721,-844.5564
109751.21,-1027.1582,-842.16675,-937.62085,-844.80664
109772.19,-1027.4067,-842.41675,-937.8699,-845.0569
109793.164,-1027.656,-842.667,-938.11865,-845.3071
109814.14,-1027.9048,-842.91724,-938.3677,-845.5574
109835.12,-1028.1536,-843.1675,-938.6167,-845.8074
109856.09,-1028.4028,-843.4175,-938.8655,-846.0576
109877.07,-1028.6519,-843.66797,-939.1145,-846.30786
109898.05,-1028.9006,-843.9182,-939.3638,-846.5581
109919.02,-1029.1494,-844.16846,-939.61255,-846.80835
109940.0,-1029.3987,-844.41846,-939.8613,-847.0586
109960.98,-1029.6472,-844.6687,-940.11035,-847.30884
109981.95,-1029.8967,-844.91895,-940.3594,-847.5591
110002.93,-1030.1453,-845.1692,-940.60815,-847.8091
110023.91,-1030.3945,-845.4192,-940.8572,-848.0593
110044.88,-1030.6433,-845.66943,-941.1062,-848.3096
110065.86,-1030.8921,-845.9199,-941.355,-848.5598
110086.836,-1031.1411,-846.1699,-941.60425,-848.8098
110107.81,-1031.3899,-846.42017,-941.853,-849.0603
110128.8,-1031.6394,-846.67065,-942.10205,-849.31055
110149.77,-1031.888,-846.92065,-942.3511,-849.56055
110170.75,-1032.137,-847.1709,-942.6001,-849.81104
110191.73,-1032.3862,-847.42114,-942.8489,-850.06104
110212.7,-1032.6348,-847.6714,-943.0979,-850.3113
110233.68,-1032.884,-847.9214,-943.3467,-850.5615
110254.66,-1033.1328,-848.17163,-943.5957,-850.81177
110275.63,-1033.3818,-848.4219,-943.8447,-851.062
110296.61,-1033.6309,-848.67236,-944.0935,-851.312
110317.586,-1033.8799,-848.92236,-944.3425,-851.56226
110338.56,-1034.1287,-849.1726,-944.59155,-851.81274
110359.54,-1034.3774,-849.42285,-944.8406,-852.063
110380.516,-1034.6267,-849.6731,-945.0896,-852.31274
110401.49,-1034.8752,-849.9231,-945.3384,-852.56323
110422.47,-1035.1248,-850.17334,-945.5874,-852.8135
110443.445,-1035.3733,-850.4236,-945.8362,-853.0637
110464.42,-1035.6223,-850.6738,-946.0852,-853.3137
110485.4,-1035.8713,-850.9241,-946.3342,-853.56396
110506.375,-1036.1201,-851.1743,-946.58325,-853.8142
110527.35,-1036.3691,-851.42456,-946.83203,-854.06445
110548.33,-1036.6184,-851.67456,-947.08105,-854.3147
110569.305,-1036.8672,-851.9248,-947.3301,-854.5647
110590.29,-1037.116,-852.17505,-947.5791,-854.8152
110611.266,-1037.365,-852.42554,-947.8279,-855.0652
110632.24,-1037.614,-852.67554,-948.0769,-855.3154
110653.22,-1037.8628,-852.9258,-948.3259,-855.5659
110674.195,-1038.112,-853.176,-948.57495,-855.81616
110695.17,-1038.3608,-853.426,-948.824,-856.06616
110716.15,-1038.6099,-853.6765,-949.07275,-856.3164
110737.125,-1038.8586,-853.92676,-949.32153,-856.56665
110758.1,-1039.1079,-854.177,-949.5708,-856.8169
110779.08,-1039.3567,-854.427,-949.8196,-857.0669
110800.055,-1039.606,-854.67725,-950.06836,-857.31714
110821.03,-1039.8545,-854.9275,-950.3176,-857.5676
110842.01,-1040.1033,-855.17773,-950.56665,-857.8176
110862.984,-1040.3525,-855.42773,-950.8154,-858.0679
110883.96,-1040.6013,-855.678,-951.06445,-858.3181
110904.94,-1040.8506,-855.92847,-951.31323,-858.56836
110925.914,-1041.0994,-856.17847,-951.56226,-858.81836
110946.89,-1041.3484,-856.4287,-951.8113,-859.06885
110967.87,-1041.5972,-856.67896,-952.06006,-859.31885
110988.84,-1041.8464,-856.9292,-952.3091,-859.5691
111009.82,-1042.0952,-857.1792,-952.5581,-859.81934
111030.8,-1042.344,-857.42944,-952.8071,-860.0696
111051.77,-1042.593,-857.6797,-953.0559,-860.3198
111072.76,-1042.842,-857.9302,-953.30493,-860.57007
111093.734,-1043.0913,-858.1802,-953.55396,-860.8203
111114.71,-1043.3401,-858.4304,-953.803,-861.07056
111135.69,-1043.5886,-858.68066,-954.052,-861.3208
111156.664,-1043.8379,-858.9309,-954.3008,-861.5708
111177.64,-1044.0867,-859.1809,-954.54956,-861.82104
111198.62,-1044.3359,-859.4314,-954.7988,-862.0713
111219.59,-1044.5847,-859.68164,-955.0476,-862.3213
111240.57,-1044.834,-859.93164,-955.2964,-862.5718
111261.55,-1045.0825,-860.1819,-955.54565,-862.822
111282.52,-1045.3315,-860.4321,-955.79443,-863.07227
111303.5,-1045.5806,-860.6824,-956.04346,-863.32227
111324.48,-1045.8296,-860.9324,-956.2925,-863.5725
111345.45,-1046.0786,-861.18286,-956.54126,-863.82275
111366.43,-1046.3274,-861.43286,-956.7903,-864.073
111387.41,-1046.5764,-861.68335,-957.0393,-864.323
111408.38,-1046.8252,-861.93335,-957.2881,-864.57324
111429.36,-1047.0745,-862.1836,-957.5371,-864.8237
111450.336,-1047.323,-862.43384,-957.78613,-865.074
111471.31,-1047.572,-862.68384,-958.0349,-865.324
111492.29,-1047.821,-862.9343,-958.28394,-865.5742
111513.266,-1048.0698,-863.1843,-958.53296,-865.82446
111534.25,-1048.3193,-863.4348,-958.782,-866.0747
111555.23,-1048.5681,-863.68506,-959.03076,-866.32495
111576.2,-1048.8171,-863.93506,-959.28,-866.5752
111597.18,-1049.0659,-864.1853,-959.5288,-866.82544
111618.16,-1049.3147,-864.43555,-959.77783,-867.07544
111639.13,-1049.564,-864.6858,-960.02686,-867.3257
111660.11,-1049.8127,-864.93604,-960.27563,-867.5762
111681.086,-1050.0618,-865.1863,-960.5244,-867.8262
111702.06,-1050.3105,-865.4363,-960.7737,-868.0764
111723.04,-1050.5598,-865.6865,-961.02246,-868.32666
111744.016,-1050.8086,-865.937,-961.2715,-868.5769
111764.99,-1051.0576,-866.187,-961.5205,-868.8269
111785.97,-1051.3066,-866.43726,-961.7693,-869.07715
111806.945,-1051.5552,-866.6875,-962.01855,-869.3274
111827.92,-1051.8044,-866.93774,-962.26733,-869.57764
111848.9,-1052.0532,-867.188,-962.5161,-869.8279
111869.875,-1052.3025,-867.438,-962.76514,-870.0781
111890.85,-1052.551,-867.68823,-963.01416,-870.32837
111911.83,-1052.8003,-867.9385,-963.26294,-870.5786
111932.805,-1053.0491,-868.1887,-963.5122,-870.8286
111953.78,-1053.2979,-868.4387,-963.761,-871.07886
111974.76,-1053.5471,-868.6892,-964.00977,-871.3291
111995.74,-1053.7961,-868.93945,-964.25903,-871.57935
112016.72,-1054.0452,-869.18945,-964.5078,-871.8296
112037.695,-1054.294,-869.43994,-964.75684,-872.07983
112058.67,-1054.5427,-869.6902,-965.00586,-872.3301
112079.65,-1054.7917,-869.9402,-965.2549,-872.5803
112100.625,-1055.0408,-870.1904,-965.50366,-872.83057
112121.6,-1055.2898,-870.4407,-965.7527,-873.08057
112142.58,-1055.5386,-870.6909,-966.0017,-873.33105
112163.555,-1055.7878,-870.9409,-966.2505,-873.58105
112184.53,-1056.0364,-871.19116,-966.4995,-873.8313
112205.51,-1056.2856,-871.44165,-966.74854,-874.08154
112226.484,-1056.5347,-871.6919,-966.9973,-874.33154
112247.46,-1056.7832,-871.9419,-967.24634,-874.58203
112268.44,-1057.0325,-872.19214,-967.49536,-874.8323
112289.414,-1057.2812,-872.4424,-967.74414,-875.0825
112310.39,-1057.5303,-872.6926,-967.9934,-875.3325
112331.37,-1057.7793,-872.9426,-968.2422,-875.58276
112352.34,-1058.0283,-873.1929,-968.49097,-875.833
112373.32,-1058.2771,-873.4431,-968.74,-876.08325
112394.3,-1058.5264,-873.69336,-968.989,-876.33325
112415.27,-1058.7751,-873.9436,-969.2378,-876.5835
112436.25,-1059.0242,-874.19385,-969.48706,-876.834
112457.23,-1059.2732,-874.4441,-969.73584,-877.084
112478.21,-1059.522,-874.6941,-969.98486,-877.3342
112499.19,-1059.7708,-874.9446,-970.2339,-877.5847
112520.164,-1060.02,-875.1948,-970.48267,-877.8347
112541.14,-1060.269,-875.44507,-970.7317,-878.0847
112562.12,-1060.5178,-875.69507,-970.98096,-878.3352
112583.09,-1060.7666,-875.9453,-971.22974,-878.58545
112604.07,-1061.0159,-876.19556,-971.4785,-878.83545
112625.05,-1061.2644,-876.4458,-971.72754,-879.0857
112646.02,-1061.5139,-876.69604,-971.97656,-879.33594
112667.0,-1061.7625,-876.94604,-972.22534,-879.5862
112687.98,-1062.0117,-877.19653,-972.47437,-879.8364
112708.95,-1062.2605,-877.44653,-972.7234,-880.0864
112729.93,-1062.5093,-877.6968,-972.97217,-880.3369
112750.91,-1062.7583,-877.947,-973.22144,-880.58716
112771.88,-1063.0071,-878.19727,-973.4702,-880.83716
112792.86,-1063.2563,-878.44727,-973.719,-881.0874
112813.836,-1063.5051,-878.69775,-973.968,-881.33765
112834.81,-1063.7544,-878.948,-974.21704,-881.5879
112855.79,-1064.0029,-879.198,-974.46606,-881.8379
112876.766,-1064.2522,-879.44824,-974.7151,-882.0884
112897.74,-1064.5012,-879.6985,-974.96387,-882.3384
112918.72,-1064.7498,-879.9487,-975.2129,-882.58887
112939.7,-1064.999,-880.199,-975.4619,-882.83887
112960.68,-1065.248,-880.4492,-975.7107,-883.0891
112981.66,-1065.4971,-880.69946,-975.9597,-883.3396
113002.63,-1065.7458,-880.94946,-976.20874,-883.5896
113023.61,-1065.9946,-881.1997,-976.45776,-883.83984
113044.586,-1066.2437,-881.4502,-976.7068,-884.0901
113065.56,-1066.4924,-881.7002,-976.95557,-884.34033
113086.54,-1066.742,-881.9502,-977.2046,-884.59033
113107.516,-1066.9905,-882.2007,-977.4536,-884.8406
113128.49,-1067.2395,-882.4509,-977.7024,-885.0908
113149.47,-1067.4885,-882.7012,-977.9514,-885.34106
113170.445,-1067.7373,-882.9512,-978.20044,-885.5913
113191.42,-1067.9863,-883.2014,-978.4492,-885.84155
113212.4,-1068.2356,-883.45166,-978.69824,-886.0918
113233.375,-1068.4844,-883.70215,-978.94727,-886.3418
113254.35,-1068.7329,-883.9519,-979.1963,-886.59204
113275.33,-1068.9824,-884.20215,-979.44507,-886.8423
113296.305,-1069.231,-884.45264,-979.6941,-887.0925
113317.28,-1069.4802,-884.7029,-979.9429,-887.3425
113338.26,-1069.729,-884.9529,-980.1919,-887.593
113359.234,-1069.978,-885.2031,-980.4409,-887.84326
113380.21,-1070.227,-885.45337,-980.68994,-888.09326
113401.195,-1070.4758,-885.7036,-980.9387,-888.34375
113422.17,-1070.7251,-885.95386,-981.188,-888.59375
113443.15,-1070.9739,-886.2041,-981.43677,-888.84424
113464.125,-1071.2231,-886.45435,-981.68555,-889.09424
113485.1,-1071.4717,-886.70435,-981.9348,-889.3445
113506.08,-1071.7205,-886.9546,-982.18384,-889.5947
113527.055,-1071.9697,-887.2051,-982.4326,-889.845
113548.03,-1072.2185,-887.4551,-982.68164,-890.095
113569.01,-1072.4678,-887.7053,-982.9304,-890.34546
113589.984,-1072.7166,-887.95557,-983.17944,-890.5957
113610.96,-1072.9656,-888.2058,-983.42847,-890.8457
113631.94,-1073.2144,-888.4558,-983.67725,-891.09595
113652.914,-1073.4636,-888.70605,-983.9263,-891.3462
113673.89,-1073.7124,-888.9563,-984.1753,-891.59644
113694.87,-1073.9612,-889.20654,-984.4241,-891.84644
113715.84,-1074.2102,-889.4568,-984.6731,-892.0967
113736.82,-1074.459,-889.70703,-984.9221,-892.3469
113757.8,-1074.7085,-889.9573,-985.1709,-892.5974
113778.77,-1074.957,-890.2073,-985.4199,-892.8474
113799.75,-1075.206,-890.4575,-985.66895,-893.09766
113820.73,-1075.4551,-890.708,-985.91797,-893.3479
113841.7,-1075.7041,-890.958,-986.16675,-893.59814
113862.69,-1075.9531,-891.20825,-986.416,-893.8484
113883.664,-1076.2019,-891.4585,-986.6648,-894.09863
113904.64,-1076.4512,-891.70874,-986.9136,-894.3489
113925.62,-1076.6997,-891.959,-987.16284,-894.5989
113946.59,-1076.9487,-892.2092,-987.4116,-894.8491
113967.57,-1077.1978,-892.4595,-987.66064,-895.09937
113988.55,-1077.4468,-892.7097,-987.90967,-895.3496
114009.52,-1077.6958,-892.95996,-988.15845,-895.5996
114030.5,-1077.9446,-893.20996,-988.4075,-895.8501
114051.48,-1078.1936,-893.4602,-988.6565,-896.10034
114072.45,-1078.4424,-893.71045,-988.9053,-896.35034
114093.43,-1078.6917,-893.96045,-989.1543,-896.6006
114114.41,-1078.9402,-894.21094,-989.4033,-896.8508
114135.38,-1079.1892,-894.4612,-989.6521,-897.1011
114156.36,-1079.4382,-894.7114,-989.9011,-897.3513
114177.336,-1079.687,-894.9614,-990.15015,-897.60156
114198.31,-1079.9363,-895.2117,-990.3992,-897.85156
114219.29,-1080.185,-895.4619,-990.6482,-898.10205
114240.266,-1080.4341,-895.71216,-990.897,-898.35205
114261.24,-1080.6831,-895.96216,-991.14575,-898.6023
114282.22,-1080.9321,-896.2124,-991.395,-898.85254
114303.195,-1081.1807,-896.4629,-991.6438,-899.1028
114324.17,-1081.4302,-896.7129,-991.8928,-899.3528
114345.16,-1081.679,-896.96313,-992.1416,-899.6033
114366.13,-1081.9277,-897.2134,-992.39087,-899.8535
114387.11,-1082.177,-897.4636,-992.63965,-900.1035
114408.086,-1082.4258,-897.7136,-992.8887,-900.35376
114429.06,-1082.6748,-897.9641,-993.1377,-900.604
114450.04,-1082.9238,-898.21436,-993.3865,-900.85425
114471.016,-1083.1724,-898.46436,-993.63574,-901.1045
114491.99,-1083.4216,-898.7146,-993.8845,-901.35474
114512.97,-1083.6704,-898.96484,-994.1333,-901.605
114533.945,-1083.9197,-899.21533,-994.3823,-901.855
114554.92,-1084.1682,-899.4651,-994.63135,-902.1052
114575.9,-1084.4175,-899.7156,-994.8801,-902.3557
114596.875,-1084.6663,-899.9658,-995.1294,-902.6057
114617.85,-1084.915,-900.21606,-995.3782,-902.8557
114638.83,-1085.1643,-900.46606,-995.62695,-903.1062
114659.805,-1085.4128,-900.7163,-995.8762,-903.35645
114680.78,-1085.6621,-900.96655,-996.125,-903.6067
114701.76,-1085.9109,-901.2168,-996.3738,-903.8567
114722.734,-1086.1602,-901.46704,-996.62305,-904.10693
114743.71,-1086.4089,-901.7173,-996.8718,-904.3572
114764.69,-1086.6582,-901.9675,-997.1206,-904.6074
114785.664,-1086.9067,-902.2178,-997.3699,-904.8574
114806.65,-1087.1558,-902.4678,-997.6189,-905.1079
114827.625,-1087.405,-902.718,-997.8677,-905.35815
114848.6,-1087.6536,-902.9685,-998.1167,-905.60815
114869.58,-1087.9028,-903.2185,-998.3657,-905.8584
114890.555,-1088.1519,-903.46875,-998.6145,-906.1089
114911.53,-1088.4004,-903.719,-998.8635,-906.35913
114932.51,-1088.6497,-903.969,-999.1123,-906.60913
114953.484,-1088.8984,-904.21924,-999.3616,-906.8594
114974.46,-1089.1475,-904.4697,-999.61035,-907.1096
114995.44,-1089.3965,-904.7197,-999.8594,-907.35986
115016.414,-1089.6455,-904.97,-1000.10815,-907.60986
115037.39,-1089.8943,-905.2202,-1000.3574,-907.8601
115058.37,-1090.1436,-905.47046,-1000.6062,-908.1106
115079.34,-1090.3923,-905.7207,-1000.8552,-908.3606
115100.32,-1090.6414,-905.9707,-1001.10425,-908.61084
115121.3,-1090.8904,-906.22095,-1001.3528,-908.8611
115142.27,-1091.1389,-906.4712,-1001.60205,-909.1113
115163.25,-1091.388,-906.72144,-1001.8508,-909.3613
115184.23,-1091.637,-906.97144,-1002.1001,-909.6116
115205.2,-1091.8862,-907.2219,-1002.34863,-909.8618
115226.18,-1092.1348,-907.47217,-1002.5979,-910.11206
115247.16,-1092.384,-907.72217,-1002.8467,-910.3623
115268.14,-1092.633,-907.97266,-1003.09546,-910.61255
115289.12,-1092.8816,-908.2229,-1003.345,-910.8628
115310.09,-1093.1311,-908.47314,-1003.59375,-911.11304
115331.07,-1093.3796,-908.72314,-1003.8428,-911.3633
115352.05,-1093.6289,-908.9734,-1004.09155,-911.6135
115373.02,-1093.8777,-909.22363,-1004.34033,-911.8638
115394.0,-1094.1265,-909.4739,-1004.58936,-912.1138
115414.98,-1094.3755,-909.7239,-1004.8384,-912.364
115435.95,-1094.6243,-909.97437,-1005.0874,-912.61426
115456.93,-1094.8735,-910.2246,-1005.3362,-912.86426
115477.91,-1095.1223,-910.4746,-1005.58545,-913.11475
115498.88,-1095.3716,-910.72485,-1005.834,-913.365
115519.86,-1095.6201,-910.9751,-1006.0835,-913.61523
115540.836,-1095.8694,-911.22534,-1006.3323,-913.86523
115561.81,-1096.1182,-911.47534,-1006.5808,-914.1155
115582.79,-1096.367,-911.7256,-1006.8301,-914.3657
115603.766,-1096.616,-911.9758,-1007.07886,-914.61597
115624.74,-1096.865,-912.2263,-1007.3279,-914.86597
115645.72,-1097.114,-912.4763,-1007.5769,-915.1162
115666.695,-1097.3628,-912.72656,-1007.8259,-915.3667
115687.67,-1097.612,-912.9768,-1008.0747,-915.61694
115708.65,-1097.8608,-913.2268,-1008.324,-915.86694
115729.625,-1098.1099,-913.47705,-1008.57275,-916.1172
115750.61,-1098.3591,-913.72754,-1008.82153,-916.36743
115771.586,-1098.6077,-913.9778,-1009.0708,-916.6177
115792.56,-1098.8567,-914.2278,-1009.3196,-916.8679
115813.54,-1099.1057,-914.478,-1009.56836,-917.11816
115834.516,-1099.3545,-914.7283,-1009.8176,-917.3684
115855.49,-1099.6035,-914.9785,-1010.06665,-917.6184
115876.47,-1099.8528,-915.22876,-1010.3154,-917.86865
115897.445,-1100.1016,-915.47876,-1010.56445,-918.1189
115918.42,-1100.3501,-915.72925,-1010.8135,-918.36914
115939.4,-1100.5996,-915.97925,-1011.062,-918.61914
115960.375,-1100.8481,-916.2295,-1011.3115,-918.8696
115981.35,-1101.0974,-916.47974,-1011.56006,-919.1199
116002.33,-1101.3462,-916.73,-1011.8093,-919.3699
116023.305,-1101.5952,-916.9802,-1012.0581,-919.6201
116044.28,-1101.8442,-917.23047,-1012.3069,-919.87036
116065.26,-1102.093,-917.4807,-1012.5559,-920.1206
116086.234,-1102.342,-917.73096,-1012.8052,-920.3706
116107.21,-1102.5908,-917.98096,-1013.05396,-920.6211
116128.19,-1102.8401,-918.2312,-1013.30273,-920.87134
116149.164,-1103.0889,-918.48145,-1013.552,-921.1216
116170.14,-1103.3381,-918.7317,-1013.80054,-921.3716
116191.12,-1103.5867,-918.9817,-1014.0498,-921.6218
116212.1,-1103.8357,-919.2322,-1014.2988,-921.8723
116233.08,-1104.085,-919.4824,-1014.5476,-922.1223
116254.055,-1104.3337,-919.7324,-1014.79663,-922.37256
116275.03,-1104.5828,-919.9829,-1015.04565,-922.6228
116296.01,-1104.8315,-920.2329,-1015.2947,-922.87305
116316.984,-1105.0808,-920.48315,-1015.54346,-923.12305
116337.96,-1105.3296,-920.7334,-1015.79224,-923.3733
116358.94,-1105.5784,-920.98364,-1016.04126,-923.62354
116379.914,-1105.8274,-921.2339,-1016.29004,-923.874
116400.89,-1106.0762,-921.4839,-1016.53955,-924.124
116421.87,-1106.3257,-921.73413,-1016.7881,-924.37427
116442.84,-1106.5742,-921.9846,-1017.0371,-924.6245
116463.82,-1106.8232,-922.23486,-1017.28613,-924.8745
116484.8,-1107.0723,-922.4846,-1017.5349,-925.12476
116505.77,-1107.3213,-922.7351,-1017.78394,-925.375
116526.75,-1107.5701,-922.98535,-1018.0332,-925.62524
116547.73,-1107.8188,-923.2356,-1018.282,-925.8755
116568.7,-1108.0681,-923.4856,-1018.53076,-926.12573
116589.68,-1108.3167,-923.73584,-1018.78,-926.376
116610.66,-1108.5659,-923.9861,-1019.02856,-926.6262
116631.63,-1108.8147,-924.2363,-1019.27783,-926.8762
116652.61,-1109.064,-924.4866,-1019.5266,-927.12646
116673.59,-1109.313,-924.7368,-1019.77563,-927.37695
116694.57,-1109.5618,-924.98706,-1020.02466,-927.62695
116715.55,-1109.8108,-925.23706,-1020.27344,-927.8772
116736.52,-1110.0596,-925.4873,-1020.5227,-928.12744
116757.5,-1110.3088,-925.7378,-1020.7715,-928.3777
116778.48,-1110.5574,-925.98804,-1021.02075,-928.6277
116799.45,-1110.8064,-926.23804,-1021.2693,-928.8782
116820.43,-1111.0554,-926.4883,-1021.51807,-929.1284
116841.41,-1111.3042,-926.7385,-1021.76733,-929.3784
116862.38,-1111.5535,-926.9888,-1022.0161,-929.62866
116883.36,-1111.802,-927.2388,-1022.2654,-929.8789
116904.336,-1112.0513,-927.489,-1022.51416,-930.12915
116925.31,-1112.3003,-927.7395,-1022.7632,-930.37915
116946.29,-1112.5493,-927.9895,-1023.01196,-930.6294
116967.266,-1112.7979,-928.23975,-1023.2612,-930.8799
116988.24,-1113.0474,-928.49,-1023.51,-931.1301
117009.22,-1113.2961,-928.74023,-1023.7588,-931.3801
117030.195,-1113.5447,-928.99023,-1024.0078,-931.6304
117051.17,-1113.794,-929.2407,-1024.2566,-931.8806
117072.15,-1114.0427,-929.4907,-1024.5061,-932.13086
117093.125,-1114.292,-929.74097,-1024.7546,-932.38086
117114.1,-1114.5408,-929.9912,-1025.0037,-932.6311
117135.086,-1114.7896,-930.24146,-1025.2529,-932.8816
117156.06,-1115.0388,-930.4917,-1025.5015,-933.1316
117177.04,-1115.2876,-930.74194,-1025.7507,-933.38184
117198.016,-1115.5369,-930.9922,-1025.9995,-933.6321
117218.99,-1115.7854,-931.24243,-1026.2488,-933.88257
117239.97,-1116.0347,-931.4927,-1026.4973,-934.1323
117260.945,-1116.2834,-931.7427,-1026.7463,-934.3828
117281.92,-1116.5322,-931.9929,-1026.9954,-934.63306
117302.9,-1116.7815,-932.24316,-1027.2444,-934.8833
117323.875,-1117.03,-932.49316,-1027.4934,-935.1333
117344.85,-1117.2793,-932.74365,-1027.7422,-935.38354
117365.83,-1117.5281,-932.9939,-1027.9912,-935.6338
117386.805,-1117.7773,-933.24414,-1028.24,-935.88403
117407.78,-1118.0261,-933.49414,-1028.4893,-936.1343
117428.76,-1118.2754,-933.7444,-1028.7378,-936.3843
117449.734,-1118.5239,-933.9946,-1028.9868,-936.63477
117470.71,-1118.773,-934.2449,-1029.2358,-936.88477
117491.69,-1119.022,-934.4949,-1029.4846,-937.135
117512.664,-1119.2708,-934.7451,-1029.7339,-937.38525
117533.64,-1119.52,-934.9956,-1029.9827,-937.6355
117554.62,-1119.7686,-935.24585,-1030.2317,-937.8855
117575.59,-1120.0178,-935.49585,-1030.4807,-938.136
117596.57,-1120.2668,-935.7461,-1030.7297,-938.3862
117617.555,-1120.5156,-935.9966,-1030.9788,-938.6365
117638.53,-1120.7646,-936.2466,-1031.2275,-938.8865
117659.51,-1121.0137,-936.4968,-1031.4766,-939.1367
117680.484,-1121.2627,-936.7471,-1031.7253,-939.3872
117701.46,-1121.5115,-936.9973,-1031.9746,-939.6372
117722.44,-1121.7607,-937.2473,-1032.2234,-939.88745
117743.414,-1122.0095,-937.49756,-1032.4724,-940.1377
117764.39,-1122.2585,-937.74805,-1032.7214,-940.38794
117785.37,-1122.5076,-937.99805,-1032.97,-940.63794
117806.34,-1122.7561,-938.2483,-1033.2192,-940.8884
117827.32,-1123.0051,-938.49854,-1033.468,-941.1384
117848.3,-1123.2542,-938.7488,-1033.7173,-941.3887
117869.27,-1123.5034,-938.9988,-1033.9658,-941.6389
117890.25,-1123.752,-939.249,-1034.2151,-941.88916
117911.23,-1124.0012,-939.49927,-1034.4639,-942.1394
117932.2,-1124.25,-939.7495,-1034.7126,-942.3894
117953.18,-1124.499,-939.99976,-1034.9619,-942.63965
117974.16,-1124.748,-940.25,-1035.2109,-942.8899
117995.13,-1124.9966,-940.50024,-1035.46,-943.1404
118016.11,-1125.2458,-940.7505,-1035.7085,-943.39014
118037.086,-1125.4946,-941.0005,-1035.9578,-943.6406
118058.06,-1125.7439,-941.25073,-1036.2065,-943.89087
118079.05,-1125.9927,-941.5012,-1036.4556,-944.14087
118100.02,-1126.2415,-941.7512,-1036.7046,-944.39136
118121.0,-1126.4907,-942.00146,-1036.9534,-944.6416
118141.98,-1126.7395,-942.2517,-1037.2026,-944.89185
118162.95,-1126.9888,-942.50195,-1037.4512,-945.14185
118183.93,-1127.2373,-942.75195,-1037.7007,-945.3921
118204.91,-1127.4866,-943.00244,-1037.9495,-945.64233
118225.88,-1127.7354,-943.25244,-1038.198,-945.8926
118246.86,-1127.9841,-943.5029,-1038.4473,-946.1426
118267.836,-1128.2332,-943.7529,-1038.696,-946.3928
118288.81,-1128.4822,-944.0032,-1038.9451,-946.6433
118309.79,-1128.7312,-944.2534,-1039.1941,-946.8933
118330.766,-1128.98,-944.5034,-1039.4431,-947.14355
118351.74,-1129.2292,-944.7539,-1039.6919,-947.3938
118372.72,-1129.478,-945.0039,-1039.9412,-947.64404
118393.695,-1129.727,-945.2544,-1040.19,-947.8943
118414.67,-1129.9758,-945.5044,-1040.439,-948.1443
118435.65,-1130.2246,-945.75464,-1040.688,-948.39453
118456.625,-1130.4739,-946.0049,-1040.9365,-948.645
118477.6,-1130.7227,-946.2551,-1041.1855,-948.895
118498.58,-1130.9717,-946.5051,-1041.4346,-949.14526
118519.555,-1131.2207,-946.7554,-1041.6838,-949.3955
118540.54,-1131.47,-947.00586,-1041.9326,-949.64575
118561.516,-1131.7188,-947.25586,-1042.1816,-949.896
118582.49,-1131.9673,-947.5061,-1042.4307,-950.14624
118603.47,-1132.2168,-947.75635,-1042.6792,-950.3965
118624.445,-1132.4653,-948.0066,-1042.9287,-950.6465
118645.42,-1132.7146,-948.2566,-1043.1772,-950.8967
118666.4,-1132.9634,-948.5071,-1043.4265,-951.147
118687.375,-1133.2124,-948.7573,-1043.6753,-951.3972
118708.35,-1133.4614,-949.0073,-1043.9241,-951.64746
118729.33,-1133.7102,-949.25757,-1044.1731,-951.8977
118750.305,-1133.9592,-949.5078,-1044.4224,-952.14795
118771.28,-1134.208,-949.75806,-1044.6711,-952.3982
118792.26,-1134.4573,-950.00806,-1044.9199,-952.6482
118813.234,-1134.7058,-950.2583,-1045.1692,-952.89844
118834.21,-1134.9553,-950.5088,-1045.4177,-953.1487
118855.19,-1135.2039,-950.75903,-1045.667,-953.3987
118876.164,-1135.4531,-951.00903,-1045.9158,-953.6492
118897.14,-1135.7019,-951.2593,-1046.1646,-953.8994
118918.12,-1135.9507,-951.5095,-1046.4136,-954.14966
118939.09,-1136.1997,-951.75977,-1046.6626,-954.39966
118960.07,-1136.4487,-952.00977,-1046.9116,-954.6499
118981.05,-1136.6978,-952.26,-1047.1604,-954.90015
119002.02,-1136.9463,-952.51025,-1047.4097,-955.1504
119023.01,-1137.1956,-952.7605,-1047.6584,-955.40063
119043.984,-1137.4446,-953.01074,-1047.9072,-955.6509
119064.96,-1137.6934,-953.261,-1048.1567,-955.9011
119085.94,-1137.9429,-953.5115,-1048.4053,-956.1511
119106.914,-1138.1912,-953.7615,-1048.6543,-956.40137
119127.89,-1138.44,-954.0117,-1048.9033,-956.6516
119148.87,-1138.689,-954.26196,-1049.1521,-956.9021
119169.84,-1138.9375,-954.5122,-1049.4011,-957.1521
119190.82,-1139.1863,-954.7622,-1049.6504,-957.40234
119211.8,-1139.4348,-955.01245,-1049.8992,-957.6526
119232.77,-1139.6836,-955.2627,-1050.148,-957.90283
119253.75,-1139.9324,-955.51294,-1050.3972,-958.15283
119274.73,-1140.1807,-955.7632,-1050.6458,-958.4031
119295.7,-1140.4294,-956.0134,-1050.895,-958.65356
119316.68,-1140.6782,-956.2637,-1051.1438,-958.90356
119337.66,-1140.927,-956.5137,-1051.3928,-959.1538
119358.63,-1141.1758,-956.7639,-1051.6418,-959.40405
119379.61,-1141.4246,-957.01416,-1051.8906,-959.6543
119400.586,-1141.6731,-957.2644,-1052.1396,-959.9043
119421.56,-1141.9219,-957.5144,-1052.3884,-960.15454
119442.54,-1142.1704,-957.7649,-1052.6377,-960.4048
119463.516,-1142.419,-958.01514,-1052.8862,-960.655
119484.5,-1142.668,-958.2654,-1053.1353,-960.9053
119505.48,-1142.9167,-958.5156,-1053.3845,-961.1555
119526.45,-1143.1655,-958.7656,-1053.6333,-961.40576
119547.43,-1143.4143,-959.0161,-1053.8826,-961.656
119568.41,-1143.6631,-959.2661,-1054.1313,-961.906
119589.38,-1143.9116,-959.51636,-1054.3804,-962.1565
119610.36,-1144.1604,-959.7666,-1054.6292,-962.40674
119631.336,-1144.4089,-960.01685,-1054.8784,-962.65674
119652.31,-1144.6575,-960.26685,-1055.1272,-962.907
119673.29,-1144.9062,-960.51733,-1055.376,-963.1572
119694.266,-1145.155,-960.7676,-1055.625,-963.4072
119715.24,-1145.4036,-961.0176,-1055.8738,-963.6575
119736.22,-1145.6526,-961.2678,-1056.1233,-963.90796
119757.195,-1145.9014,-961.51807,-1056.3718,-964.15796
119778.17,-1146.1499,-961.7683,-1056.6208,-964.4082
119799.15,-1146.3987,-962.0183,-1056.8699,-964.65845
119820.125,-1146.6475,-962.26855,-1057.1189,-964.9087
119841.1,-1146.8958,-962.5188,-1057.3677,-965.15894
119862.08,-1147.1445,-962.7693,-1057.6165,-965.40894
119883.055,-1147.3933,-963.0193,-1057.8657,-965.6592
119904.03,-1147.6421,-963.26953,-1058.1143,-965.9094
119925.01,-1147.8906,-963.5198,-1058.3635,-966.1599
119945.99,-1148.1392,-963.7698,-1058.6125,-966.4099
119966.97,-1148.388,-964.02026,-1058.8616,-966.66016
119987.945,-1148.6372,-964.2705,-1059.1106,-966.9104
120008.92,-1148.8857,-964.52075,-1059.3594,-967.16064
120029.9,-1149.1343,-964.77075,-1059.6084,-967.4109
120050.875,-1149.383,-965.021,-1059.8572,-967.66113
120071.85,-1149.6316,-965.27124,-1060.1064,-967.9114
120092.83,-1149.8801,-965.5215,-1060.355,-968.1614
120113.805,-1150.1292,-965.7715,-1060.604,-968.4116
120134.78,-1150.3774,-966.0217,-1060.853,-968.66187
120155.76,-1150.6262,-966.2722,-1061.1018,-968.9121
120176.734,-1150.8755,-966.5222,-1061.3511,-969.1621
120197.71,-1151.124,-966.77246,-1061.5996,-969.4126
120218.69,-1151.3726,-967.0227,-1061.8489,-969.66284
120239.664,-1151.6213,-967.27295,-1062.0979,-969.91284
120260.64,-1151.8699,-967.52295,-1062.3469,-970.1631
120281.62,-1152.1187,-967.77344,-1062.5957,-970.4133
120302.59,-1152.3672,-968.02344,-1062.845,-970.6636
120323.57,-1152.6157,-968.2739,-1063.0938,-970.9136
120344.55,-1152.8645,-968.5239,-1063.3423,-971.1638
120365.52,-1153.1138,-968.7742,-1063.5916,-971.4143
120386.5,-1153.3623,-969.0244,-1063.8403,-971.66455
120407.484,-1153.6111,-969.27466,-1064.0896,-971.91455
120428.46,-1153.8599,-969.5249,-1064.3386,-972.16504
120449.44,-1154.1084,-969.77515,-1064.5872,-972.4153
120470.414,-1154.3572,-970.0254,-1064.8364,-972.66504
120491.39,-1154.6057,-970.2754,-1065.0852,-972.9155
120512.37,-1154.8542,-970.52563,-1065.3345,-973.1658
120533.34,-1155.103,-970.7759,-1065.583,-973.416
120554.32,-1155.3518,-971.0261,-1065.8323,-973.666
120575.3,-1155.6003,-971.27637,-1066.081,-973.91626
120596.27,-1155.8494,-971.5266,-1066.3298,-974.1665
120617.25,-1156.0981,-971.77686,-1066.5791,-974.417
120638.23,-1156.3467,-972.02686,-1066.8281,-974.667
120659.2,-1156.5955,-972.2771,-1067.0771,-974.917
120680.18,-1156.8442,-972.5276,-1067.3257,-975.1675
120701.16,-1157.0925,-972.7776,-1067.575,-975.4177
120722.13,-1157.3413,-973.0276,-1067.8237,-975.6677
120743.11,-1157.5901,-973.2781,-1068.073,-975.91797
120764.086,-1157.8389,-973.5283,-1068.3215,-976.1682
120785.06,-1158.0876,-973.77856,-1068.5706,-976.41846
120806.04,-1158.3364,-974.02856,-1068.8196,-976.6687
120827.016,-1158.585,-974.2788,-1069.0684,-976.91895
120847.99,-1158.8337,-974.52905,-1069.3176,-977.1692
120868.97,-1159.0823,-974.7793,-1069.5662,-977.4192
120889.95,-1159.331,-975.02954,-1069.8152,-977.66943
120910.93,-1159.5798,-975.2798,-1070.0645,-977.9199
120931.91,-1159.8286,-975.53,-1070.3132,-978.1699
120952.88,-1160.0769,-975.78,-1070.5623,-978.42017
120973.86,-1160.3257,-976.0303,-1070.8113,-978.6704
120994.836,-1160.5745,-976.28076,-1071.0603,-978.92065
121015.81,-1160.823,-976.531,-1071.3091,-979.17065
121036.79,-1161.0723,-976.781,-1071.5583,-979.42114
121057.766,-1161.3208,-977.03125,-1071.8071,-979.67114
121078.74,-1161.5693,-977.2815,-1072.0562,-979.9214
121099.72,-1161.8181,-977.53174,-1072.3052,-980.17163
121120.695,-1162.0669,-977.78174,-1072.5537,-980.4219
121141.67,-1162.3154,-978.032,-1072.8027,-980.6721
121162.65,-1162.564,-978.2825,-1073.0518,-980.9221
121183.625,-1162.8127,-978.5325,-1073.301,-981.17236
121204.6,-1163.0613,-978.7827,-1073.5496,-981.42285
121225.58,-1163.3105,-979.03296,-1073.7988,-981.6731
121246.555,-1163.5591,-979.2832,-1074.0476,-981.92285
121267.53,-1163.8076,-979.5332,-1074.2966,-982.17334
121288.51,-1164.0564,-979.78345,-1074.5457,-982.4236
121309.484,-1164.3052,-980.0337,-1074.7942,-982.6738
121330.46,-1164.5535,-980.28394,-1075.0435,-982.9238
121351.445,-1164.8025,-980.5342,-1075.2925,-983.1743
121372.42,-1165.051,-980.7844,-1075.5413,-983.42456
121393.4,-1165.2998,-981.03467,-1075.7903,-983.67456
121414.375,-1165.5486,-981.28467,-1076.0396,-983.9248
121435.35,-1165.7971,-981.53516,-1076.2883,-984.17505
121456.33,-1166.0461,-981.7854,-1076.5371,-984.4253
121477.305,-1166.2949,-982.03564,-1076.7864,-984.6753
121498.28,-1166.5435,-982.28564,-1077.0349,-984.9258
121519.26,-1166.792,-982.5359,-1077.2842,-985.176
121540.234,-1167.041,-982.78613,-1077.533,-985.4263
121561.21,-1167.2893,-983.03613,-1077.7817,-985.6763
121582.19,-1167.5381,-983.2866,-1078.0308,-985.9265
121603.164,-1167.7869,-983.5366,-1078.2798,-986.17676
121624.14,-1168.0356,-983.7871,-1078.5288,-986.427
121645.12,-1168.2844,-984.0371,-1078.7776,-986.677
121666.09,-1168.5332,-984.28735,-1079.0269,-986.92725
121687.07,-1168.7817,-984.5376,-1079.2756,-987.17773
121708.05,-1169.0305,-984.78784,-1079.5249,-987.42773
121729.02,-1169.279,-985.03784,-1079.7734,-987.678
121750.0,-1169.5276,-985.2881,-1080.0222,-987.9282
121770.98,-1169.7764,-985.5386,-1080.2715,-988.17847
121791.95,-1170.0251,-985.7886,-1080.5203,-988.42847
121812.94,-1170.2737,-986.0388,-1080.7693,-988.67896
121833.914,-1170.5225,-986.28906,-1081.0183,-988.9292
121854.89,-1170.7712,-986.5393,-1081.2676,-989.1792
121875.87,-1171.0203,-986.78955,-1081.5164,-989.42944
121896.84,-1171.269,-987.0398,-1081.7651,-989.6797
121917.82,-1171.5176,-987.29004,-1082.0144,-989.9302
121938.8,-1171.7661,-987.5403,-1082.263,-990.1802
121959.77,-1172.0149,-987.7903,-1082.5122,-990.4304
121980.75,-1172.2637,-988.0405,-1082.761,-990.68066
122001.73,-1172.5122,-988.2908,-1083.01,-990.9309
122022.7,-1172.7607,-988.541,-1083.259,-991.1809
122043.68,-1173.0095,-988.791,-1083.5078,-991.43115
122064.66,-1173.2585,-989.0415,-1083.7568,-991.6814
122085.63,-1173.5073,-989.29175,-1084.0056,-991.93164
122106.61,-1173.7561,-989.54175,-1084.2549,-992.1819
122127.586,-1174.0044,-989.792,-1084.5034,-992.4321
122148.56,-1174.2532,-990.04224,-1084.7529,-992.6824
122169.54,-1174.502,-990.2925,-1085.0015,-992.9324
122190.516,-1174.7502,-990.5425,-1085.2507,-993.1826
122211.49,-1174.999,-990.79297,-1085.4995,-993.43286
122232.47,-1175.2478,-991.0432,-1085.7483,-993.6831
122253.445,-1175.4968,-991.29346,-1085.9973,-993.9331
122274.42,-1175.7456,-991.54346,-1086.2463,-994.1836
122295.41,-1175.9939,-991.79395,-1086.4956,-994.43384
122316.38,-1176.2429,-992.0442,-1086.7444,-994.68384
122337.36,-1176.4917,-992.2942,-1086.9932,-994.9343
122358.336,-1176.7402,-992.54443,-1087.2422,-995.1843
122379.31,-1176.9888,-992.7947,-1087.491,-995.4348
122400.29,-1177.2375,-993.0449,-1087.7405,-995.6848
122421.266,-1177.4863,-993.2949,-1087.989,-995.93506
122442.24,-1177.7349,-993.54517,-1088.238,-996.1853
122463.22,-1177.9836,-993.7954,-1088.487,-996.43555
122484.195,-1178.2327,-994.0459,-1088.7361,-996.68555
122505.17,-1178.4812,-994.2959,-1088.9849,-996.9358
122526.15,-1178.73,-994.54614,-1089.2336,-997.1863
122547.125,-1178.9785,-994.7964,-1089.4829,-997.4363
122568.1,-1179.2273,-995.0464,-1089.7314,-997.6865
122589.08,-1179.4758,-995.29663,-1089.9807,-997.93677
122610.055,-1179.7246,-995.5469,-1090.2295,-998.187
122631.03,-1179.9731,-995.7971,-1090.4788,-998.437
122652.01,-1180.2219,-996.04736,-1090.7275,-998.68726
122672.984,-1180.4705,-996.2976,-1090.9766,-998.9375
122693.96,-1180.7195,-996.54785,-1091.2253,-999.18774
122714.94,-1180.9683,-996.7981,-1091.4746,-999.43774
122735.914,-1181.2168,-997.0481,-1091.7234,-999.68823
122756.9,-1181.4658,-997.29834,-1091.9722,-999.9387
122777.875,-1181.7144,-997.5488,-1092.2212,-1000.1885
122798.85,-1181.9629,-997.7988,-1092.4702,-1000.43896
122819.83,-1182.2117,-998.0491,-1092.719,-1000.6892
122840.805,-1182.4604,-998.2993,-1092.9683,-1000.93945
122861.78,-1182.709,-998.54956,-1093.2168,-1001.18945
122882.76,-1182.9575,-998.79956,-1093.4661,-1001.4397
122903.734,-1183.2063,-999.05005,-1093.7151,-1001.68994
122924.71,-1183.4553,-999.3003,-1093.9641,-1001.9402
122945.69,-1183.7039,-999.5503,-1094.2129,-1002.1904
122966.664,-1183.9529,-999.80054,-1094.4622,-1002.4404
122987.64,-1184.2012,-1000.05054,-1094.7109,-1002.6909
123008.62,-1184.45,-1000.3013,-1094.9595,-1002.94116
123029.59,-1184.6987,-1000.5513,-1095.2087,-1003.19116
123050.57,-1184.947,-1000.8015,-1095.4575,-1003.4414
123071.55,-1185.1958,-1001.05176,-1095.7068,-1003.69165
123092.52,-1185.4446,-1001.302,-1095.9556,-1003.94165
123113.5,-1185.6936,-1001.552,-1096.2046,-1004.1919
123134.48,-1185.9424,-1001.802,-1096.4536,-1004.4424
123155.45,-1186.1909,-1002.0525,-1096.7026,-1004.6924
123176.43,-1186.4395,-1002.3025,-1096.9512,-1004.9426
123197.41,-1186.6882,-1002.553,-1097.2002,-1005.1929
123218.39,-1186.9373,-1002.803,-1097.4495,-1005.44336
123239.37,-1187.1855,-1003.0532,-1097.6982,-1005.69336
123260.34,-1187.4343,-1003.3037,-1097.947,-1005.9436
123281.32,-1187.6831,-1003.55396,-1098.1963,-1006.19385
123302.3,-1187.9316,-1003.8042,-1098.4453,-1006.4441
123323.27,-1188.1804,-1004.05444,-1098.6943,-1006.6941
123344.25,-1188.4294,-1004.3042,-1098.9429,-1006.9441
123365.23,-1188.678,-1004.55444,-1099.1921,-1007.1948
123386.2,-1188.9268,-1004.8047,-1099.4409,-1007.44507
123407.18,-1189.1755,-1005.05493,-1099.6902,-1007.69507
123428.16,-1189.4241,-1005.3054,-1099.9387,-1007.9453
123449.13,-1189.6726,-1005.55566,-1100.188,-1008.19556
123470.11,-1189.9214,-1005.8059,-1100.4368,-1008.4458
123491.086,-1190.1699,-1006.0559,-1100.6855,-1008.6958
123512.06,-1190.4187,-1006.30615,-1100.9348,-1008.94604
123533.04,-1190.6675,-1006.55615,-1101.1833,-1009.19653
123554.016,-1190.9163,-1006.8064,-1101.4326,-1009.4468
123574.99,-1191.165,-1007.0564,-1101.6816,-1009.6968
123595.97,-1191.4138,-1007.30664,-1101.9307,-1009.947
123616.945,-1191.6621,-1007.5574,-1102.1792,-1010.19727
123637.92,-1191.9109,-1007.8076,-1102.4282,-1010.44727
123658.9,-1192.1597,-1008.0576,-1102.6772,-1010.6975
123679.875,-1192.4082,-1008.30786,-1102.926,-1010.94775
123700.86,-1192.6572,-1008.5581,-1103.1755,-1011.198
123721.836,-1192.9058,-1008.80835,-1103.4243,-1011.44824
123742.81,-1193.1543,-1009.05835,-1103.6733,-1011.69824
123763.79,-1193.4036,-1009.3086,-1103.9224,-1011.9485
123784.766,-1193.6521,-1009.55884,-1104.1709,-1012.199
123805.74,-1193.9006,-1009.80884,-1104.4199,-1012.4492
123826.72,-1194.1494,-1010.0591,-1104.669,-1012.69946
123847.695,-1194.398,-1010.3098,-1104.9182,-1012.9497
123868.67,-1194.6467,-1010.56006,-1105.1667,-1013.1997
123889.65,-1194.8955,-1010.8098,-1105.416,-1013.4497
123910.625,-1195.144,-1011.0603,-1105.6648,-1013.7002
123931.6,-1195.3926,-1011.3103,-1105.9138,-1013.9502
123952.58,-1195.6418,-1011.56055,-1106.1628,-1014.2007
123973.555,-1195.8904,-1011.81055,-1106.4114,-1014.4509
123994.53,-1196.1392,-1012.0608,-1106.6606,-1014.7012
124015.51,-1196.3877,-1012.31104,-1106.9094,-1014.9512
124036.484,-1196.6362,-1012.5615,-1107.1587,-1015.2014
124057.46,-1196.885,-1012.81177,-1107.4072,-1015.45166
124078.44,-1197.1338,-1013.06177,-1107.6567,-1015.70166
124099.414,-1197.3823,-1013.31226,-1107.9053,-1015.9519
124120.39,-1197.6309,-1013.562,-1108.1545,-1016.2019
124141.37,-1197.8801,-1013.81226,-1108.4033,-1016.45264
124162.35,-1198.1284,-1014.06274,-1108.6521,-1016.70264
124183.33,-1198.3772,-1014.31274,-1108.9014,-1016.9531
124204.305,-1198.6262,-1014.563,-1109.1501,-1017.20337
124225.28,-1198.8748,-1014.81323,-1109.3989,-1017.4536
124246.26,-1199.1235,-1015.0635,-1109.648,-1017.7036
124267.234,-1199.3723,-1015.31396,-1109.897,-1017.95386
124288.21,-1199.6208,-1015.56396,-1110.146,-1018.20386
124309.19,-1199.8694,-1015.8142,-1110.3948,-1018.4541
124330.164,-1200.1182,-1016.06445,-1110.644,-1018.7041
124351.14,-1200.3667,-1016.31445,-1110.8928,-1018.95435
124372.12,-1200.6157,-1016.5647,-1111.1421,-1019.2051
124393.09,-1200.8643,-1016.81494,-1111.3906,-1019.4553
124414.07,-1201.113,-1017.06494,-1111.6394,-1019.7053
124435.05,-1201.3618,-1017.3152,-1111.8887,-1019.95557
124456.02,-1201.6106,-1017.5659,-1112.1375,-1020.2058
124477.0,-1201.8589,-1017.8159,-1112.3865,-1020.4558
124497.98,-1202.1077,-1018.0659,-1112.6355,-1020.7058
124518.95,-1202.3564,-1018.31616,-1112.8845,-1020.95605
124539.93,-1202.605,-1018.5664,-1113.1333,-1021.2063
124560.91,-1202.8538,-1018.81665,-1113.3826,-1021.4568
124581.88,-1203.1028,-1019.06665,-1113.6313,-1021.70703
124602.86,-1203.3513,-1019.3169,-1113.8804,-1021.9573
124623.84,-1203.6003,-1019.5674,-1114.1294,-1022.2075
124644.82,-1203.8491,-1019.8179,-1114.3782,-1022.4575
124665.8,-1204.0974,-1020.0676,-1114.6272,-1022.708
124686.77,-1204.3462,-1020.3181,-1114.8762,-1022.958
124707.75,-1204.595,-1020.56836,-1115.125,-1023.208
124728.73,-1204.8435,-1020.81836,-1115.374,-1023.45825
124749.7,-1205.0923,-1021.0686,-1115.6228,-1023.7085
124770.68,-1205.3408,-1021.31885,-1115.8721,-1023.95874
124791.66,-1205.5898,-1021.5691,-1116.1206,-1024.2092
124812.63,-1205.8386,-1021.8191,-1116.3701,-1024.4595
124833.61,-1206.0874,-1022.0696,-1116.6187,-1024.7095
124854.586,-1206.3359,-1022.3196,-1116.8679,-1024.96
124875.56,-1206.5845,-1022.57007,-1117.1167,-1025.2097
124896.54,-1206.8333,-1022.82007,-1117.3655,-1025.46
124917.516,-1207.0818,-1023.0703,-1117.6145,-1025.7102
124938.49,-1207.3306,-1023.32056,-1117.8635,-1025.9604
124959.47,-1207.5791,-1023.57056,-1118.1125,-1026.2109
124980.445,-1207.8281,-1023.8208,-1118.3611,-1026.4612
125001.42,-1219.5171,-1030.5171,-1125.0171,-1030.5171
125022.4,-1219.7688,-1030.7688,-1125.2688,-1030.7688
125043.375,-1220.0205,-1031.0205,-1125.5205,-1031.0205
125064.35,-1220.2722,-1031.2722,-1125.7722,-1031.2722
125085.336,-1220.5239,-1031.5239,-1126.0239,-1031.5239
125106.31,-1220.7756,-1031.7756,-1126.2756,-1031.7756
125127.29,-1221.0273,-1032.0273,-1126.5273,-1032.0273
125148.266,-1221.279,-1032.279,-1126.779,-1032.279
125169.24,-1221.531,-1032.531,-1127.031,-1032.531
125190.22,-1221.7827,-1032.7827,-1127.2827,-1032.7827
125211.195,-1222.0344,-1033.0344,-1127.5344,-1033.0344
125232.17,-1222.2861,-1033.2861,-1127.7861,-1033.2861
125253.15,-1222.5378,-1033.5378,-1128.0378,-1033.5378
125274.125,-1222.7893,-1033.7893,-1128.2893,-1033.7893
125295.1,-1223.041,-1034.041,-1128.541,-1034.041
125316.08,-1223.2927,-1034.2927,-1128.7927,-1034.2927
125337.055,-1223.5449,-1034.5449,-1129.0449,-1034.5449
125358.03,-1223.7966,-1034.7966,-1129.2966,-1034.7966
125379.01,-1224.0481,-1035.0481,-1129.5481,-1035.0481
125399.984,-1224.2998,-1035.2998,-1129.7998,-1035.2998
125420.96,-1224.5515,-1035.5515,-1130.0515,-1035.5515
125441.94,-1224.8032,-1035.8032,-1130.3032,-1035.8032
125462.914,-1225.0549,-1036.0549,-1130.5549,-1036.0549
125483.89,-1225.3064,-1036.3064,-1130.8064,-1036.3064
125504.87,-1225.5586,-1036.5586,-1131.0586,-1036.5586
125525.84,-1225.8103,-1036.8103,-1131.3103,-1036.8103
125546.82,-1226.062,-1037.062,-1131.562,-1037.062
125567.805,-1226.314,-1037.314,-1131.814,-1037.314
125588.78,-1226.5654,-1037.5654,-1132.0654,-1037.5654
125609.76,-1226.8171,-1037.8171,-1132.3171,-1037.8171
125630.734,-1227.0688,-1038.0688,-1132.5688,-1038.0688
125651.71,-1227.3206,-1038.3206,-1132.8206,-1038.3206
125672.69,-1227.5723,-1038.5723,-1133.0723,-1038.5723
125693.664,-1227.8237,-1038.8237,-1133.3237,-1038.8237
125714.64,-1228.0754,-1039.0754,-1133.5754,-1039.0754
125735.62,-1228.3276,-1039.3276,-1133.8276,-1039.3276
125756.59,-1228.5793,-1039.5793,-1134.0793,-1039.5793
125777.57,-1228.831,-1039.831,-1134.331,-1039.831
125798.55,-1229.0825,-1040.0825,-1134.5825,-1040.0825
125819.52,-1229.3342,-1040.3342,-1134.8342,-1040.3342
125840.5,-1229.5859,-1040.5859,-1135.0859,-1040.5859
125861.48,-1229.8376,-1040.8376,-1135.3376,-1040.8376
125882.45,-1230.0894,-1041.0894,-1135.5894,-1041.0894
125903.43,-1230.3413,-1041.3413,-1135.8413,-1041.3413
125924.41,-1230.593,-1041.593,-1136.093,-1041.593
125945.38,-1230.8447,-1041.8447,-1136.3447,-1041.8447
125966.36,-1231.0964,-1042.0964,-1136.5964,-1042.0964
125987.336,-1231.3481,-1042.3481,-1136.8481,-1042.3481
126008.31,-1231.5996,-1042.5996,-1137.0996,-1042.5996
126029.3,-1231.8516,-1042.8516,-1137.3516,-1042.8516
126050.27,-1232.1033,-1043.1033,-1137.6033,-1043.1033
126071.25,-1232.355,-1043.355,-1137.855,-1043.355
126092.23,-1232.6064,-1043.6064,-1138.1064,-1043.6064
126113.2,-1232.8582,-1043.8582,-1138.3582,-1043.8582
126134.18,-1233.1104,-1044.1104,-1138.6104,-1044.1104
126155.16,-1233.362,-1044.362,-1138.862,-1044.362
126176.13,-1233.6138,-1044.6138,-1139.1138,-1044.6138
126197.11,-1233.8652,-1044.8652,-1139.3652,-1044.8652
126218.086,-1234.117,-1045.117,-1139.617,-1045.117
126239.06,-1234.3687,-1045.3687,-1139.8687,-1045.3687
126260.04,-1234.6204,-1045.6204,-1140.1204,-1045.6204
126281.016,-1234.8721,-1045.8721,-1140.3721,-1045.8721
126301.99,-1235.124,-1046.124,-1140.624,-1046.124
126322.97,-1235.3757,-1046.3757,-1140.8757,-1046.3757
126343.945,-1235.6274,-1046.6274,-1141.1274,-1046.6274
126364.92,-1235.8792,-1046.8792,-1141.3792,-1046.8792
126385.9,-1236.1309,-1047.1309,-1141.6309,-1047.1309
126406.875,-1236.3823,-1047.3823,-1141.8823,-1047.3823
126427.85,-1236.634,-1047.634,-1142.134,-1047.634
126448.83,-1236.8857,-1047.8857,-1142.3857,-1047.8857
126469.805,-1237.138,-1048.138,-1142.638,-1048.138
126490.79,-1237.3892,-1048.3892,-1142.8892,-1048.3892
126511.766,-1237.6414,-1048.6414,-1143.1414,-1048.6414
126532.74,-1237.8931,-1048.8931,-1143.3931,-1048.8931
126553.72,-1238.1448,-1049.1448,-1143.6448,-1049.1448
126574.695,-1238.3965,-1049.3965,-1143.8965,-1049.3965
126595.67,-1238.648,-1049.648,-1144.148,-1049.648
126616.65,-1238.8997,-1049.8997,-1144.3997,-1049.8997
126637.625,-1239.1514,-1050.1514,-1144.6514,-1050.1514
126658.6,-1239.4031,-1050.4031,-1144.9031,-1050.4031
126679.58,-1239.6548,-1050.6548,-1145.1548,-1050.6548
126700.555,-1239.9067,-1050.9067,-1145.4067,-1050.9067
126721.53,-1240.1584,-1051.1584,-1145.6584,-1051.1584
126742.51,-1240.4102,-1051.4102,-1145.9102,-1051.4102
126763.484,-1240.6619,-1051.6619,-1146.1619,-1051.6619
126784.46,-1240.9136,-1051.9136,-1146.4136,-1051.9136
126805.44,-1241.165,-1052.165,-1146.665,-1052.165
126826.414,-1241.4167,-1052.4167,-1146.9167,-1052.4167
126847.39,-1241.6685,-1052.6685,-1147.1685,-1052.6685
126868.37,-1241.9207,-1052.9207,-1147.4207,-1052.9207
126889.34,-1242.1724,-1053.1724,-1147.6724,-1053.1724
126910.32,-1242.4238,-1053.4238,-1147.9238,-1053.4238
126931.3,-1242.6755,-1053.6755,-1148.1755,-1053.6755
126952.27,-1242.9272,-1053.9272,-1148.4272,-1053.9272
126973.26,-1243.1792,-1054.1792,-1148.6792,-1054.1792
126994.234,-1243.4309,-1054.4309,-1148.9309,-1054.4309
127015.21,-1243.6824,-1054.6824,-1149.1824,-1054.6824
127036.19,-1243.9341,-1054.9341,-1149.4341,-1054.9341
127057.164,-1244.1858,-1055.1858,-1149.6858,-1055.1858
127078.14,-1244.438,-1055.438,-1149.938,-1055.438
127099.12,-1244.6897,-1055.6897,-1150.1897,-1055.6897
127120.09,-1244.9412,-1055.9412,-1150.4412,-1055.9412
127141.07,-1245.1929,-1056.1929,-1150.6929,-1056.1929
127162.05,-1245.4446,-1056.4446,-1150.9446,-1056.4446
127183.02,-1245.6963,-1056.6963,-1151.1963,-1056.6963
127204.0,-1245.948,-1056.948,-1151.448,-1056.948
127224.98,-1246.1995,-1057.1995,-1151.6995,-1057.1995
127245.95,-1246.4512,-1057.4512,-1151.9512,-1057.4512
127266.93,-1246.7034,-1057.7034,-1152.2034,-1057.7034
127287.91,-1246.9551,-1057.9551,-1152.4551,-1057.9551
127308.88,-1247.2068,-1058.2068,-1152.7068,-1058.2068
127329.86,-1247.4583,-1058.4583,-1152.9583,-1058.4583
127350.836,-1247.71,-1058.71,-1153.21,-1058.71
127371.81,-1247.9617,-1058.9617,-1153.4617,-1058.9617
127392.79,-1248.2134,-1059.2134,-1153.7134,-1059.2134
127413.766,-1248.4651,-1059.4651,-1153.9651,-1059.4651
127434.75,-1248.7168,-1059.7168,-1154.2168,-1059.7168
127455.73,-1248.9685,-1059.9685,-1154.4685,-1059.9685
127476.7,-1249.2207,-1060.2207,-1154.7207,-1060.2207
127497.68,-1249.4724,-1060.4724,-1154.9724,-1060.4724
127518.66,-1249.7239,-1060.7239,-1155.2239,-1060.7239
127539.63,-1249.9756,-1060.9756,-1155.4756,-1060.9756
127560.61,-1250.2273,-1061.2273,-1155.7273,-1061.2273
127581.586,-1250.479,-1061.479,-1155.979,-1061.479
127602.56,-1250.7307,-1061.7307,-1156.2307,-1061.7307
127623.54,-1250.9822,-1061.9822,-1156.4822,-1061.9822
127644.516,-1251.2344,-1062.2344,-1156.7344,-1062.2344
127665.49,-1251.4861,-1062.4861,-1156.9861,-1062.4861
127686.47,-1251.7378,-1062.7378,-1157.2378,-1062.7378
127707.445,-1251.9895,-1062.9895,-1157.4895,-1062.9895
127728.42,-1252.241,-1063.241,-1157.741,-1063.241
127749.4,-1252.4927,-1063.4927,-1157.9927,-1063.4927
127770.375,-1252.7444,-1063.7444,-1158.2444,-1063.7444
127791.35,-1252.9961,-1063.9961,-1158.4961,-1063.9961
127812.33,-1253.2478,-1064.2478,-1158.7478,-1064.2478
127833.305,-1253.4998,-1064.4998,-1158.9998,-1064.4998
127854.28,-1253.7515,-1064.7515,-1159.2515,-1064.7515
127875.26,-1254.0032,-1065.0032,-1159.5032,-1065.0032
127896.24,-1254.2551,-1065.2551,-1159.7551,-1065.2551
127917.22,-1254.5068,-1065.5068,-1160.0068,-1065.5068
127938.195,-1254.7583,-1065.7583,-1160.2583,-1065.7583
127959.17,-1255.01,-1066.01,-1160.51,-1066.01
127980.15,-1255.2617,-1066.2617,-1160.7617,-1066.2617
128001.125,-1255.5134,-1066.5134,-1161.0134,-1066.5134
128022.1,-1255.7651,-1066.7651,-1161.2651,-1066.7651
128043.08,-1256.0171,-1067.0171,-1161.5171,-1067.0171
128064.055,-1256.2688,-1067.2688,-1161.7688,-1067.2688
128085.03,-1256.5205,-1067.5205,-1162.0205,-1067.5205
128106.01,-1256.7722,-1067.7722,-1162.2722,-1067.7722
128126.984,-1257.0239,-1068.0239,-1162.5239,-1068.0239
128147.96,-1257.2754,-1068.2754,-1162.7754,-1068.2754
128168.94,-1257.5271,-1068.5271,-1163.0271,-1068.5271
128189.914,-1257.7788,-1068.7788,-1163.2788,-1068.7788
128210.89,-1258.0305,-1069.0305,-1163.5305,-1069.0305
128231.87,-1258.2827,-1069.2827,-1163.7827,-1069.2827
128252.84,-1258.5342,-1069.5342,-1164.0342,-1069.5342
128273.82,-1258.7859,-1069.7859,-1164.2859,-1069.7859
128294.8,-1259.0376,-1070.0376,-1164.5376,-1070.0376
128315.77,-1259.2893,-1070.2893,-1164.7893,-1070.2893
128336.75,-1259.541,-1070.541,-1165.041,-1070.541
128357.734,-1259.7927,-1070.7927,-1165.2927,-1070.7927
128378.71,-1260.0444,-1071.0444,-1165.5444,-1071.0444
128399.69,-1260.2961,-1071.2961,-1165.7961,-1071.2961
128420.664,-1260.5479,-1071.5479,-1166.0479,-1071.5479
128441.64,-1260.7998,-1071.7998,-1166.2998,-1071.7998
128462.62,-1261.0515,-1072.0515,-1166.5515,-1072.0515
128483.59,-1261.3032,-1072.3032,-1166.8032,-1072.3032
128504.57,-1261.5549,-1072.5549,-1167.0549,-1072.5549
128525.55,-1261.8066,-1072.8066,-1167.3066,-1072.8066
128546.52,-1262.0581,-1073.0581,-1167.5581,-1073.0581
128567.5,-1262.3098,-1073.3098,-1167.8098,-1073.3098
128588.48,-1262.5615,-1073.5615,-1168.0615,-1073.5615
128609.45,-1262.8137,-1073.8137,-1168.3137,-1073.8137
128630.43,-1263.0654,-1074.0654,-1168.5654,-1074.0654
128651.41,-1263.3169,-1074.3169,-1168.8169,-1074.3169
128672.38,-1263.5686,-1074.5686,-1169.0686,-1074.5686
128693.36,-1263.8203,-1074.8203,-1169.3203,-1074.8203
128714.336,-1264.072,-1075.072,-1169.572,-1075.072
128735.31,-1264.3237,-1075.3237,-1169.8237,-1075.3237
128756.29,-1264.5752,-1075.5752,-1170.0752,-1075.5752
128777.266,-1264.8269,-1075.8269,-1170.3269,-1075.8269
128798.24,-1265.0791,-1076.0791,-1170.5791,-1076.0791
128819.22,-1265.3308,-1076.3308,-1170.8308,-1076.3308
128840.2,-1265.5825,-1076.5825,-1171.0825,-1076.5825
128861.18,-1265.8342,-1076.8342,-1171.3342,-1076.8342
128882.16,-1266.0859,-1077.0859,-1171.5859,-1077.0859
128903.13,-1266.3376,-1077.3376,-1171.8376,-1077.3376
128924.11,-1266.5894,-1077.5894,-1172.0894,-1077.5894
128945.086,-1266.8408,-1077.8408,-1172.3408,-1077.8408
128966.06,-1267.0925,-1078.0925,-1172.5925,-1078.0925
128987.04,-1267.3442,-1078.3442,-1172.8442,-1078.3442
129008.016,-1267.5964,-1078.5964,-1173.0964,-1078.5964
129028.99,-1267.8481,-1078.8481,-1173.3481,-1078.8481
129049.97,-1268.0996,-1079.0996,-1173.5996,-1079.0996
129070.945,-1268.3513,-1079.3513,-1173.8513,-1079.3513
129091.92,-1268.603,-1079.603,-1174.103,-1079.603
129112.9,-1268.8547,-1079.8547,-1174.3547,-1079.8547
129133.875,-1269.1064,-1080.1064,-1174.6064,-1080.1064
129154.85,-1269.3579,-1080.3579,-1174.8579,-1080.3579
129175.83,-1269.6101,-1080.6101,-1175.1101,-1080.6101
129196.805,-1269.8618,-1080.8618,-1175.3618,-1080.8618
129217.78,-1270.1135,-1081.1135,-1175.6135,-1081.1135
129238.76,-1270.3652,-1081.3652,-1175.8652,-1081.3652
129259.734,-1270.6167,-1081.6167,-1176.1167,-1081.6167
129280.71,-1270.8684,-1081.8684,-1176.3684,-1081.8684
129301.695,-1271.1204,-1082.1204,-1176.6204,-1082.1204
129322.67,-1271.3721,-1082.3721,-1176.8721,-1082.3721
129343.65,-1271.6238,-1082.6238,-1177.1238,-1082.6238
129364.625,-1271.8752,-1082.8752,-1177.3752,-1082.8752
129385.6,-1272.127,-1083.127,-1177.627,-1083.127
129406.58,-1272.3792,-1083.3792,-1177.8792,-1083.3792
129427.555,-1272.6309,-1083.6309,-1178.1309,-1083.6309
129448.53,-1272.8826,-1083.8826,-1178.3826,-1083.8826
129469.51,-1273.134,-1084.134,-1178.634,-1084.134
129490.484,-1273.3857,-1084.3857,-1178.8857,-1084.3857
129511.46,-1273.6375,-1084.6375,-1179.1375,-1084.6375
129532.44,-1273.8892,-1084.8892,-1179.3892,-1084.8892
129553.414,-1274.1409,-1085.1409,-1179.6409,-1085.1409
129574.39,-1274.3928,-1085.3928,-1179.8928,-1085.3928
129595.37,-1274.6445,-1085.6445,-1180.1445,-1085.6445
129616.34,-1274.8962,-1085.8962,-1180.3962,-1085.8962
129637.32,-1275.148,-1086.148,-1180.648,-1086.148
129658.3,-1275.3997,-1086.3997,-1180.8997,-1086.3997
129679.27,-1275.6511,-1086.6511,-1181.1511,-1086.6511
129700.25,-1275.9028,-1086.9028,-1181.4028,-1086.9028
129721.23,-1276.1545,-1087.1545,-1181.6545,-1087.1545
129742.2,-1276.4067,-1087.4067,-1181.9067,-1087.4067
129763.19,-1276.658,-1087.658,-1182.158,-1087.658
129784.164,-1276.9102,-1087.9102,-1182.4102,-1087.9102
129805.14,-1277.1619,-1088.1619,-1182.6619,-1088.1619
129826.12,-1277.4136,-1088.4136,-1182.9136,-1088.4136
129847.09,-1277.6653,-1088.6653,-1183.1653,-1088.6653
129868.07,-1277.9167,-1088.9167,-1183.4167,-1088.9167
129889.05,-1278.1685,-1089.1685,-1183.6685,-1089.1685
129910.02,-1278.4202,-1089.4202,-1183.9202,-1089.4202
129931.0,-1278.6719,-1089.6719,-1184.1719,-1089.6719
129951.98,-1278.9236,-1089.9236,-1184.4236,-1089.9236
129972.95,-1279.1755,-1090.1755,-1184.6755,-1090.1755
129993.93,-1279.4272,-1090.4272,-1184.9272,-1090.4272
130014.91,-1279.679,-1090.679,-1185.179,-1090.679
130035.88,-1279.9307,-1090.9307,-1185.4307,-1090.9307
130056.86,-1280.1824,-1091.1824,-1185.6824,-1091.1824
130077.836,-1280.4338,-1091.4338,-1185.9338,-1091.4338
130098.81,-1280.6855,-1091.6855,-1186.1855,-1091.6855
130119.79,-1280.9373,-1091.9373,-1186.4373,-1091.9373
130140.766,-1281.1895,-1092.1895,-1186.6895,-1092.1895
130161.74,-1281.4412,-1092.4412,-1186.9412,-1092.4412
130182.72,-1281.6926,-1092.6926,-1187.1926,-1092.6926
130203.695,-1281.9443,-1092.9443,-1187.4443,-1092.9443
130224.67,-1282.196,-1093.196,-1187.696,-1093.196
130245.66,-1282.448,-1093.448,-1187.948,-1093.448
130266.63,-1282.6997,-1093.6997,-1188.1997,-1093.6997
130287.61,-1282.9512,-1093.9512,-1188.4512,-1093.9512
130308.586,-1283.2029,-1094.2029,-1188.7029,-1094.2029
130329.56,-1283.4546,-1094.4546,-1188.9546,-1094.4546
130350.54,-1283.7063,-1094.7063,-1189.2063,-1094.7063
130371.516,-1283.9585,-1094.9585,-1189.4585,-1094.9585
130392.49,-1284.21,-1095.21,-1189.71,-1095.21
130413.47,-1284.4617,-1095.4617,-1189.9617,-1095.4617
130434.445,-1284.7134,-1095.7134,-1190.2134,-1095.7134
130455.42,-1284.9651,-1095.9651,-1190.4651,-1095.9651
130476.4,-1285.2168,-1096.2168,-1190.7168,-1096.2168
130497.375,-1285.4683,-1096.4683,-1190.9683,-1096.4683
130518.35,-1285.72,-1096.72,-1191.22,-1096.72
130539.33,-1285.9722,-1096.9722,-1191.4722,-1096.9722
130560.305,-1286.2239,-1097.2239,-1191.7239,-1097.2239
130581.28,-1286.4756,-1097.4756,-1191.9756,-1097.4756
130602.26,-1286.727,-1097.727,-1192.227,-1097.727
130623.234,-1286.9788,-1097.9788,-1192.4788,-1097.9788
130644.21,-1287.2305,-1098.2305,-1192.7305,-1098.2305
130665.19,-1287.4822,-1098.4822,-1192.9822,-1098.4822
130686.164,-1287.7339,-1098.7339,-1193.2339,-1098.7339
130707.15,-1287.9856,-1098.9856,-1193.4856,-1098.9856
130728.125,-1288.2373,-1099.2373,-1193.7373,-1099.2373
130749.1,-1288.4895,-1099.4895,-1193.9895,-1099.4895
130770.08,-1288.7412,-1099.7412,-1194.2412,-1099.7412
130791.055,-1288.9927,-1099.9927,-1194.4927,-1099.9927
130812.03,-1289.2444,-1100.2444,-1194.7444,-1100.2444
130833.01,-1289.4961,-1100.4961,-1194.9961,-1100.4961
130853.984,-1289.7478,-1100.7478,-1195.2478,-1100.7478
130874.96,-1289.9995,-1100.9995,-1195.4995,-1100.9995
130895.94,-1290.251,-1101.251,-1195.751,-1101.251
130916.914,-1290.5027,-1101.5027,-1196.0027,-1101.5027
130937.89,-1290.7549,-1101.7549,-1196.2549,-1101.7549
130958.87,-1291.0066,-1102.0066,-1196.5066,-1102.0066
130979.84,-1291.2583,-1102.2583,-1196.7583,-1102.2583
131000.82,-1291.5098,-1102.5098,-1197.0098,-1102.5098
131021.8,-1291.7615,-1102.7615,-1197.2615,-1102.7615
131042.77,-1292.0132,-1103.0132,-1197.5132,-1103.0132
131063.75,-1292.2649,-1103.2649,-1197.7649,-1103.2649
131084.73,-1292.5166,-1103.5166,-1198.0166,-1103.5166
131105.7,-1292.7686,-1103.7686,-1198.2686,-1103.7686
131126.69,-1293.02,-1104.02,-1198.52,-1104.02
131147.66,-1293.272,-1104.272,-1198.772,-1104.272
131168.64,-1293.5239,-1104.5239,-1199.0239,-1104.5239
131189.61,-1293.7754,-1104.7754,-1199.2754,-1104.7754
131210.6,-1294.0271,-1105.0271,-1199.5271,-1105.0271
131231.56,-1294.2786,-1105.2786,-1199.7786,-1105.2786
131252.55,-1294.5305,-1105.5305,-1200.0305,-1105.5305
131273.52,-1294.7825,-1105.7825,-1200.2825,-1105.7825
131294.5,-1295.0337,-1106.0337,-1200.5337,-1106.0337
131315.47,-1295.2856,-1106.2856,-1200.7856,-1106.2856
131336.45,-1295.5376,-1106.5376,-1201.0376,-1106.5376
131357.42,-1295.7891,-1106.7891,-1201.2891,-1106.7891
131378.4,-1296.041,-1107.041,-1201.541,-1107.041
131399.39,-1296.2927,-1107.2927,-1201.7927,-1107.2927
131420.36,-1296.5442,-1107.5442,-1202.0442,-1107.5442
131441.34,-1296.7961,-1107.7961,-1202.2961,-1107.7961
131462.31,-1297.0476,-1108.0476,-1202.5476,-1108.0476
131483.3,-1297.2996,-1108.2996,-1202.7996,-1108.2996
131504.27,-1297.5513,-1108.5513,-1203.0513,-1108.5513
131525.25,-1297.8027,-1108.8027,-1203.3027,-1108.8027
131546.22,-1298.0547,-1109.0547,-1203.5547,-1109.0547
131567.2,-1298.3066,-1109.3066,-1203.8066,-1109.3066
131588.17,-1298.5581,-1109.5581,-1204.0581,-1109.5581
131609.16,-1298.8098,-1109.8098,-1204.3098,-1109.8098
131630.12,-1299.0613,-1110.0613,-1204.5613,-1110.0613
131651.11,-1299.3132,-1110.3132,-1204.8132,-1110.3132
131672.08,-1299.5652,-1110.5652,-1205.0652,-1110.5652
131693.06,-1299.8167,-1110.8167,-1205.3167,-1110.8167
131714.03,-1300.0684,-1111.0684,-1205.5684,-1111.0684
131735.02,-1300.3203,-1111.3203,-1205.8203,-1111.3203
131755.98,-1300.5718,-1111.5718,-1206.0718,-1111.5718
131776.97,-1300.8237,-1111.8237,-1206.3237,-1111.8237
131797.94,-1301.0752,-1112.0752,-1206.5752,-1112.0752
131818.92,-1301.3269,-1112.3269,-1206.8269,-1112.3269
131839.89,-1301.5789,-1112.5789,-1207.0789,-1112.5789
131860.88,-1301.8303,-1112.8303,-1207.3303,-1112.8303
131881.86,-1302.0823,-1113.0823,-1207.5823,-1113.0823
131902.83,-1302.3342,-1113.3342,-1207.8342,-1113.3342
131923.81,-1302.5859,-1113.5859,-1208.0859,-1113.5859
131944.78,-1302.8374,-1113.8374,-1208.3374,-1113.8374
131965.77,-1303.0894,-1114.0894,-1208.5894,-1114.0894
131986.73,-1303.3408,-1114.3408,-1208.8408,-1114.3408
132007.72,-1303.5925,-1114.5925,-1209.0925,-1114.5925
132028.69,-1303.844,-1114.844,-1209.344,-1114.844
132049.67,-1304.096,-1115.096,-1209.596,-1115.096
132070.64,-1304.3479,-1115.3479,-1209.8479,-1115.3479
132091.62,-1304.5994,-1115.5994,-1210.0994,-1115.5994
132112.6,-1304.8513,-1115.8513,-1210.3513,-1115.8513
132133.58,-1305.103,-1116.103,-1210.603,-1116.103
132154.55,-1305.3545,-1116.3545,-1210.8545,-1116.3545
132175.53,-1305.6064,-1116.6064,-1211.1064,-1116.6064
132196.5,-1305.8579,-1116.8579,-1211.3579,-1116.8579
132217.48,-1306.1096,-1117.1096,-1211.6096,-1117.1096
132238.45,-1306.3616,-1117.3616,-1211.8616,-1117.3616
132259.44,-1306.613,-1117.613,-1212.113,-1117.613
132280.4,-1306.865,-1117.865,-1212.365,-1117.865
132301.39,-1307.117,-1118.117,-1212.617,-1118.117
132322.36,-1307.3684,-1118.3684,-1212.8684,-1118.3684
132343.34,-1307.6201,-1118.6201,-1213.1201,-1118.6201
132364.33,-1307.8721,-1118.8721,-1213.3721,-1118.8721
132385.3,-1308.1235,-1119.1235,-1213.6235,-1119.1235
132406.28,-1308.3755,-1119.3755,-1213.8755,-1119.3755
132427.25,-1308.6267,-1119.6267,-1214.1267,-1119.6267
132448.23,-1308.8787,-1119.8787,-1214.3787,-1119.8787
132469.2,-1309.1306,-1120.1306,-1214.6306,-1120.1306
132490.19,-1309.3821,-1120.3821,-1214.8821,-1120.3821
132511.16,-1309.634,-1120.634,-1215.134,-1120.634
132532.14,-1309.8857,-1120.8857,-1215.3857,-1120.8857
132553.11,-1310.1372,-1121.1372,-1215.6372,-1121.1372
132574.1,-1310.3892,-1121.3892,-1215.8892,-1121.3892
132595.06,-1310.6406,-1121.6406,-1216.1406,-1121.6406
132616.05,-1310.8926,-1121.8926,-1216.3926,-1121.8926
132637.02,-1311.1443,-1122.1443,-1216.6443,-1122.1443
132658.0,-1311.3958,-1122.3958,-1216.8958,-1122.3958
132678.97,-1311.6477,-1122.6477,-1217.1477,-1122.6477
132699.95,-1311.8997,-1122.8997,-1217.3997,-1122.8997
132720.92,-1312.1511,-1123.1511,-1217.6511,-1123.1511
132741.9,-1312.4028,-1123.4028,-1217.9028,-1123.4028
132762.88,-1312.6543,-1123.6543,-1218.1543,-1123.6543
132783.86,-1312.9062,-1123.9062,-1218.4062,-1123.9062
132804.84,-1313.1582,-1124.1582,-1218.6582,-1124.1582
132825.81,-1313.4097,-1124.4097,-1218.9097,-1124.4097
132846.8,-1313.6614,-1124.6614,-1219.1614,-1124.6614
132867.77,-1313.9133,-1124.9133,-1219.4133,-1124.9133
132888.75,-1314.1653,-1125.1653,-1219.6653,-1125.1653
132909.72,-1314.4167,-1125.4167,-1219.9167,-1125.4167
132930.7,-1314.6685,-1125.6685,-1220.1685,-1125.6685
132951.67,-1314.9199,-1125.9199,-1220.4199,-1125.9199
132972.66,-1315.1719,-1126.1719,-1220.6719,-1126.1719
132993.62,-1315.4233,-1126.4233,-1220.9233,-1126.4233
133014.61,-1315.6753,-1126.6753,-1221.1753,-1126.6753
133035.58,-1315.9272,-1126.9272,-1221.4272,-1126.9272
133056.56,-1316.1785,-1127.1785,-1221.6785,-1127.1785
133077.53,-1316.4304,-1127.4304,-1221.9304,-1127.4304
133098.52,-1316.6824,-1127.6824,-1222.1824,-1127.6824
133119.48,-1316.9338,-1127.9338,-1222.4338,-1127.9338
133140.47,-1317.1855,-1128.1855,-1222.6855,-1128.1855
133161.44,-1317.437,-1128.437,-1222.937,-1128.437
133182.42,-1317.689,-1128.689,-1223.189,-1128.689
133203.39,-1317.9409,-1128.9409,-1223.4409,-1128.9409
133224.38,-1318.1924,-1129.1924,-1223.6924,-1129.1924
133245.34,-1318.4443,-1129.4443,-1223.9443,-1129.4443
133266.33,-1318.696,-1129.696,-1224.196,-1129.696
133287.31,-1318.948,-1129.948,-1224.448,-1129.948
133308.28,-1319.1995,-1130.1995,-1224.6995,-1130.1995
133329.27,-1319.4512,-1130.4512,-1224.9512,-1130.4512
133350.23,-1319.7026,-1130.7026,-1225.2026,-1130.7026
133371.22,-1319.9546,-1130.9546,-1225.4546,-1130.9546
133392.19,-1320.206,-1131.206,-1225.706,-1131.206
133413.17,-1320.458,-1131.458,-1225.958,-1131.458
133434.14,-1320.71,-1131.71,-1226.21,-1131.71
133455.12,-1320.9617,-1131.9617,-1226.4617,-1131.9617
133476.1,-1321.2131,-1132.2131,-1226.7131,-1132.2131
133497.08,-1321.4651,-1132.4651,-1226.9651,-1132.4651
133518.05,-1321.7166,-1132.7166,-1227.2166,-1132.7166
133539.03,-1321.9683,-1132.9683,-1227.4683,-1132.9683
133560.0,-1322.2197,-1133.2197,-1227.7197,-1133.2197
133580.98,-1322.4717,-1133.4717,-1227.9717,-1133.4717
133601.95,-1322.7236,-1133.7236,-1228.2236,-1133.7236
133622.94,-1322.9751,-1133.9751,-1228.4751,-1133.9751
133643.9,-1323.227,-1134.227,-1228.727,-1134.227
133664.89,-1323.4788,-1134.4788,-1228.9788,-1134.4788
133685.86,-1323.7302,-1134.7302,-1229.2302,-1134.7302
133706.84,-1323.9822,-1134.9822,-1229.4822,-1134.9822
133727.81,-1324.2336,-1135.2336,-1229.7336,-1135.2336
133748.8,-1324.4854,-1135.4854,-1229.9854,-1135.4854
133769.78,-1324.7373,-1135.7373,-1230.2373,-1135.7373
133790.75,-1324.9888,-1135.9888,-1230.4888,-1135.9888
133811.73,-1325.2407,-1136.2407,-1230.7407,-1136.2407
133832.7,-1325.4927,-1136.4927,-1230.9927,-1136.4927
133853.69,-1325.7444,-1136.7444,-1231.2444,-1136.7444
133874.66,-1325.9958,-1136.9958,-1231.4958,-1136.9958
133895.64,-1326.2478,-1137.2478,-1231.7478,-1137.2478
133916.61,-1326.4993,-1137.4993,-1231.9993,-1137.4993
133937.6,-1326.7512,-1137.7512,-1232.2512,-1137.7512
133958.56,-1327.0024,-1138.0024,-1232.5024,-1138.0024
133979.55,-1327.2544,-1138.2544,-1232.7544,-1138.2544
134000.52,-1327.5063,-1138.5063,-1233.0063,-1138.5063
134021.5,-1327.7583,-1138.7583,-1233.2583,-1138.7583
134042.47,-1328.0098,-1139.0098,-1233.5098,-1139.0098
134063.45,-1328.2615,-1139.2615,-1233.7615,-1139.2615
134084.42,-1328.513,-1139.513,-1234.013,-1139.513
134105.4,-1328.7649,-1139.7649,-1234.2649,-1139.7649
134126.38,-1329.0164,-1140.0164,-1234.5164,-1140.0164
134147.36,-1329.2683,-1140.2683,-1234.7683,-1140.2683
134168.33,-1329.52,-1140.52,-1235.02,-1140.52
134189.31,-1329.7715,-1140.7715,-1235.2715,-1140.7715
134210.3,-1330.0234,-1141.0234,-1235.5234,-1141.0234
134231.27,-1330.2754,-1141.2754,-1235.7754,-1141.2754
134252.25,-1330.5271,-1141.5271,-1236.0271,-1141.5271
134273.22,-1330.7786,-1141.7786,-1236.2786,-1141.7786
134294.2,-1331.0305,-1142.0305,-1236.5305,-1142.0305
134315.17,-1331.282,-1142.282,-1236.782,-1142.282
134336.16,-1331.5339,-1142.5339,-1237.0339,-1142.5339
134357.12,-1331.7854,-1142.7854,-1237.2854,-1142.7854
134378.11,-1332.0371,-1143.0371,-1237.5371,-1143.0371
134399.08,-1332.2891,-1143.2891,-1237.7891,-1143.2891
134420.06,-1332.541,-1143.541,-1238.041,-1143.541
134441.03,-1332.7925,-1143.7925,-1238.2925,-1143.7925
134462.02,-1333.0442,-1144.0442,-1238.5442,-1144.0442
134482.98,-1333.2957,-1144.2957,-1238.7957,-1144.2957
134503.97,-1333.5476,-1144.5476,-1239.0476,-1144.5476
134524.94,-1333.7991,-1144.7991,-1239.2991,-1144.7991
134545.92,-1334.051,-1145.051,-1239.551,-1145.051
134566.89,-1334.303,-1145.303,-1239.803,-1145.303
134587.88,-1334.5547,-1145.5547,-1240.0547,-1145.5547
134608.84,-1334.8062,-1145.8062,-1240.3062,-1145.8062
134629.83,-1335.0581,-1146.0581,-1240.5581,-1146.0581
134650.8,-1335.3096,-1146.3096,-1240.8096,-1146.3096
134671.78,-1335.5613,-1146.5613,-1241.0613,-1146.5613
134692.77,-1335.8132,-1146.8132,-1241.3132,-1146.8132
134713.73,-1336.0647,-1147.0647,-1241.5647,-1147.0647
134734.72,-1336.3167,-1147.3167,-1241.8167,-1147.3167
134755.69,-1336.5681,-1147.5681,-1242.0681,-1147.5681
134776.67,-1336.8198,-1147.8198,-1242.3198,-1147.8198
134797.64,-1337.0718,-1148.0718,-1242.5718,-1148.0718
134818.62,-1337.3237,-1148.3237,-1242.8237,-1148.3237
134839.6,-1337.5752,-1148.5752,-1243.0752,-1148.5752
134860.58,-1337.8271,-1148.8271,-1243.3271,-1148.8271
134881.55,-1338.0784,-1149.0784,-1243.5784,-1149.0784
134902.53,-1338.3303,-1149.3303,-1243.8303,-1149.3303
134923.5,-1338.5818,-1149.5818,-1244.0818,-1149.5818
134944.48,-1338.8337,-1149.8337,-1244.3337,-1149.8337
134965.45,-1339.0857,-1150.0857,-1244.5857,-1150.0857
134986.44,-1339.3374,-1150.3374,-1244.8374,-1150.3374
135007.4,-1339.5889,-1150.5889,-1245.0889,-1150.5889
135028.39,-1339.8408,-1150.8408,-1245.3408,-1150.8408
135049.36,-1340.0923,-1151.0923,-1245.5923,-1151.0923
135070.34,-1340.3442,-1151.3442,-1245.8442,-1151.3442
135091.31,-1340.5955,-1151.5955,-1246.0955,-1151.5955
135112.3,-1340.8474,-1151.8474,-1246.3474,-1151.8474
135133.27,-1341.0994,-1152.0994,-1246.5994,-1152.0994
135154.25,-1341.3508,-1152.3508,-1246.8508,-1152.3508
135175.23,-1341.6025,-1152.6025,-1247.1025,-1152.6025
135196.2,-1341.8545,-1152.8545,-1247.3545,-1152.8545
135217.19,-1342.1064,-1153.1064,-1247.6064,-1153.1064
135238.16,-1342.3579,-1153.3579,-1247.8579,-1153.3579
135259.14,-1342.6099,-1153.6099,-1248.1099,-1153.6099
135280.11,-1342.8613,-1153.8613,-1248.3613,-1153.8613
135301.1,-1343.1133,-1154.113,-1248.613,-1154.113
135322.06,-1343.3647,-1154.3645,-1248.8645,-1154.3645
135343.05,-1343.6162,-1154.6165,-1249.1165,-1154.6165
135364.02,-1343.8682,-1154.8684,-1249.3684,-1154.8684
135385.0,-1344.1201,-1155.1201,-1249.6201,-1155.1201
135405.97,-1344.3716,-1155.3716,-1249.8716,-1155.3716
135426.95,-1344.6235,-1155.6235,-1250.1235,-1155.6235
135447.92,-1344.875,-1155.875,-1250.375,-1155.875
135468.9,-1345.127,-1156.127,-1250.627,-1156.127
135489.88,-1345.3784,-1156.3784,-1250.8784,-1156.3784
135510.86,-1345.6304,-1156.6301,-1251.1301,-1156.6301
135531.83,-1345.8823,-1156.8821,-1251.3821,-1156.8821
135552.81,-1346.1338,-1157.134,-1251.634,-1157.134
135573.78,-1346.3853,-1157.3855,-1251.8855,-1157.3855
135594.77,-1346.6372,-1157.6372,-1252.1372,-1157.6372
135615.75,-1346.8892,-1157.8892,-1252.3892,-1157.8892
135636.72,-1347.1406,-1158.1406,-1252.6406,-1158.1406
135657.7,-1347.3926,-1158.3926,-1252.8926,-1158.3926
135678.67,-1347.644,-1158.644,-1253.144,-1158.644
135699.66,-1347.896,-1158.8958,-1253.3958,-1158.8958
135720.62,-1348.1475,-1159.1472,-1253.6472,-1159.1472
135741.61,-1348.3989,-1159.3992,-1253.8992,-1159.3992
135762.58,-1348.6509,-1159.6511,-1254.1511,-1159.6511
135783.56,-1348.9028,-1159.9028,-1254.4028,-1159.9028
135804.53,-1349.1543,-1160.1543,-1254.6543,-1160.1543
135825.52,-1349.4062,-1160.4062,-1254.9062,-1160.4062
135846.48,-1349.6577,-1160.6577,-1255.1577,-1160.6577
135867.47,-1349.9097,-1160.9097,-1255.4097,-1160.9097
135888.44,-1350.1611,-1161.1611,-1255.6611,-1161.1611
135909.42,-1350.4131,-1161.4128,-1255.9128,-1161.4128
135930.39,-1350.665,-1161.6648,-1256.1648,-1161.6648
135951.38,-1350.9165,-1161.9167,-1256.4167,-1161.9167
135972.34,-1351.168,-1162.1682,-1256.6682,-1162.1682
135993.33,-1351.4199,-1162.4199,-1256.9199,-1162.4199
136014.3,-1351.6714,-1162.6714,-1257.1714,-1162.6714
136035.28,-1351.9233,-1162.9233,-1257.4233,-1162.9233
136056.25,-1352.1748,-1163.1748,-1257.6748,-1163.1748
136077.23,-1352.4268,-1163.4268,-1257.9268,-1163.4268
136098.22,-1352.6787,-1163.6785,-1258.1785,-1163.6785
136119.19,-1352.9307,-1163.9304,-1258.4304,-1163.9304
136140.17,-1353.1816,-1164.1819,-1258.6819,-1164.1819
136161.14,-1353.4336,-1164.4338,-1258.9338,-1164.4338
136182.12,-1353.6855,-1164.6858,-1259.1858,-1164.6858
136203.1,-1353.937,-1164.937,-1259.437,-1164.937
136224.08,-1354.189,-1165.189,-1259.689,-1165.189
136245.05,-1354.4404,-1165.4404,-1259.9404,-1165.4404
136266.03,-1354.6924,-1165.6924,-1260.1924,-1165.6924
136287.0,-1354.9438,-1165.9438,-1260.4438,-1165.9438
136307.98,-1355.1958,-1166.1956,-1260.6956,-1166.1956
136328.95,-1355.4478,-1166.4475,-1260.9475,-1166.4475
136349.94,-1355.6992,-1166.6995,-1261.1995,-1166.6995
136370.9,-1355.9507,-1166.9509,-1261.4509,-1166.9509
136391.89,-1356.2026,-1167.2029,-1261.7029,-1167.2029
136412.86,-1356.4541,-1167.4541,-1261.9541,-1167.4541
136433.84,-1356.706,-1167.706,-1262.206,-1167.706
136454.81,-1356.9575,-1167.9575,-1262.4575,-1167.9575
136475.8,-1357.2095,-1168.2095,-1262.7095,-1168.2095
136496.77,-1357.4614,-1168.4614,-1262.9614,-1168.4614
136517.75,-1357.7134,-1168.7131,-1263.2131,-1168.7131
136538.72,-1357.9648,-1168.9646,-1263.4646,-1168.9646
136559.7,-1358.2163,-1169.2166,-1263.7166,-1169.2166
136580.69,-1358.4683,-1169.4685,-1263.9685,-1169.4685
136601.66,-1358.7197,-1169.72,-1264.22,-1169.72
136622.64,-1358.9717,-1169.9717,-1264.4717,-1169.9717
136643.61,-1359.2231,-1170.2231,-1264.7231,-1170.2231
136664.6,-1359.4751,-1170.4751,-1264.9751,-1170.4751
136685.56,-1359.727,-1170.727,-1265.227,-1170.727
136706.55,-1359.9785,-1170.9783,-1265.4783,-1170.9783
136727.52,-1360.2305,-1171.2302,-1265.7302,-1171.2302
136748.5,-1360.4824,-1171.4822,-1265.9822,-1171.4822
136769.47,-1360.7334,-1171.7336,-1266.2336,-1171.7336
136790.45,-1360.9854,-1171.9856,-1266.4856,-1171.9856
136811.42,-1361.2368,-1172.237,-1266.737,-1172.237
136832.4,-1361.4888,-1172.4888,-1266.9888,-1172.4888
136853.38,-1361.7402,-1172.7402,-1267.2402,-1172.7402
136874.36,-1361.9922,-1172.9922,-1267.4922,-1172.9922
136895.33,-1362.2441,-1173.2441,-1267.7441,-1173.2441
136916.31,-1362.4961,-1173.4958,-1267.9958,-1173.4958
136937.28,-1362.7476,-1173.7473,-1268.2473,-1173.7473
136958.27,-1362.9995,-1173.9993,-1268.4993,-1173.9993
136979.23,-1363.2505,-1174.2507,-1268.7507,-1174.2507
137000.22,-1363.5024,-1174.5027,-1269.0027,-1174.5027
137021.2,-1363.7544,-1174.7544,-1269.2544,-1174.7544
137042.17,-1364.0059,-1175.0059,-1269.5059,-1175.0059
137063.16,-1364.2578,-1175.2578,-1269.7578,-1175.2578
137084.12,-1364.5098,-1175.5098,-1270.0098,-1175.5098
137105.11,-1364.7612,-1175.7612,-1270.2612,-1175.7612
137126.08,-1365.0132,-1176.013,-1270.513,-1176.013
137147.06,-1365.2651,-1176.2649,-1270.7649,-1176.2649
137168.03,-1365.5166,-1176.5164,-1271.0164,-1176.5164
137189.02,-1365.7681,-1176.7683,-1271.2683,-1176.7683
137209.98,-1366.0195,-1177.0198,-1271.5198,-1177.0198
137230.97,-1366.2715,-1177.2715,-1271.7715,-1177.2715
137251.94,-1366.5234,-1177.5234,-1272.0234,-1177.5234
137272.92,-1366.7749,-1177.7749,-1272.2749,-1177.7749
137293.89,-1367.0269,-1178.0269,-1272.5269,-1178.0269
137314.88,-1367.2788,-1178.2788,-1272.7788,-1178.2788
137335.84,-1367.5303,-1178.53,-1273.03,-1178.53
137356.83,-1367.7822,-1178.782,-1273.282,-1178.782
137377.8,-1368.0337,-1179.0334,-1273.5334,-1179.0334
137398.78,-1368.2852,-1179.2854,-1273.7854,-1179.2854
137419.75,-1368.5366,-1179.5369,-1274.0369,-1179.5369
137440.73,-1368.7886,-1179.7886,-1274.2886,-1179.7886
137461.7,-1369.0405,-1180.0405,-1274.5405,-1180.0405
137482.69,-1369.2925,-1180.2925,-1274.7925,-1180.2925
137503.67,-1369.544,-1180.544,-1275.044,-1180.544
137524.64,-1369.7959,-1180.7959,-1275.2959,-1180.7959
137545.62,-1370.0479,-1181.0476,-1275.5476,-1181.0476
137566.6,-1370.2993,-1181.2991,-1275.7991,-1181.2991
137587.58,-1370.5508,-1181.551,-1276.051,-1181.551
137608.55,-1370.8022,-1181.8025,-1276.3025,-1181.8025
137629.53,-1371.0542,-1182.0542,-1276.5542,-1182.0542
137650.5,-1371.3062,-1182.3062,-1276.8062,-1182.3062
137671.48,-1371.5576,-1182.5576,-1277.0576,-1182.5576
137692.45,-1371.8096,-1182.8096,-1277.3096,-1182.8096
137713.44,-1372.0615,-1183.0615,-1277.5615,-1183.0615
137734.4,-1372.313,-1183.313,-1277.813,-1183.313
137755.39,-1372.565,-1183.5647,-1278.0647,-1183.5647
137776.36,-1372.8164,-1183.8162,-1278.3162,-1183.8162
137797.34,-1373.0679,-1184.0681,-1278.5681,-1184.0681
137818.31,-1373.3193,-1184.3196,-1278.8196,-1184.3196
137839.3,-1373.5713,-1184.5713,-1279.0713,-1184.5713
137860.27,-1373.8232,-1184.8232,-1279.3232,-1184.8232
137881.25,-1374.0752,-1185.0752,-1279.5752,-1185.0752
137902.22,-1374.3267,-1185.3267,-1279.8267,-1185.3267
137923.2,-1374.5786,-1185.5786,-1280.0786,-1185.5786
137944.19,-1374.8306,-1185.8303,-1280.3303,-1185.8303
137965.16,-1375.082,-1186.0818,-1280.5818,-1186.0818
137986.14,-1375.3335,-1186.3337,-1280.8337,-1186.3337
138007.11,-1375.585,-1186.5852,-1281.0852,-1186.5852
138028.1,-1375.8369,-1186.8369,-1281.3369,-1186.8369
138049.06,-1376.0889,-1187.0889,-1281.5889,-1187.0889
138070.05,-1376.3403,-1187.3403,-1281.8403,-1187.3403
138091.02,-1376.5923,-1187.5923,-1282.0923,-1187.5923
138112.0,-1376.8442,-1187.8442,-1282.3442,-1187.8442
138132.97,-1377.0957,-1188.0957,-1282.5957,-1188.0957
138153.95,-1377.3477,-1188.3474,-1282.8474,-1188.3474
138174.92,-1377.5991,-1188.5989,-1283.0989,-1188.5989
138195.9,-1377.8506,-1188.8508,-1283.3508,-1188.8508
138216.88,-1378.1025,-1189.1028,-1283.6028,-1189.1028
138237.86,-1378.354,-1189.354,-1283.854,-1189.354
138258.83,-1378.606,-1189.606,-1284.106,-1189.606
138279.81,-1378.8579,-1189.8579,-1284.3579,-1189.8579
138300.78,-1379.1094,-1190.1094,-1284.6094,-1190.1094
138321.77,-1379.3613,-1190.3613,-1284.8613,-1190.3613
138342.73,-1379.6128,-1190.6128,-1285.1128,-1190.6128
138363.72,-1379.8647,-1190.8645,-1285.3645,-1190.8645
138384.69,-1380.1162,-1191.116,-1285.616,-1191.116
138405.67,-1380.3677,-1191.3679,-1285.8679,-1191.3679
138426.66,-1380.6196,-1191.6199,-1286.1199,-1191.6199
138447.62,-1380.8716,-1191.8716,-1286.3716,-1191.8716
138468.61,-1381.123,-1192.123,-1286.623,-1192.123
138489.58,-1381.375,-1192.375,-1286.875,-1192.375
138510.56,-1381.627,-1192.627,-1287.127,-1192.627
138531.53,-1381.8784,-1192.8784,-1287.3784,-1192.8784
138552.52,-1382.1304,-1193.1301,-1287.6301,-1193.1301
138573.48,-1382.3818,-1193.3816,-1287.8816,-1193.3816
138594.47,-1382.6333,-1193.6335,-1288.1335,-1193.6335
138615.44,-1382.8853,-1193.8855,-1288.3855,-1193.8855
138636.42,-1383.1367,-1194.137,-1288.637,-1194.137
138657.39,-1383.3887,-1194.3887,-1288.8887,-1194.3887
138678.38,-1383.6406,-1194.6406,-1289.1406,-1194.6406
138699.34,-1383.8921,-1194.8921,-1289.3921,-1194.8921
138720.33,-1384.144,-1195.144,-1289.644,-1195.144
138741.3,-1384.3955,-1195.3955,-1289.8955,-1195.3955
138762.28,-1384.6475,-1195.6472,-1290.1472,-1195.6472
138783.25,-1384.8994,-1195.8992,-1290.3992,-1195.8992
138804.23,-1385.1504,-1196.1506,-1290.6506,-1196.1506
138825.2,-1385.4023,-1196.4026,-1290.9026,-1196.4026
138846.19,-1385.6543,-1196.6545,-1291.1545,-1196.6545
138867.16,-1385.9058,-1196.9058,-1291.4058,-1196.9058
138888.14,-1386.1577,-1197.1577,-1291.6577,-1197.1577
138909.12,-1386.4097,-1197.4097,-1291.9097,-1197.4097
138930.1,-1386.6611,-1197.6611,-1292.1611,-1197.6611
138951.08,-1386.9131,-1197.9128,-1292.4128,-1197.9128
138972.05,-1387.1646,-1198.1643,-1292.6643,-1198.1643
138993.03,-1387.4165,-1198.4163,-1292.9163,-1198.4163
139014.0,-1387.668,-1198.6682,-1293.1682,-1198.6682
139034.98,-1387.9194,-1198.9197,-1293.4197,-1198.9197
139055.95,-1388.1714,-1199.1716,-1293.6716,-1199.1716
139076.94,-1388.4233,-1199.4233,-1293.9233,-1199.4233
139097.9,-1388.6748,-1199.6748,-1294.1748,-1199.6748
139118.89,-1388.9268,-1199.9268,-1294.4268,-1199.9268
139139.86,-1389.1782,-1200.1782,-1294.6782,-1200.1782
139160.84,-1389.4302,-1200.4299,-1294.9299,-1200.4299
139181.81,-1389.6821,-1200.6819,-1295.1819,-1200.6819
139202.8,-1389.9336,-1200.9333,-1295.4333,-1200.9333
139223.77,-1390.185,-1201.1853,-1295.6853,-1201.1853
139244.75,-1390.437,-1201.4373,-1295.9373,-1201.4373
139265.72,-1390.6885,-1201.6887,-1296.1887,-1201.6887
139286.7,-1390.9404,-1201.9404,-1296.4404,-1201.9404
139307.67,-1391.1919,-1202.1919,-1296.6919,-1202.1919
139328.66,-1391.4438,-1202.4438,-1296.9438,-1202.4438
139349.64,-1391.6958,-1202.6958,-1297.1958,-1202.6958
139370.61,-1391.9473,-1202.947,-1297.447,-1202.947
139391.6,-1392.1992,-1203.199,-1297.699,-1203.199
139412.56,-1392.4512,-1203.4509,-1297.9509,-1203.4509
139433.55,-1392.7021,-1203.7024,-1298.2024,-1203.7024
139454.52,-1392.9541,-1203.9543,-1298.4543,-1203.9543
139475.5,-1393.206,-1204.206,-1298.706,-1204.206
139496.47,-1393.4575,-1204.4575,-1298.9575,-1204.4575
139517.45,-1393.7095,-1204.7095,-1299.2095,-1204.7095
139538.42,-1393.9609,-1204.9609,-1299.4609,-1204.9609
139559.4,-1394.2129,-1205.2129,-1299.7129,-1205.2129
139580.38,-1394.4648,-1205.4646,-1299.9646,-1205.4646
139601.36,-1394.7163,-1205.7161,-1300.2161,-1205.7161
139622.33,-1394.9683,-1205.968,-1300.468,-1205.968
139643.31,-1395.2197,-1206.22,-1300.72,-1206.22
139664.28,-1395.4712,-1206.4714,-1300.9714,-1206.4714
139685.27,-1395.7231,-1206.7231,-1301.2231,-1206.7231
139706.23,-1395.9746,-1206.9746,-1301.4746,-1206.9746
139727.22,-1396.2266,-1207.2266,-1301.7266,-1207.2266
139748.19,-1396.4785,-1207.4785,-1301.9785,-1207.4785
139769.17,-1396.73,-1207.73,-1302.23,-1207.73
139790.14,-1396.9819,-1207.9817,-1302.4817,-1207.9817
139811.12,-1397.2339,-1208.2336,-1302.7336,-1208.2336
139832.11,-1397.4854,-1208.4856,-1302.9856,-1208.4856
139853.08,-1397.7368,-1208.737,-1303.237,-1208.737
139874.06,-1397.9888,-1208.9888,-1303.4888,-1208.9888
139895.03,-1398.2402,-1209.2402,-1303.7402,-1209.2402
139916.02,-1398.4922,-1209.4922,-1303.9922,-1209.4922
139936.98,-1398.7437,-1209.7437,-1304.2437,-1209.7437
139957.97,-1398.9956,-1209.9956,-1304.4956,-1209.9956
139978.94,-1399.2476,-1210.2476,-1304.7476,-1210.2476
139999.92,-1399.499,-1210.4988,-1304.9988,-1210.4988
140020.89,-1399.751,-1210.7507,-1305.2507,-1210.7507
140041.88,-1400.0024,-1211.0027,-1305.5027,-1211.0027
140062.84,-1400.2539,-1211.2542,-1305.7542,-1211.2542
140083.83,-1400.5059,-1211.5059,-1306.0059,-1211.5059
140104.8,-1400.7573,-1211.7573,-1306.2573,-1211.7573
140125.78,-1401.0093,-1212.0093,-1306.5093,-1212.0093
140146.75,-1401.2612,-1212.2612,-1306.7612,-1212.2612
140167.73,-1401.5127,-1212.5127,-1307.0127,-1212.5127
140188.7,-1401.7646,-1212.7646,-1307.2646,-1212.7646
140209.69,-1402.0166,-1213.0164,-1307.5164,-1213.0164
140230.66,-1402.2681,-1213.2678,-1307.7678,-1213.2678
140251.64,-1402.5195,-1213.5198,-1308.0198,-1213.5198
140272.61,-1402.771,-1213.7712,-1308.2712,-1213.7712
140293.6,-1403.023,-1214.023,-1308.523,-1214.023
140314.58,-1403.2749,-1214.2749,-1308.7749,-1214.2749
140335.55,-1403.5264,-1214.5264,-1309.0264,-1214.5264
140356.53,-1403.7783,-1214.7783,-1309.2783,-1214.7783
140377.5,-1404.0303,-1215.0303,-1309.5303,-1215.0303
140398.48,-1404.2822,-1215.282,-1309.782,-1215.282
140419.45,-1404.5337,-1215.5334,-1310.0334,-1215.5334
140440.44,-1404.7852,-1215.7854,-1310.2854,-1215.7854
140461.4,-1405.0366,-1216.0369,-1310.5369,-1216.0369
140482.39,-1405.2886,-1216.2886,-1310.7886,-1216.2886
140503.36,-1405.54,-1216.54,-1311.04,-1216.54
140524.34,-1405.792,-1216.792,-1311.292,-1216.792
140545.31,-1406.044,-1217.044,-1311.544,-1217.044
140566.3,-1406.2954,-1217.2954,-1311.7954,-1217.2954
140587.27,-1406.5474,-1217.5474,-1312.0474,-1217.5474
140608.25,-1406.7993,-1217.7991,-1312.2991,-1217.7991
140629.22,-1407.0508,-1218.0505,-1312.5505,-1218.0505
140650.2,-1407.3022,-1218.3025,-1312.8025,-1218.3025
140671.17,-1407.5537,-1218.554,-1313.054,-1218.554
140692.16,-1407.8057,-1218.8057,-1313.3057,-1218.8057
140713.12,-1408.0576,-1219.0576,-1313.5576,-1219.0576
140734.11,-1408.3091,-1219.3091,-1313.8091,-1219.3091
140755.1,-1408.561,-1219.561,-1314.061,-1219.561
140776.06,-1408.813,-1219.813,-1314.313,-1219.813
140797.05,-1409.065,-1220.0647,-1314.5647,-1220.0647
140818.02,-1409.3164,-1220.3162,-1314.8162,-1220.3162
140839.0,-1409.5679,-1220.5681,-1315.0681,-1220.5681
140859.97,-1409.8193,-1220.8196,-1315.3196,-1220.8196
140880.95,-1410.0713,-1221.0715,-1315.5715,-1221.0715
140901.92,-1410.3228,-1221.3228,-1315.8228,-1221.3228
140922.9,-1410.5747,-1221.5747,-1316.0747,-1221.5747
140943.88,-1410.8267,-1221.8267,-1316.3267,-1221.8267
140964.86,-1411.0786,-1222.0786,-1316.5786,-1222.0786
140985.83,-1411.3301,-1222.3301,-1316.8301,-1222.3301
141006.81,-1411.582,-1222.5818,-1317.0818,-1222.5818
141027.78,-1411.8335,-1222.8333,-1317.3333,-1222.8333
141048.77,-1412.085,-1223.0852,-1317.5852,-1223.0852
141069.73,-1412.3364,-1223.3367,-1317.8367,-1223.3367
141090.72,-1412.5884,-1223.5886,-1318.0886,-1223.5886
141111.69,-1412.8403,-1223.8403,-1318.3403,-1223.8403
141132.67,-1413.0918,-1224.0918,-1318.5918,-1224.0918
141153.64,-1413.3438,-1224.3438,-1318.8438,-1224.3438
141174.62,-1413.5957,-1224.5957,-1319.0957,-1224.5957
141195.6,-1413.8472,-1224.8472,-1319.3472,-1224.8472
141216.58,-1414.0991,-1225.0989,-1319.5989,-1225.0989
141237.56,-1414.3511,-1225.3508,-1319.8508,-1225.3508
141258.53,-1414.602,-1225.6023,-1320.1023,-1225.6023
141279.52,-1414.854,-1225.8542,-1320.3542,-1225.8542
141300.48,-1415.1055,-1226.1057,-1320.6057,-1226.1057
141321.47,-1415.3574,-1226.3574,-1320.8574,-1226.3574
141342.44,-1415.6094,-1226.6094,-1321.1094,-1226.6094
141363.42,-1415.8613,-1226.8613,-1321.3613,-1226.8613
141384.39,-1416.1128,-1227.1128,-1321.6128,-1227.1128
141405.38,-1416.3647,-1227.3645,-1321.8645,-1227.3645
141426.34,-1416.6162,-1227.616,-1322.116,-1227.616
141447.33,-1416.8682,-1227.8679,-1322.3679,-1227.8679
141468.3,-1417.1191,-1228.1194,-1322.6194,-1228.1194
141489.28,-1417.3711,-1228.3713,-1322.8713,-1228.3713
141510.25,-1417.623,-1228.6233,-1323.1233,-1228.6233
141531.23,-1417.875,-1228.875,-1323.375,-1228.875
141552.2,-1418.1265,-1229.1265,-1323.6265,-1229.1265
141573.19,-1418.3784,-1229.3784,-1323.8784,-1229.3784
141594.16,-1418.6299,-1229.6299,-1324.1299,-1229.6299
141615.14,-1418.8818,-1229.8816,-1324.3816,-1229.8816
141636.11,-1419.1333,-1230.133,-1324.633,-1230.133
141657.1,-1419.3853,-1230.385,-1324.885,-1230.385
141678.06,-1419.6367,-1230.637,-1325.137,-1230.637
141699.05,-1419.8882,-1230.8884,-1325.3884,-1230.8884
141720.03,-1420.1401,-1231.1401,-1325.6401,-1231.1401
141741.0,-1420.3921,-1231.3921,-1325.8921,-1231.3921
141761.98,-1420.644,-1231.644,-1326.144,-1231.644
141782.95,-1420.8955,-1231.8955,-1326.3955,-1231.8955
141803.94,-1421.1475,-1232.1475,-1326.6475,-1232.1475
141824.9,-1421.3989,-1232.3987,-1326.8987,-1232.3987
141845.89,-1421.6509,-1232.6506,-1327.1506,-1232.6506
141866.86,-1421.9023,-1232.9021,-1327.4021,-1232.9021
141887.84,-1422.1538,-1233.154,-1327.654,-1233.154
141908.81,-1422.4058,-1233.406,-1327.906,-1233.406
141929.8,-1422.6577,-1233.6577,-1328.1577,-1233.6577
141950.77,-1422.9092,-1233.9092,-1328.4092,-1233.9092
141971.75,-1423.1611,-1234.1611,-1328.6611,-1234.1611
141992.72,-1423.4126,-1234.4126,-1328.9126,-1234.4126
142013.7,-1423.6646,-1234.6646,-1329.1646,-1234.6646
142034.67,-1423.916,-1234.9158,-1329.4158,-1234.9158
142055.66,-1424.168,-1235.1677,-1329.6677,-1235.1677
142076.62,-1424.4199,-1235.4197,-1329.9197,-1235.4197
142097.61,-1424.6709,-1235.6711,-1330.1711,-1235.6711
142118.58,-1424.9229,-1235.9231,-1330.4231,-1235.9231
142139.56,-1425.1748,-1236.1748,-1330.6748,-1236.1748
142160.55,-1425.4268,-1236.4268,-1330.9268,-1236.4268
142181.52,-1425.6782,-1236.6782,-1331.1782,-1236.6782
142202.5,-1425.9302,-1236.9302,-1331.4302,-1236.9302
142223.47,-1426.1816,-1237.1816,-1331.6816,-1237.1816
142244.45,-1426.4336,-1237.4333,-1331.9333,-1237.4333
142265.42,-1426.685,-1237.6848,-1332.1848,-1237.6848
142286.4,-1426.9365,-1237.9368,-1332.4368,-1237.9368
142307.38,-1427.1885,-1238.1887,-1332.6887,-1238.1887
142328.36,-1427.4404,-1238.4404,-1332.9404,-1238.4404
142349.33,-1427.6919,-1238.6919,-1333.1919,-1238.6919
142370.31,-1427.9438,-1238.9438,-1333.4438,-1238.9438
142391.28,-1428.1953,-1239.1953,-1333.6953,-1239.1953
142412.27,-1428.4473,-1239.4473,-1333.9473,-1239.4473
142433.23,-1428.6987,-1239.6987,-1334.1987,-1239.6987
142454.22,-1428.9507,-1239.9504,-1334.4504,-1239.9504
142475.19,-1429.2026,-1240.2024,-1334.7024,-1240.2024
142496.17,-1429.4541,-1240.4543,-1334.9543,-1240.4543
142517.14,-1429.7056,-1240.7058,-1335.2058,-1240.7058
142538.12,-1429.9575,-1240.9575,-1335.4575,-1240.9575
142559.1,-1430.209,-1241.209,-1335.709,-1241.209
142580.08,-1430.4609,-1241.4609,-1335.9609,-1241.4609
142601.05,-1430.7124,-1241.7124,-1336.2124,-1241.7124
142622.03,-1430.9644,-1241.9644,-1336.4644,-1241.9644
142643.02,-1431.2163,-1242.2161,-1336.7161,-1242.2161
142663.98,-1431.4678,-1242.4675,-1336.9675,-1242.4675
142684.97,-1431.7192,-1242.7195,-1337.2195,-1242.7195
142705.94,-1431.9712,-1242.9714,-1337.4714,-1242.9714
142726.92,-1432.2231,-1243.2231,-1337.7231,-1243.2231
142747.89,-1432.4746,-1243.4746,-1337.9746,-1243.4746
142768.88,-1432.7266,-1243.7266,-1338.2266,-1243.7266
142789.84,-1432.978,-1243.978,-1338.478,-1243.978
142810.83,-1433.23,-1244.23,-1338.73,-1244.23
142831.8,-1433.4814,-1244.4814,-1338.9814,-1244.4814
142852.78,-1433.7334,-1244.7332,-1339.2332,-1244.7332
142873.75,-1433.9854,-1244.9851,-1339.4851,-1244.9851
142894.73,-1434.2368,-1245.237,-1339.737,-1245.237
142915.7,-1434.4883,-1245.4885,-1339.9885,-1245.4885
142936.69,-1434.7402,-1245.7402,-1340.2402,-1245.7402
142957.66,-1434.9917,-1245.9917,-1340.4917,-1245.9917
142978.64,-1435.2437,-1246.2437,-1340.7437,-1246.2437
142999.61,-1435.4951,-1246.4951,-1340.9951,-1246.4951
143020.6,-1435.7471,-1246.7471,-1341.2471,-1246.7471
143041.56,-1435.999,-1246.999,-1341.499,-1246.999
143062.55,-1436.251,-1247.2507,-1341.751,-1247.2507
143083.52,-1436.5024,-1247.5022,-1342.0024,-1247.5022
143104.5,-1436.7539,-1247.7542,-1342.2539,-1247.7542
143125.48,-1437.0059,-1248.0061,-1342.5059,-1248.0061
143146.45,-1437.2573,-1248.2573,-1342.7573,-1248.2573
143167.44,-1437.5093,-1248.5093,-1343.0093,-1248.5093
143188.4,-1437.7607,-1248.7607,-1343.2607,-1248.7607
143209.39,-1438.0127,-1249.0127,-1343.5127,-1249.0127
143230.36,-1438.2642,-1249.2642,-1343.7642,-1249.2642
143251.34,-1438.5161,-1249.5159,-1344.0161,-1249.5159
143272.31,-1438.7681,-1249.7678,-1344.2681,-1249.7678
143293.3,-1439.0195,-1250.0198,-1344.5195,-1250.0198
143314.27,-1439.271,-1250.2712,-1344.771,-1250.2712
143335.25,-1439.523,-1250.5232,-1345.023,-1250.5232
143356.22,-1439.7744,-1250.7744,-1345.2744,-1250.7744
143377.2,-1440.0264,-1251.0264,-1345.5264,-1251.0264
143398.17,-1440.2778,-1251.2778,-1345.7778,-1251.2778
143419.16,-1440.5298,-1251.5298,-1346.0298,-1251.5298
143440.12,-1440.7817,-1251.7817,-1346.2817,-1251.7817
143461.11,-1441.0337,-1252.0334,-1346.5337,-1252.0334
143482.08,-1441.2852,-1252.2849,-1346.7852,-1252.2849
143503.06,-1441.5366,-1252.5369,-1347.0366,-1252.5369
143524.03,-1441.7881,-1252.7883,-1347.2881,-1252.7883
143545.02,-1442.04,-1253.0403,-1347.54,-1253.0403
143566.0,-1442.292,-1253.292,-1347.792,-1253.292
143586.97,-1442.5435,-1253.5435,-1348.0435,-1253.5435
143607.95,-1442.7954,-1253.7954,-1348.2954,-1253.7954
143628.92,-1443.0474,-1254.0474,-1348.5474,-1254.0474
143649.9,-1443.2988,-1254.2986,-1348.7988,-1254.2986
143670.88,-1443.5508,-1254.5505,-1349.0508,-1254.5505
143691.86,-1443.8027,-1254.8025,-1349.3027,-1254.8025
143712.83,-1444.0537,-1255.054,-1349.5537,-1255.054
143733.81,-1444.3057,-1255.3059,-1349.8057,-1255.3059
143754.78,-1444.5571,-1255.5574,-1350.0571,-1255.5574
143775.77,-1444.8091,-1255.8091,-1350.3091,-1255.8091
143796.73,-1445.0605,-1256.0605,-1350.5605,-1256.0605
143817.72,-1445.3125,-1256.3125,-1350.8125,-1256.3125
143838.69,-1445.5645,-1256.5645,-1351.0645,-1256.5645
143859.67,-1445.8164,-1256.8162,-1351.3164,-1256.8162
143880.64,-1446.0679,-1257.0676,-1351.5679,-1257.0676
143901.62,-1446.3198,-1257.3196,-1351.8198,-1257.3196
143922.6,-1446.5708,-1257.571,-1352.0708,-1257.571
143943.58,-1446.8228,-1257.823,-1352.3228,-1257.823
143964.55,-1447.0742,-1258.0745,-1352.5742,-1258.0745
143985.53,-1447.3262,-1258.3262,-1352.8262,-1258.3262
144006.5,-1447.5781,-1258.5781,-1353.0781,-1258.5781
144027.48,-1447.8301,-1258.8301,-1353.3301,-1258.8301
144048.47,-1448.0815,-1259.0815,-1353.5815,-1259.0815
144069.44,-1448.3335,-1259.3333,-1353.8335,-1259.3333
144090.42,-1448.5854,-1259.5852,-1354.0854,-1259.5852
144111.39,-1448.8369,-1259.8367,-1354.3369,-1259.8367
144132.38,-1449.0884,-1260.0886,-1354.5884,-1260.0886
144153.34,-1449.3398,-1260.3401,-1354.8398,-1260.3401
144174.33,-1449.5918,-1260.5918,-1355.0918,-1260.5918
144195.3,-1449.8438,-1260.8438,-1355.3438,-1260.8438
144216.28,-1450.0952,-1261.0952,-1355.5952,-1261.0952
144237.25,-1450.3472,-1261.3472,-1355.8472,-1261.3472
144258.23,-1450.5991,-1261.5991,-1356.0991,-1261.5991
144279.2,-1450.8506,-1261.8503,-1356.3506,-1261.8503
144300.19,-1451.1025,-1262.1023,-1356.6025,-1262.1023
144321.16,-1451.354,-1262.3538,-1356.854,-1262.3538
144342.14,-1451.6055,-1262.6057,-1357.1055,-1262.6057
144363.11,-1451.8569,-1262.8572,-1357.3569,-1262.8572
144384.1,-1452.1089,-1263.1089,-1357.6089,-1263.1089
144405.06,-1452.3608,-1263.3608,-1357.8608,-1263.3608
144426.05,-1452.6128,-1263.6128,-1358.1128,-1263.6128
144447.02,-1452.8643,-1263.8643,-1358.3643,-1263.8643
144468.0,-1453.1162,-1264.1162,-1358.6162,-1264.1162
144488.98,-1453.3682,-1264.3679,-1358.8682,-1264.3679
144509.95,-1453.6196,-1264.6194,-1359.1196,-1264.6194
144530.94,-1453.8711,-1264.8713,-1359.3711,-1264.8713
144551.9,-1454.1226,-1265.1228,-1359.6226,-1265.1228
144572.89,-1454.3745,-1265.3745,-1359.8745,-1265.3745
144593.86,-1454.6265,-1265.6265,-1360.1265,-1265.6265
144614.84,-1454.8779,-1265.8779,-1360.3779,-1265.8779
144635.81,-1455.1299,-1266.1299,-1360.6299,-1266.1299
144656.8,-1455.3818,-1266.3818,-1360.8818,-1266.3818
144677.77,-1455.6333,-1266.6333,-1361.1333,-1266.6333
144698.75,-1455.8853,-1266.885,-1361.3853,-1266.885
144719.72,-1456.1367,-1267.1365,-1361.6367,-1267.1365
144740.7,-1456.3882,-1267.3884,-1361.8882,-1267.3884
144761.67,-1456.6396,-1267.6399,-1362.1396,-1267.6399
144782.66,-1456.8916,-1267.8916,-1362.3916,-1267.8916
144803.62,-1457.1436,-1268.1436,-1362.6436,-1268.1436
144824.61,-1457.3955,-1268.3955,-1362.8955,-1268.3955
144845.58,-1457.647,-1268.647,-1363.147,-1268.647
144866.56,-1457.8989,-1268.8989,-1363.3989,-1268.8989
144887.53,-1458.1504,-1269.1504,-1363.6504,-1269.1504
144908.52,-1458.4023,-1269.4021,-1363.9023,-1269.4021
144929.48,-1458.6538,-1269.6536,-1364.1538,-1269.6536
144950.47,-1458.9053,-1269.9055,-1364.4053,-1269.9055
144971.45,-1459.1572,-1270.1572,-1364.6572,-1270.1572
144992.42,-1459.4092,-1270.4092,-1364.9092,-1270.4092
145013.4,-1459.6606,-1270.6606,-1365.1606,-1270.6606
145034.38,-1459.9126,-1270.9126,-1365.4126,-1270.9126
145055.36,-1460.1646,-1271.1646,-1365.6646,-1271.1646
145076.33,-1460.416,-1271.416,-1365.916,-1271.416
145097.31,-1460.668,-1271.6677,-1366.168,-1271.6677
145118.28,-1460.9194,-1271.9192,-1366.4194,-1271.9192
145139.27,-1461.1709,-1272.1711,-1366.6709,-1272.1711
145160.23,-1461.4229,-1272.4231,-1366.9229,-1272.4231
145181.22,-1461.6743,-1272.6743,-1367.1743,-1272.6743
145202.19,-1461.9263,-1272.9263,-1367.4263,-1272.9263
145223.17,-1462.1782,-1273.1782,-1367.6782,-1273.1782
145244.14,-1462.4297,-1273.4297,-1367.9297,-1273.4297
145265.12,-1462.6816,-1273.6816,-1368.1816,-1273.6816
145286.1,-1462.9331,-1273.9331,-1368.4331,-1273.9331
145307.08,-1463.185,-1274.1848,-1368.685,-1274.1848
145328.05,-1463.4365,-1274.4363,-1368.9365,-1274.4363
145349.03,-1463.688,-1274.6882,-1369.188,-1274.6882
145370.0,-1463.94,-1274.9402,-1369.44,-1274.9402
145390.98,-1464.1919,-1275.1919,-1369.6919,-1275.1919
145411.95,-1464.4434,-1275.4434,-1369.9434,-1275.4434
145432.94,-1464.6953,-1275.6953,-1370.1953,-1275.6953
145453.92,-1464.9473,-1275.9473,-1370.4473,-1275.9473
145474.89,-1465.1987,-1276.1987,-1370.6987,-1276.1987
145495.88,-1465.4507,-1276.4504,-1370.9507,-1276.4504
145516.84,-1465.7021,-1276.7019,-1371.2021,-1276.7019
145537.83,-1465.9536,-1276.9539,-1371.4536,-1276.9539
145558.8,-1466.2056,-1277.2058,-1371.7056,-1277.2058
145579.78,-1466.457,-1277.4573,-1371.957,-1277.4573
145600.75,-1466.709,-1277.709,-1372.209,-1277.709
145621.73,-1466.9609,-1277.9609,-1372.4609,-1277.9609
145642.7,-1467.2124,-1278.2124,-1372.7124,-1278.2124
145663.69,-1467.4644,-1278.4644,-1372.9644,-1278.4644
145684.66,-1467.7158,-1278.7158,-1373.2158,-1278.7158
145705.64,-1467.9678,-1278.9675,-1373.4678,-1278.9675
145726.61,-1468.2197,-1279.2195,-1373.7197,-1279.2195
145747.6,-1468.4707,-1279.471,-1373.9707,-1279.471
145768.56,-1468.7227,-1279.7229,-1374.2227,-1279.7229
145789.55,-1468.9746,-1279.9749,-1374.4746,-1279.9749
145810.52,-1469.2261,-1280.2261,-1374.7261,-1280.2261
145831.5,-1469.478,-1280.478,-1374.978,-1280.478
145852.47,-1469.7295,-1280.7295,-1375.2295,-1280.7295
145873.45,-1469.9814,-1280.9814,-1375.4814,-1280.9814
145894.44,-1470.2334,-1281.2332,-1375.7334,-1281.2332
145915.4,-1470.4849,-1281.4846,-1375.9849,-1281.4846
145936.39,-1470.7368,-1281.7366,-1376.2368,-1281.7366
145957.36,-1470.9883,-1281.9885,-1376.4883,-1281.9885
145978.34,-1471.2397,-1282.24,-1376.7397,-1282.24
145999.31,-1471.4917,-1282.492,-1376.9917,-1282.492
146020.3,-1471.7437,-1282.7437,-1377.2437,-1282.7437
146041.27,-1471.9951,-1282.9951,-1377.4951,-1282.9951
146062.25,-1472.2471,-1283.2471,-1377.7471,-1283.2471
146083.22,-1472.4985,-1283.4985,-1377.9985,-1283.4985
146104.2,-1472.7505,-1283.7502,-1378.2505,-1283.7502
146125.17,-1473.0024,-1284.0022,-1378.5024,-1284.0022
146146.16,-1473.2539,-1284.2537,-1378.7539,-1284.2537
146167.12,-1473.5054,-1284.5056,-1379.0054,-1284.5056
146188.11,-1473.7573,-1284.7576,-1379.2573,-1284.7576
146209.08,-1474.0088,-1285.009,-1379.5088,-1285.009
146230.06,-1474.2607,-1285.2607,-1379.7607,-1285.2607
146251.03,-1474.5122,-1285.5122,-1380.0122,-1285.5122
146272.02,-1474.7642,-1285.7642,-1380.2642,-1285.7642
146292.98,-1475.0161,-1286.0161,-1380.5161,-1286.0161
146313.97,-1475.2676,-1286.2673,-1380.7676,-1286.2673
146334.94,-1475.5195,-1286.5193,-1381.0195,-1286.5193
146355.92,-1475.7715,-1286.7712,-1381.2715,-1286.7712
146376.9,-1476.0225,-1287.0227,-1381.5225,-1287.0227
146397.88,-1476.2744,-1287.2747,-1381.7744,-1287.2747
146418.86,-1476.5264,-1287.5264,-1382.0264,-1287.5264
146439.83,-1476.7778,-1287.7778,-1382.2778,-1287.7778
146460.81,-1477.0298,-1288.0298,-1382.5298,-1288.0298
146481.78,-1477.2812,-1288.2812,-1382.7812,-1288.2812
146502.77,-1477.5332,-1288.5332,-1383.0332,-1288.5332
146523.73,-1477.7852,-1288.7849,-1383.2852,-1288.7849
146544.72,-1478.0366,-1289.0364,-1383.5366,-1289.0364
146565.69,-1478.2886,-1289.2883,-1383.7886,-1289.2883
146586.67,-1478.54,-1289.5403,-1384.04,-1289.5403
146607.64,-1478.7915,-1289.7917,-1384.2915,-1289.7917
146628.62,-1479.0435,-1290.0435,-1384.5435,-1290.0435
146649.6,-1479.2949,-1290.2949,-1384.7949,-1290.2949
146670.58,-1479.5469,-1290.5469,-1385.0469,-1290.5469
146691.55,-1479.7988,-1290.7988,-1385.2988,-1290.7988
146712.53,-1480.0503,-1291.0503,-1385.5503,-1291.0503
146733.5,-1480.3022,-1291.302,-1385.8022,-1291.302
146754.48,-1480.5542,-1291.554,-1386.0542,-1291.554
146775.45,-1480.8057,-1291.8054,-1386.3057,-1291.8054
146796.44,-1481.0571,-1292.0574,-1386.5571,-1292.0574
146817.4,-1481.3086,-1292.3088,-1386.8086,-1292.3088
146838.39,-1481.5605,-1292.5605,-1387.0605,-1292.5605
146859.38,-1481.8125,-1292.8125,-1387.3125,-1292.8125
146880.34,-1482.064,-1293.064,-1387.564,-1293.064
146901.33,-1482.3159,-1293.3159,-1387.8159,-1293.3159
146922.3,-1482.5679,-1293.5679,-1388.0679,-1293.5679
146943.28,-1482.8193,-1293.8191,-1388.3193,-1293.8191
146964.25,-1483.0713,-1294.071,-1388.5713,-1294.071
146985.23,-1483.3228,-1294.323,-1388.8228,-1294.323
147006.2,-1483.5742,-1294.5745,-1389.0742,-1294.5745
147027.19,-1483.8262,-1294.8262,-1389.3262,-1294.8262
147048.16,-1484.0776,-1295.0776,-1389.5776,-1295.0776
147069.14,-1484.3296,-1295.3296,-1389.8296,-1295.3296
147090.11,-1484.5815,-1295.5815,-1390.0815,-1295.5815
147111.1,-1484.833,-1295.833,-1390.333,-1295.833
147132.06,-1485.085,-1296.085,-1390.585,-1296.085
147153.05,-1485.3369,-1296.3367,-1390.8369,-1296.3367
147174.02,-1485.5884,-1296.5881,-1391.0884,-1296.5881
147195.0,-1485.8398,-1296.8401,-1391.3398,-1296.8401
147215.97,-1486.0913,-1297.0916,-1391.5913,-1297.0916
147236.95,-1486.3433,-1297.3433,-1391.8433,-1297.3433
147257.92,-1486.5952,-1297.5952,-1392.0952,-1297.5952
147278.9,-1486.8467,-1297.8467,-1392.3467,-1297.8467
147299.89,-1487.0986,-1298.0986,-1392.5986,-1298.0986
147320.86,-1487.3506,-1298.3506,-1392.8506,-1298.3506
147341.84,-1487.6025,-1298.6023,-1393.1025,-1298.6023
147362.81,-1487.854,-1298.8538,-1393.354,-1298.8538
147383.8,-1488.1055,-1299.1057,-1393.6055,-1299.1057
147404.77,-1488.3569,-1299.3572,-1393.8569,-1299.3572
147425.75,-1488.6089,-1299.6089,-1394.1089,-1299.6089
147446.72,-1488.8604,-1299.8604,-1394.3604,-1299.8604
147467.7,-1489.1123,-1300.1123,-1394.6123,-1300.1123
147488.67,-1489.3643,-1300.3643,-1394.8643,-1300.3643
147509.66,-1489.6157,-1300.6157,-1395.1157,-1300.6157
147530.62,-1489.8677,-1300.8677,-1395.3677,-1300.8677
147551.61,-1490.1196,-1301.1194,-1395.6196,-1301.1194
147572.58,-1490.3711,-1301.3708,-1395.8711,-1301.3708
147593.56,-1490.6226,-1301.6228,-1396.1226,-1301.6228
147614.53,-1490.874,-1301.8743,-1396.374,-1301.8743
147635.52,-1491.126,-1302.126,-1396.626,-1302.126
147656.48,-1491.3779,-1302.3779,-1396.8779,-1302.3779
147677.47,-1491.6294,-1302.6294,-1397.1294,-1302.6294
147698.44,-1491.8813,-1302.8813,-1397.3813,-1302.8813
147719.42,-1492.1333,-1303.1333,-1397.6333,-1303.1333
147740.39,-1492.3848,-1303.3848,-1397.8848,-1303.3848
147761.38,-1492.6367,-1303.6365,-1398.1367,-1303.6365
147782.36,-1492.8882,-1303.8884,-1398.3882,-1303.8884
147803.33,-1493.1396,-1304.1399,-1398.6396,-1304.1399
147824.31,-1493.3916,-1304.3918,-1398.8916,-1304.3918
147845.28,-1493.6431,-1304.6431,-1399.1431,-1304.6431
147866.27,-1493.895,-1304.895,-1399.395,-1304.895
147887.23,-1494.147,-1305.147,-1399.647,-1305.147
147908.22,-1494.3989,-1305.3989,-1399.8989,-1305.3989
147929.19,-1494.6504,-1305.6504,-1400.1504,-1305.6504
147950.17,-1494.9023,-1305.9021,-1400.4023,-1305.9021
147971.14,-1495.1538,-1306.1536,-1400.6538,-1306.1536
147992.12,-1495.4053,-1306.4055,-1400.9053,-1306.4055
148013.1,-1495.6567,-1306.657,-1401.1567,-1306.657
148034.08,-1495.9087,-1306.9089,-1401.4087,-1306.9089
148055.05,-1496.1606,-1307.1606,-1401.6606,-1307.1606
148076.03,-1496.4121,-1307.4121,-1401.9121,-1307.4121
148097.0,-1496.6641,-1307.6641,-1402.1641,-1307.6641
148117.98,-1496.916,-1307.916,-1402.416,-1307.916
148138.95,-1497.1675,-1308.1675,-1402.6675,-1308.1675
148159.94,-1497.4194,-1308.4192,-1402.9194,-1308.4192
148180.9,-1497.6709,-1308.6707,-1403.1709,-1308.6707
148201.89,-1497.9224,-1308.9226,-1403.4224,-1308.9226
148222.86,-1498.1743,-1309.1746,-1403.6743,-1309.1746
148243.84,-1498.4258,-1309.426,-1403.9258,-1309.426
148264.83,-1498.6777,-1309.6777,-1404.1777,-1309.6777
148285.8,-1498.9297,-1309.9297,-1404.4297,-1309.9297
148306.78,-1499.1816,-1310.1816,-1404.6816,-1310.1816
148327.75,-1499.4331,-1310.4331,-1404.9331,-1310.4331
148348.73,-1499.685,-1310.6848,-1405.185,-1310.6848
148369.7,-1499.9365,-1310.9363,-1405.4365,-1310.9363
148390.69,-1500.1885,-1311.1882,-1405.6885,-1311.1882
148411.66,-1500.4395,-1311.4397,-1405.9395,-1311.4397
148432.64,-1500.6914,-1311.6917,-1406.1914,-1311.6917
148453.61,-1500.9434,-1311.9436,-1406.4434,-1311.9436
148474.6,-1501.1953,-1312.1953,-1406.6953,-1312.1953
148495.56,-1501.4468,-1312.4468,-1406.9468,-1312.4468
148516.55,-1501.6987,-1312.6987,-1407.1987,-1312.6987
148537.52,-1501.9502,-1312.9502,-1407.4502,-1312.9502
148558.5,-1502.2021,-1313.2019,-1407.7021,-1313.2019
148579.47,-1502.4536,-1313.4534,-1407.9536,-1313.4534
148600.45,-1502.7056,-1313.7053,-1408.2056,-1313.7053
148621.42,-1502.957,-1313.9573,-1408.457,-1313.9573
148642.4,-1503.2085,-1314.2087,-1408.7085,-1314.2087
148663.38,-1503.4604,-1314.4607,-1408.9604,-1314.4607
148684.36,-1503.7124,-1314.7124,-1409.2124,-1314.7124
148705.34,-1503.9644,-1314.9644,-1409.4644,-1314.9644
148726.31,-1504.2158,-1315.2158,-1409.7158,-1315.2158
148747.3,-1504.4678,-1315.4678,-1409.9678,-1315.4678
148768.27,-1504.7192,-1315.719,-1410.2192,-1315.719
148789.25,-1504.9712,-1315.971,-1410.4712,-1315.971
148810.22,-1505.2227,-1316.2224,-1410.7227,-1316.2224
148831.2,-1505.4741,-1316.4744,-1410.9741,-1316.4744
148852.17,-1505.7261,-1316.7263,-1411.2261,-1316.7263
148873.16,-1505.978,-1316.978,-1411.478,-1316.978
148894.12,-1506.2295,-1317.2295,-1411.7295,-1317.2295
148915.11,-1506.4814,-1317.4814,-1411.9814,-1317.4814
148936.08,-1506.7329,-1317.7329,-1412.2329,-1317.7329
148957.06,-1506.9849,-1317.9849,-1412.4849,-1317.9849
148978.03,-1507.2363,-1318.2361,-1412.7363,-1318.2361
148999.02,-1507.4883,-1318.488,-1412.9883,-1318.488
149019.98,-1507.7402,-1318.74,-1413.2402,-1318.74
149040.97,-1507.9912,-1318.9915,-1413.4912,-1318.9915
149061.94,-1508.2432,-1319.2434,-1413.7432,-1319.2434
149082.92,-1508.4951,-1319.4951,-1413.9951,-1319.4951
149103.89,-1508.7466,-1319.7466,-1414.2466,-1319.7466
149124.88,-1508.9985,-1319.9985,-1414.4985,-1319.9985
149145.84,-1509.25,-1320.25,-1414.75,-1320.25
149166.83,-1509.502,-1320.502,-1415.002,-1320.502
149187.81,-1509.7539,-1320.7537,-1415.2539,-1320.7537
149208.78,-1510.0054,-1321.0051,-1415.5054,-1321.0051
149229.77,-1510.2568,-1321.2571,-1415.7568,-1321.2571
149250.73,-1510.5088,-1321.509,-1416.0088,-1321.509
149271.72,-1510.7607,-1321.7607,-1416.2607,-1321.7607
149292.69,-1511.0122,-1322.0122,-1416.5122,-1322.0122
149313.67,-1511.2642,-1322.2642,-1416.7642,-1322.2642
149334.64,-1511.5156,-1322.5156,-1417.0156,-1322.5156
149355.62,-1511.7676,-1322.7676,-1417.2676,-1322.7676
149376.6,-1512.019,-1323.019,-1417.519,-1323.019
149397.58,-1512.271,-1323.2708,-1417.771,-1323.2708
149418.55,-1512.523,-1323.5227,-1418.023,-1323.5227
149439.53,-1512.7744,-1323.7747,-1418.2744,-1323.7747
149460.5,-1513.0259,-1324.0261,-1418.5259,-1324.0261
149481.48,-1513.2778,-1324.2778,-1418.7778,-1324.2778
149502.45,-1513.5293,-1324.5293,-1419.0293,-1324.5293
149523.44,-1513.7812,-1324.7812,-1419.2812,-1324.7812
149544.4,-1514.0327,-1325.0327,-1419.5327,-1325.0327
149565.39,-1514.2847,-1325.2847,-1419.7847,-1325.2847
149586.36,-1514.5366,-1325.5366,-1420.0366,-1325.5366
149607.34,-1514.7881,-1325.7878,-1420.2881,-1325.7878
149628.31,-1515.04,-1326.0398,-1420.54,-1326.0398
149649.3,-1515.2915,-1326.2917,-1420.7915,-1326.2917
149670.28,-1515.5435,-1326.5435,-1421.0435,-1326.5435
149691.25,-1515.7949,-1326.7949,-1421.2949,-1326.7949
149712.23,-1516.0469,-1327.0469,-1421.5469,-1327.0469
149733.2,-1516.2983,-1327.2983,-1421.7983,-1327.2983
149754.19,-1516.5503,-1327.5503,-1422.0503,-1327.5503
149775.16,-1516.8018,-1327.8018,-1422.3018,-1327.8018
149796.14,-1517.0537,-1328.0535,-1422.5537,-1328.0535
149817.11,-1517.3057,-1328.3054,-1422.8057,-1328.3054
149838.1,-1517.5571,-1328.5574,-1423.0571,-1328.5574
149859.06,-1517.8086,-1328.8088,-1423.3086,-1328.8088
149880.05,-1518.0605,-1329.0605,-1423.5605,-1329.0605
149901.02,-1518.312,-1329.312,-1423.812,-1329.312
149922.0,-1518.564,-1329.564,-1424.064,-1329.564
149942.97,-1518.8154,-1329.8154,-1424.3154,-1329.8154
149963.95,-1519.0674,-1330.0674,-1424.5674,-1330.0674
149984.92,-1519.3193,-1330.3193,-1424.8193,-1330.3193
150005.9,-1519.5713,-1330.571,-1425.0713,-1330.571
150026.88,-1519.8228,-1330.8225,-1425.3228,-1330.8225
150047.86,-1520.0742,-1331.0745,-1425.5742,-1331.0745
150068.83,-1520.3257,-1331.3259,-1425.8257,-1331.3259
150089.81,-1520.5776,-1331.5776,-1426.0776,-1331.5776
150110.8,-1520.8296,-1331.8296,-1426.3296,-1331.8296
150131.77,-1521.081,-1332.081,-1426.581,-1332.081
150152.75,-1521.333,-1332.333,-1426.833,-1332.333
150173.72,-1521.5845,-1332.5845,-1427.0845,-1332.5845
150194.7,-1521.8364,-1332.8362,-1427.3364,-1332.8362
150215.67,-1522.0884,-1333.0881,-1427.5884,-1333.0881
150236.66,-1522.3398,-1333.3401,-1427.8398,-1333.3401
150257.62,-1522.5913,-1333.5916,-1428.0913,-1333.5916
150278.61,-1522.8433,-1333.8435,-1428.3433,-1333.8435
150299.58,-1523.0947,-1334.0947,-1428.5947,-1334.0947
150320.56,-1523.3467,-1334.3467,-1428.8467,-1334.3467
150341.53,-1523.5981,-1334.5981,-1429.0981,-1334.5981
150362.52,-1523.8501,-1334.8501,-1429.3501,-1334.8501
150383.48,-1524.102,-1335.102,-1429.602,-1335.102
150404.47,-1524.354,-1335.3538,-1429.854,-1335.3538
150425.44,-1524.6055,-1335.6052,-1430.1055,-1335.6052
150446.42,-1524.8569,-1335.8572,-1430.3569,-1335.8572
150467.39,-1525.1084,-1336.1086,-1430.6084,-1336.1086
150488.38,-1525.3604,-1336.3606,-1430.8604,-1336.3606
150509.34,-1525.6118,-1336.6118,-1431.1118,-1336.6118
150530.33,-1525.8638,-1336.8638,-1431.3638,-1336.8638
150551.3,-1526.1157,-1337.1157,-1431.6157,-1337.1157
150572.28,-1526.3677,-1337.3677,-1431.8677,-1337.3677
150593.27,-1526.6191,-1337.6189,-1432.1191,-1337.6189
150614.23,-1526.8711,-1337.8708,-1432.3711,-1337.8708
150635.22,-1527.123,-1338.1228,-1432.623,-1338.1228
150656.19,-1527.374,-1338.3743,-1432.874,-1338.3743
150677.17,-1527.626,-1338.6262,-1433.126,-1338.6262
150698.14,-1527.8774,-1338.8777,-1433.3774,-1338.8777
150719.12,-1528.1294,-1339.1294,-1433.6294,-1339.1294
150740.1,-1528.3809,-1339.3809,-1433.8809,-1339.3809
150761.08,-1528.6328,-1339.6328,-1434.1328,-1339.6328
150782.05,-1528.8848,-1339.8848,-1434.3848,-1339.8848
150803.03,-1529.1367,-1340.1365,-1434.6367,-1340.1365
150824.0,-1529.3882,-1340.388,-1434.8882,-1340.388
150844.98,-1529.6401,-1340.6399,-1435.1401,-1340.6399
150865.95,-1529.8911,-1340.8914,-1435.3911,-1340.8914
150886.94,-1530.1431,-1341.1433,-1435.6431,-1341.1433
150907.9,-1530.3945,-1341.3948,-1435.8945,-1341.3948
150928.89,-1530.6465,-1341.6465,-1436.1465,-1341.6465
150949.86,-1530.8984,-1341.8984,-1436.3984,-1341.8984
150970.84,-1531.1504,-1342.1504,-1436.6504,-1342.1504
150991.81,-1531.4019,-1342.4019,-1436.9019,-1342.4019
151012.8,-1531.6538,-1342.6538,-1437.1538,-1342.6538
151033.77,-1531.9053,-1342.9053,-1437.4053,-1342.9053
151054.75,-1532.1572,-1343.1572,-1437.6572,-1343.1572
151075.73,-1532.4087,-1343.4087,-1437.9087,-1343.4087
151096.7,-1532.6602,-1343.6602,-1438.1602,-1343.6602
151117.69,-1532.9121,-1343.9121,-1438.4121,-1343.9121
151138.66,-1533.1641,-1344.1641,-1438.6641,-1344.1641
151159.64,-1533.4155,-1344.4155,-1438.9155,-1344.4155
151180.61,-1533.6675,-1344.6675,-1439.1675,-1344.6675
151201.6,-1533.9194,-1344.9194,-1439.4194,-1344.9194
151222.56,-1534.1709,-1345.1709,-1439.6709,-1345.1709
151243.55,-1534.4229,-1345.4229,-1439.9229,-1345.4229
151264.52,-1534.6743,-1345.6743,-1440.1743,-1345.6743
151285.5,-1534.9258,-1345.9258,-1440.4258,-1345.9258
151306.47,-1535.1772,-1346.1772,-1440.6772,-1346.1772
151327.45,-1535.4292,-1346.4292,-1440.9292,-1346.4292
151348.42,-1535.6812,-1346.6812,-1441.1812,-1346.6812
151369.4,-1535.9331,-1346.9331,-1441.4331,-1346.9331
151390.38,-1536.1846,-1347.1846,-1441.6846,-1347.1846
151411.36,-1536.4365,-1347.4365,-1441.9365,-1347.4365
151432.33,-1536.688,-1347.688,-1442.188,-1347.688
151453.31,-1536.94,-1347.94,-1442.44,-1347.94
151474.28,-1537.1914,-1348.1914,-1442.6914,-1348.1914
151495.27,-1537.4429,-1348.4429,-1442.9429,-1348.4429
151516.25,-1537.6948,-1348.6948,-1443.1948,-1348.6948
151537.22,-1537.9468,-1348.9468,-1443.4468,-1348.9468
151558.2,-1538.1982,-1349.1982,-1443.6982,-1349.1982
151579.17,-1538.4502,-1349.4502,-1443.9502,-1349.4502
151600.16,-1538.7021,-1349.7021,-1444.2021,-1349.7021
151621.12,-1538.9536,-1349.9536,-1444.4536,-1349.9536
151642.11,-1539.2056,-1350.2056,-1444.7056,-1350.2056
151663.08,-1539.457,-1350.457,-1444.957,-1350.457
151684.06,-1539.7085,-1350.7085,-1445.2085,-1350.7085
151705.03,-1539.96,-1350.96,-1445.46,-1350.96
151726.02,-1540.2119,-1351.2119,-1445.7119,-1351.2119
151746.98,-1540.4639,-1351.4639,-1445.9639,-1351.4639
151767.97,-1540.7158,-1351.7158,-1446.2158,-1351.7158
151788.94,-1540.9673,-1351.9673,-1446.4673,-1351.9673
151809.92,-1541.2192,-1352.2192,-1446.7192,-1352.2192
151830.89,-1541.4707,-1352.4707,-1446.9707,-1352.4707
151851.88,-1541.7227,-1352.7227,-1447.2227,-1352.7227
151872.84,-1541.9741,-1352.9741,-1447.4741,-1352.9741
151893.83,-1542.2256,-1353.2256,-1447.7256,-1353.2256
151914.8,-1542.4775,-1353.4775,-1447.9775,-1353.4775
151935.78,-1542.7295,-1353.7295,-1448.2295,-1353.7295
151956.75,-1542.981,-1353.981,-1448.481,-1353.981
151977.73,-1543.2329,-1354.2329,-1448.7329,-1354.2329
151998.72,-1543.4849,-1354.4849,-1448.9849,-1354.4849
152019.69,-1543.7363,-1354.7363,-1449.2363,-1354.7363
152040.67,-1543.9883,-1354.9883,-1449.4883,-1354.9883
152061.64,-1544.2397,-1355.2397,-1449.7397,-1355.2397
152082.62,-1544.4912,-1355.4912,-1449.9912,-1355.4912
152103.6,-1544.7432,-1355.7432,-1450.2432,-1355.7432
152124.58,-1544.9946,-1355.9946,-1450.4946,-1355.9946
152145.55,-1545.2466,-1356.2466,-1450.7466,-1356.2466
152166.53,-1545.4985,-1356.4985,-1450.9985,-1356.4985
152187.5,-1545.75,-1356.75,-1451.25,-1356.75
152208.48,-1546.002,-1357.002,-1451.502,-1357.002
152229.45,-1546.2534,-1357.2534,-1451.7534,-1357.2534
152250.44,-1546.5054,-1357.5054,-1452.0054,-1357.5054
152271.4,-1546.7568,-1357.7568,-1452.2568,-1357.7568
152292.39,-1547.0083,-1358.0083,-1452.5083,-1358.0083
152313.36,-1547.2603,-1358.2603,-1452.7603,-1358.2603
152334.34,-1547.5122,-1358.5122,-1453.0122,-1358.5122
152355.31,-1547.7637,-1358.7637,-1453.2637,-1358.7637
152376.3,-1548.0156,-1359.0156,-1453.5156,-1359.0156
152397.27,-1548.2671,-1359.2671,-1453.7671,-1359.2671
152418.25,-1548.519,-1359.519,-1454.019,-1359.519
152439.23,-1548.771,-1359.771,-1454.271,-1359.771
152460.2,-1549.0225,-1360.0225,-1454.5225,-1360.0225
152481.19,-1549.2739,-1360.2739,-1454.7739,-1360.2739
152502.16,-1549.5259,-1360.5259,-1455.0259,-1360.5259
152523.14,-1549.7773,-1360.7773,-1455.2773,-1360.7773
152544.11,-1550.0293,-1361.0293,-1455.5293,-1361.0293
152565.1,-1550.2812,-1361.2812,-1455.7812,-1361.2812
152586.06,-1550.5327,-1361.5327,-1456.0327,-1361.5327
152607.05,-1550.7847,-1361.7847,-1456.2847,-1361.7847
152628.02,-1551.0361,-1362.0361,-1456.5361,-1362.0361
152649.0,-1551.2881,-1362.2881,-1456.7881,-1362.2881
152669.97,-1551.54,-1362.54,-1457.04,-1362.54
152690.95,-1551.791,-1362.791,-1457.291,-1362.791
152711.92,-1552.043,-1363.043,-1457.543,-1363.043
152732.9,-1552.2949,-1363.2949,-1457.7949,-1363.2949
152753.88,-1552.5464,-1363.5464,-1458.0464,-1363.5464
152774.86,-1552.7983,-1363.7983,-1458.2983,-1363.7983
152795.83,-1553.0498,-1364.0498,-1458.5498,-1364.0498
152816.81,-1553.3018,-1364.3018,-1458.8018,-1364.3018
152837.78,-1553.5532,-1364.5532,-1459.0532,-1364.5532
152858.77,-1553.8052,-1364.8052,-1459.3052,-1364.8052
152879.73,-1554.0571,-1365.0571,-1459.5571,-1365.0571
152900.72,-1554.3086,-1365.3086,-1459.8086,-1365.3086
152921.7,-1554.56,-1365.56,-1460.06,-1365.56
152942.67,-1554.812,-1365.812,-1460.312,-1365.812
152963.66,-1555.064,-1366.064,-1460.564,-1366.064
152984.62,-1555.3154,-1366.3154,-1460.8154,-1366.3154
153005.61,-1555.5674,-1366.5674,-1461.0674,-1366.5674
153026.58,-1555.8188,-1366.8188,-1461.3188,-1366.8188
153047.56,-1556.0708,-1367.0708,-1461.5708,-1367.0708
153068.53,-1556.3228,-1367.3228,-1461.8228,-1367.3228
153089.52,-1556.5742,-1367.5742,-1462.0742,-1367.5742
153110.48,-1556.8257,-1367.8257,-1462.3257,-1367.8257
153131.47,-1557.0776,-1368.0776,-1462.5776,-1368.0776
153152.44,-1557.3291,-1368.3291,-1462.8291,-1368.3291
153173.42,-1557.581,-1368.581,-1463.081,-1368.581
153194.39,-1557.8325,-1368.8325,-1463.3325,-1368.8325
153215.38,-1558.0845,-1369.0845,-1463.5845,-1369.0845
153236.34,-1558.3364,-1369.3364,-1463.8364,-1369.3364
153257.33,-1558.5879,-1369.5879,-1464.0879,-1369.5879
153278.3,-1558.8398,-1369.8398,-1464.3398,-1369.8398
153299.28,-1559.0918,-1370.0918,-1464.5918,-1370.0918
153320.25,-1559.3428,-1370.3428,-1464.8428,-1370.3428
153341.23,-1559.5947,-1370.5947,-1465.0947,-1370.5947
153362.2,-1559.8462,-1370.8462,-1465.3462,-1370.8462
153383.19,-1560.0981,-1371.0981,-1465.5981,-1371.0981
153404.17,-1560.3501,-1371.3501,-1465.8501,-1371.3501
153425.14,-1560.6016,-1371.6016,-1466.1016,-1371.6016
153446.12,-1560.8535,-1371.8535,-1466.3535,-1371.8535
153467.1,-1561.1055,-1372.1055,-1466.6055,-1372.1055
153488.08,-1561.3569,-1372.3569,-1466.8569,-1372.3569
153509.05,-1561.6089,-1372.6089,-1467.1089,-1372.6089
153530.03,-1561.8604,-1372.8604,-1467.3604,-1372.8604
153551.0,-1562.1118,-1373.1118,-1467.6118,-1373.1118
153571.98,-1562.3638,-1373.3638,-1467.8638,-1373.3638
153592.95,-1562.6152,-1373.6152,-1468.1152,-1373.6152
153613.94,-1562.8672,-1373.8672,-1468.3672,-1373.8672
153634.9,-1563.1191,-1374.1191,-1468.6191,-1374.1191
153655.89,-1563.3706,-1374.3706,-1468.8706,-1374.3706
153676.86,-1563.6226,-1374.6226,-1469.1226,-1374.6226
153697.84,-1563.8745,-1374.8745,-1469.3745,-1374.8745
153718.81,-1564.126,-1375.126,-1469.626,-1375.126
153739.8,-1564.3774,-1375.3774,-1469.8774,-1375.3774
153760.77,-1564.6289,-1375.6289,-1470.1289,-1375.6289
153781.75,-1564.8809,-1375.8809,-1470.3809,-1375.8809
153802.72,-1565.1328,-1376.1328,-1470.6328,-1376.1328
153823.7,-1565.3843,-1376.3843,-1470.8843,-1376.3843
153844.69,-1565.6362,-1376.6362,-1471.1362,-1376.6362
153865.66,-1565.8882,-1376.8882,-1471.3882,-1376.8882
153886.64,-1566.1396,-1377.1396,-1471.6396,-1377.1396
153907.61,-1566.3916,-1377.3916,-1471.8916,-1377.3916
153928.6,-1566.6431,-1377.6431,-1472.1431,-1377.6431
153949.56,-1566.8945,-1377.8945,-1472.3945,-1377.8945
153970.55,-1567.1465,-1378.1465,-1472.6465,-1378.1465
153991.52,-1567.398,-1378.398,-1472.898,-1378.398
154012.5,-1567.6499,-1378.6499,-1473.1499,-1378.6499
154033.47,-1567.9019,-1378.9019,-1473.4019,-1378.9019
154054.45,-1568.1533,-1379.1533,-1473.6533,-1379.1533
154075.42,-1568.4053,-1379.4053,-1473.9053,-1379.4053
154096.4,-1568.6572,-1379.6572,-1474.1572,-1379.6572
154117.38,-1568.9087,-1379.9087,-1474.4087,-1379.9087
154138.36,-1569.1602,-1380.1602,-1474.6602,-1380.1602
154159.33,-1569.4116,-1380.4116,-1474.9116,-1380.4116
154180.31,-1569.6636,-1380.6636,-1475.1636,-1380.6636
154201.28,-1569.9155,-1380.9155,-1475.4155,-1380.9155
154222.27,-1570.167,-1381.167,-1475.667,-1381.167
154243.23,-1570.419,-1381.419,-1475.919,-1381.419
154264.22,-1570.6709,-1381.6709,-1476.1709,-1381.6709
154285.19,-1570.9224,-1381.9224,-1476.4224,-1381.9224
154306.17,-1571.1743,-1382.1743,-1476.6743,-1382.1743
154327.16,-1571.4258,-1382.4258,-1476.9258,-1382.4258
154348.12,-1571.6772,-1382.6772,-1477.1772,-1382.6772
154369.11,-1571.9292,-1382.9292,-1477.4292,-1382.9292
154390.08,-1572.1807,-1383.1807,-1477.6807,-1383.1807
154411.06,-1572.4326,-1383.4326,-1477.9326,-1383.4326
154432.03,-1572.6846,-1383.6846,-1478.1846,-1383.6846
154453.02,-1572.936,-1383.936,-1478.436,-1383.936
154473.98,-1573.188,-1384.188,-1478.688,-1384.188
154494.97,-1573.44,-1384.44,-1478.94,-1384.44
154515.94,-1573.6914,-1384.6914,-1479.1914,-1384.6914
154536.92,-1573.9429,-1384.9429,-1479.4429,-1384.9429
154557.89,-1574.1943,-1385.1943,-1479.6943,-1385.1943
154578.88,-1574.4463,-1385.4463,-1479.9463,-1385.4463
154599.84,-1574.6982,-1385.6982,-1480.1982,-1385.6982
154620.83,-1574.9497,-1385.9497,-1480.4497,-1385.9497
154641.8,-1575.2017,-1386.2017,-1480.7017,-1386.2017
154662.78,-1575.4536,-1386.4536,-1480.9536,-1386.4536
154683.75,-1575.7051,-1386.7051,-1481.2051,-1386.7051
154704.73,-1575.957,-1386.957,-1481.457,-1386.957
154725.7,-1576.2085,-1387.2085,-1481.7085,-1387.2085
154746.69,-1576.46,-1387.46,-1481.96,-1387.46
154767.66,-1576.7119,-1387.7119,-1482.2119,-1387.7119
154788.64,-1576.9634,-1387.9634,-1482.4634,-1387.9634
154809.62,-1577.2153,-1388.2153,-1482.7153,-1388.2153
154830.6,-1577.4673,-1388.4673,-1482.9673,-1388.4673
154851.58,-1577.7192,-1388.7192,-1483.2192,-1388.7192
154872.55,-1577.9707,-1388.9707,-1483.4707,-1388.9707
154893.53,-1578.2227,-1389.2227,-1483.7227,-1389.2227
154914.5,-1578.4741,-1389.4741,-1483.9741,-1389.4741
154935.48,-1578.7256,-1389.7256,-1484.2256,-1389.7256
154956.45,-1578.977,-1389.977,-1484.477,-1389.977
154977.44,-1579.229,-1390.229,-1484.729,-1390.229
154998.4,-1579.481,-1390.481,-1484.981,-1390.481
155019.39,-1579.7324,-1390.7324,-1485.2324,-1390.7324
155040.36,-1579.9844,-1390.9844,-1485.4844,-1390.9844
155061.34,-1580.2363,-1391.2363,-1485.7363,-1391.2363
155082.31,-1580.4878,-1391.4878,-1485.9878,-1391.4878
155103.3,-1580.7397,-1391.7397,-1486.2397,-1391.7397
155124.27,-1580.9912,-1391.9912,-1486.4912,-1391.9912
155145.25,-1581.2427,-1392.2427,-1486.7427,-1392.2427
155166.22,-1581.4946,-1392.4946,-1486.9946,-1392.4946
155187.2,-1581.7461,-1392.7461,-1487.2461,-1392.7461
155208.17,-1581.998,-1392.998,-1487.498,-1392.998
155229.16,-1582.25,-1393.25,-1487.75,-1393.25
155250.14,-1582.502,-1393.502,-1488.002,-1393.502
155271.11,-1582.7534,-1393.7534,-1488.2534,-1393.7534
155292.1,-1583.0054,-1394.0054,-1488.5054,-1394.0054
155313.06,-1583.2568,-1394.2568,-1488.7568,-1394.2568
155334.05,-1583.5088,-1394.5088,-1489.0088,-1394.5088
155355.02,-1583.7598,-1394.7598,-1489.2598,-1394.7598
155376.0,-1584.0117,-1395.0117,-1489.5117,-1395.0117
155396.97,-1584.2637,-1395.2637,-1489.7637,-1395.2637
155417.95,-1584.5156,-1395.5156,-1490.0156,-1395.5156
155438.92,-1584.7671,-1395.7671,-1490.2671,-1395.7671
155459.9,-1585.019,-1396.019,-1490.519,-1396.019
155480.88,-1585.2705,-1396.2705,-1490.7705,-1396.2705
155501.86,-1585.5225,-1396.5225,-1491.0225,-1396.5225
155522.83,-1585.7739,-1396.7739,-1491.2739,-1396.7739
155543.81,-1586.0259,-1397.0259,-1491.5259,-1397.0259
155564.78,-1586.2773,-1397.2773,-1491.7773,-1397.2773
155585.77,-1586.5288,-1397.5288,-1492.0288,-1397.5288
155606.73,-1586.7808,-1397.7808,-1492.2808,-1397.7808
155627.72,-1587.0327,-1398.0327,-1492.5327,-1398.0327
155648.69,-1587.2842,-1398.2842,-1492.7842,-1398.2842
155669.67,-1587.5361,-1398.5361,-1493.0361,-1398.5361
155690.64,-1587.7876,-1398.7876,-1493.2876,-1398.7876
155711.62,-1588.0396,-1399.0396,-1493.5396,-1399.0396
155732.61,-1588.2915,-1399.2915,-1493.7915,-1399.2915
155753.58,-1588.543,-1399.543,-1494.043,-1399.543
155774.56,-1588.7944,-1399.7944,-1494.2944,-1399.7944
155795.53,-1589.0464,-1400.0464,-1494.5464,-1400.0464
155816.52,-1589.2983,-1400.2983,-1494.7983,-1400.2983
155837.48,-1589.5498,-1400.5498,-1495.0498,-1400.5498
155858.47,-1589.8018,-1400.8018,-1495.3018,-1400.8018
155879.44,-1590.0532,-1401.0532,-1495.5532,-1401.0532
155900.42,-1590.3052,-1401.3052,-1495.8052,-1401.3052
155921.39,-1590.5566,-1401.5566,-1496.0566,-1401.5566
155942.38,-1590.8086,-1401.8086,-1496.3086,-1401.8086
155963.34,-1591.0605,-1402.0605,-1496.5605,-1402.0605
155984.33,-1591.3115,-1402.3115,-1496.8115,-1402.3115
156005.3,-1591.5635,-1402.5635,-1497.0635,-1402.5635
156026.28,-1591.8154,-1402.8154,-1497.3154,-1402.8154
156047.25,-1592.0669,-1403.0669,-1497.5669,-1403.0669
156068.23,-1592.3188,-1403.3188,-1497.8188,-1403.3188
156089.2,-1592.5703,-1403.5703,-1498.0703,-1403.5703
156110.19,-1592.8223,-1403.8223,-1498.3223,-1403.8223
156131.16,-1593.0742,-1404.0742,-1498.5742,-1404.0742
156152.14,-1593.3257,-1404.3257,-1498.8257,-1404.3257
156173.11,-1593.5776,-1404.5776,-1499.0776,-1404.5776
156194.1,-1593.8291,-1404.8291,-1499.3291,-1404.8291
156215.08,-1594.081,-1405.081,-1499.581,-1405.081
156236.05,-1594.3325,-1405.3325,-1499.8325,-1405.3325
156257.03,-1594.5845,-1405.5845,-1500.0845,-1405.5845
156278.0,-1594.8359,-1405.8359,-1500.3359,-1405.8359
156298.98,-1595.0879,-1406.0879,-1500.5879,-1406.0879
156319.95,-1595.3394,-1406.3394,-1500.8394,-1406.3394
156340.94,-1595.5913,-1406.5913,-1501.0913,-1406.5913
156361.9,-1595.8433,-1406.8433,-1501.3433,-1406.8433
156382.89,-1596.0947,-1407.0947,-1501.5947,-1407.0947
156403.86,-1596.3462,-1407.3462,-1501.8462,-1407.3462
156424.84,-1596.5981,-1407.5981,-1502.0981,-1407.5981
156445.81,-1596.8496,-1407.8496,-1502.3496,-1407.8496
156466.8,-1597.1016,-1408.1016,-1502.6016,-1408.1016
156487.77,-1597.353,-1408.353,-1502.853,-1408.353
156508.75,-1597.605,-1408.605,-1503.105,-1408.605
156529.72,-1597.8569,-1408.8569,-1503.3569,-1408.8569
156550.7,-1598.1084,-1409.1084,-1503.6084,-1409.1084
156571.67,-1598.3604,-1409.3604,-1503.8604,-1409.3604
156592.66,-1598.6118,-1409.6118,-1504.1118,-1409.6118
156613.62,-1598.8633,-1409.8633,-1504.3633,-1409.8633
156634.61,-1599.1152,-1410.1152,-1504.6152,-1410.1152
156655.6,-1599.3672,-1410.3672,-1504.8672,-1410.3672
156676.56,-1599.6187,-1410.6187,-1505.1187,-1410.6187
156697.55,-1599.8706,-1410.8706,-1505.3706,-1410.8706
156718.52,-1600.1221,-1411.1221,-1505.6221,-1411.1221
156739.5,-1600.374,-1411.374,-1505.874,-1411.374
156760.47,-1600.626,-1411.626,-1506.126,-1411.626
156781.45,-1600.8774,-1411.8774,-1506.3774,-1411.8774
156802.42,-1601.1289,-1412.1289,-1506.6289,-1412.1289
156823.4,-1601.3809,-1412.3809,-1506.8809,-1412.3809
156844.38,-1601.6323,-1412.6323,-1507.1323,-1412.6323
156865.36,-1601.8843,-1412.8843,-1507.3843,-1412.8843
156886.33,-1602.1357,-1413.1357,-1507.6357,-1413.1357
156907.31,-1602.3877,-1413.3877,-1507.8877,-1413.3877
156928.28,-1602.6396,-1413.6396,-1508.1396,-1413.6396
156949.27,-1602.8916,-1413.8916,-1508.3916,-1413.8916
156970.23,-1603.1431,-1414.1431,-1508.6431,-1414.1431
156991.22,-1603.3945,-1414.3945,-1508.8945,-1414.3945
157012.19,-1603.646,-1414.646,-1509.146,-1414.646
157033.17,-1603.898,-1414.898,-1509.398,-1414.898
157054.14,-1604.1494,-1415.1494,-1509.6494,-1415.1494
157075.12,-1604.4014,-1415.4014,-1509.9014,-1415.4014
157096.1,-1604.6533,-1415.6533,-1510.1533,-1415.6533
157117.08,-1604.9048,-1415.9048,-1510.4048,-1415.9048
157138.06,-1605.1567,-1416.1567,-1510.6567,-1416.1567
157159.03,-1605.4087,-1416.4087,-1510.9087,-1416.4087
157180.02,-1605.6602,-1416.6602,-1511.1602,-1416.6602
157200.98,-1605.9116,-1416.9116,-1511.4116,-1416.9116
157221.97,-1606.1636,-1417.1636,-1511.6636,-1417.1636
157242.94,-1606.415,-1417.415,-1511.915,-1417.415
157263.92,-1606.667,-1417.667,-1512.167,-1417.667
157284.89,-1606.9185,-1417.9185,-1512.4185,-1417.9185
157305.88,-1607.1704,-1418.1704,-1512.6704,-1418.1704
157326.84,-1607.4224,-1418.4224,-1512.9224,-1418.4224
157347.83,-1607.6743,-1418.6743,-1513.1743,-1418.6743
157368.8,-1607.9258,-1418.9258,-1513.4258,-1418.9258
157389.78,-1608.1772,-1419.1772,-1513.6772,-1419.1772
157410.75,-1608.4287,-1419.4287,-1513.9287,-1419.4287
157431.73,-1608.6807,-1419.6807,-1514.1807,-1419.6807
157452.7,-1608.9321,-1419.9321,-1514.4321,-1419.9321
157473.69,-1609.1841,-1420.1841,-1514.6841,-1420.1841
157494.66,-1609.436,-1420.436,-1514.936,-1420.436
157515.64,-1609.688,-1420.688,-1515.188,-1420.688
157536.61,-1609.9395,-1420.9395,-1515.4395,-1420.9395
157557.6,-1610.1914,-1421.1914,-1515.6914,-1421.1914
157578.56,-1610.4429,-1421.4429,-1515.9429,-1421.4429
157599.55,-1610.6943,-1421.6943,-1516.1943,-1421.6943
157620.53,-1610.9463,-1421.9463,-1516.4463,-1421.9463
157641.5,-1611.1978,-1422.1978,-1516.6978,-1422.1978
157662.48,-1611.4497,-1422.4497,-1516.9497,-1422.4497
157683.45,-1611.7012,-1422.7012,-1517.2012,-1422.7012
157704.44,-1611.9531,-1422.9531,-1517.4531,-1422.9531
157725.4,-1612.2051,-1423.2051,-1517.7051,-1423.2051
157746.39,-1612.457,-1423.457,-1517.957,-1423.457
157767.36,-1612.7085,-1423.7085,-1518.2085,-1423.7085
157788.34,-1612.9604,-1423.9604,-1518.4604,-1423.9604
157809.31,-1613.2114,-1424.2114,-1518.7114,-1424.2114
157830.3,-1613.4634,-1424.4634,-1518.9634,-1424.4634
157851.27,-1613.7148,-1424.7148,-1519.2148,-1424.7148
157872.25,-1613.9668,-1424.9668,-1519.4668,-1424.9668
157893.22,-1614.2188,-1425.2188,-1519.7188,-1425.2188
157914.2,-1614.4707,-1425.4707,-1519.9707,-1425.4707
157935.17,-1614.7222,-1425.7222,-1520.2222,-1425.7222
157956.16,-1614.9741,-1425.9741,-1520.4741,-1425.9741
157977.12,-1615.2256,-1426.2256,-1520.7256,-1426.2256
157998.11,-1615.4775,-1426.4775,-1520.9775,-1426.4775
158019.08,-1615.7285,-1426.7285,-1521.2285,-1426.7285
158040.06,-1615.9805,-1426.9805,-1521.4805,-1426.9805
158061.05,-1616.2324,-1427.2324,-1521.7324,-1427.2324
158082.02,-1616.4844,-1427.4844,-1521.9844,-1427.4844
158103.0,-1616.7358,-1427.7358,-1522.2358,-1427.7358
158123.97,-1616.9878,-1427.9878,-1522.4878,-1427.9878
158144.95,-1617.2397,-1428.2397,-1522.7397,-1428.2397
158165.92,-1617.4912,-1428.4912,-1522.9912,-1428.4912
158186.9,-1617.7432,-1428.7432,-1523.2432,-1428.7432
158207.88,-1617.9946,-1428.9946,-1523.4946,-1428.9946
158228.86,-1618.2461,-1429.2461,-1523.7461,-1429.2461
158249.83,-1618.4976,-1429.4976,-1523.9976,-1429.4976
158270.81,-1618.7495,-1429.7495,-1524.2495,-1429.7495
158291.78,-1619.0015,-1430.0015,-1524.5015,-1430.0015
158312.77,-1619.2534,-1430.2534,-1524.7534,-1430.2534
158333.73,-1619.5049,-1430.5049,-1525.0049,-1430.5049
158354.72,-1619.7568,-1430.7568,-1525.2568,-1430.7568
158375.69,-1620.0083,-1431.0083,-1525.5083,-1431.0083
158396.67,-1620.2603,-1431.2603,-1525.7603,-1431.2603
158417.64,-1620.5117,-1431.5117,-1526.0117,-1431.5117
158438.62,-1620.7632,-1431.7632,-1526.2632,-1431.7632
158459.6,-1621.0151,-1432.0151,-1526.5151,-1432.0151
158480.58,-1621.2671,-1432.2671,-1526.7671,-1432.2671
158501.55,-1621.5186,-1432.5186,-1527.0186,-1432.5186
158522.53,-1621.7705,-1432.7705,-1527.2705,-1432.7705
158543.52,-1622.0225,-1433.0225,-1527.5225,-1433.0225
158564.48,-1622.2739,-1433.2739,-1527.7739,-1433.2739
158585.47,-1622.5259,-1433.5259,-1528.0259,-1433.5259
158606.44,-1622.7773,-1433.7773,-1528.2773,-1433.7773
158627.42,-1623.0288,-1434.0288,-1528.5288,-1434.0288
158648.39,-1623.2803,-1434.2803,-1528.7803,-1434.2803
158669.38,-1623.5322,-1434.5322,-1529.0322,-1434.5322
158690.34,-1623.7842,-1434.7842,-1529.2842,-1434.7842
158711.33,-1624.0361,-1435.0361,-1529.5361,-1435.0361
158732.3,-1624.2876,-1435.2876,-1529.7876,-1435.2876
158753.28,-1624.5396,-1435.5396,-1530.0396,-1435.5396
158774.25,-1624.791,-1435.791,-1530.291,-1435.791
158795.23,-1625.043,-1436.043,-1530.543,-1436.043
158816.2,-1625.2944,-1436.2944,-1530.7944,-1436.2944
158837.19,-1625.5459,-1436.5459,-1531.0459,-1436.5459
158858.16,-1625.7979,-1436.7979,-1531.2979,-1436.7979
158879.14,-1626.0498,-1437.0498,-1531.5498,-1437.0498
158900.11,-1626.3013,-1437.3013,-1531.8013,-1437.3013
158921.1,-1626.5532,-1437.5532,-1532.0532,-1437.5532
158942.06,-1626.8047,-1437.8047,-1532.3047,-1437.8047
158963.05,-1627.0566,-1438.0566,-1532.5566,-1438.0566
158984.03,-1627.3086,-1438.3086,-1532.8086,-1438.3086
159005.0,-1627.56,-1438.56,-1533.06,-1438.56
159025.98,-1627.8115,-1438.8115,-1533.3115,-1438.8115
159046.95,-1628.0635,-1439.0635,-1533.5635,-1439.0635
159067.94,-1628.315,-1439.315,-1533.815,-1439.315
159088.9,-1628.5669,-1439.5669,-1534.0669,-1439.5669
159109.89,-1628.8188,-1439.8188,-1534.3188,-1439.8188
159130.86,-1629.0703,-1440.0703,-1534.5703,-1440.0703
159151.84,-1629.3223,-1440.3223,-1534.8223,-1440.3223
159172.81,-1629.5737,-1440.5737,-1535.0737,-1440.5737
159193.8,-1629.8257,-1440.8257,-1535.3257,-1440.8257
159214.77,-1630.0771,-1441.0771,-1535.5771,-1441.0771
159235.75,-1630.3286,-1441.3286,-1535.8286,-1441.3286
159256.72,-1630.5806,-1441.5806,-1536.0806,-1441.5806
159277.7,-1630.8325,-1441.8325,-1536.3325,-1441.8325
159298.67,-1631.084,-1442.084,-1536.584,-1442.084
159319.66,-1631.3359,-1442.3359,-1536.8359,-1442.3359
159340.62,-1631.5874,-1442.5874,-1537.0874,-1442.5874
159361.61,-1631.8394,-1442.8394,-1537.3394,-1442.8394
159382.58,-1632.0908,-1443.0908,-1537.5908,-1443.0908
159403.56,-1632.3428,-1443.3428,-1537.8428,-1443.3428
159424.53,-1632.5947,-1443.5947,-1538.0947,-1443.5947
159445.52,-1632.8462,-1443.8462,-1538.3462,-1443.8462
159466.5,-1633.0977,-1444.0977,-1538.5977,-1444.0977
159487.47,-1633.3496,-1444.3496,-1538.8496,-1444.3496
159508.45,-1633.6016,-1444.6016,-1539.1016,-1444.6016
159529.42,-1633.853,-1444.853,-1539.353,-1444.853
159550.4,-1634.105,-1445.105,-1539.605,-1445.105
159571.38,-1634.3564,-1445.3564,-1539.8564,-1445.3564
159592.36,-1634.6084,-1445.6084,-1540.1084,-1445.6084
159613.33,-1634.8604,-1445.8604,-1540.3604,-1445.8604
159634.31,-1635.1113,-1446.1113,-1540.6113,-1446.1113
159655.28,-1635.3633,-1446.3633,-1540.8633,-1446.3633
159676.27,-1635.6152,-1446.6152,-1541.1152,-1446.6152
159697.23,-1635.8667,-1446.8667,-1541.3667,-1446.8667
159718.22,-1636.1187,-1447.1187,-1541.6187,-1447.1187
159739.19,-1636.3701,-1447.3701,-1541.8701,-1447.3701
159760.17,-1636.6221,-1447.6221,-1542.1221,-1447.6221
159781.14,-1636.8735,-1447.8735,-1542.3735,-1447.8735
159802.12,-1637.1255,-1448.1255,-1542.6255,-1448.1255
159823.1,-1637.3774,-1448.3774,-1542.8774,-1448.3774
159844.08,-1637.6289,-1448.6289,-1543.1289,-1448.6289
159865.05,-1637.8804,-1448.8804,-1543.3804,-1448.8804
159886.03,-1638.1323,-1449.1323,-1543.6323,-1449.1323
159907.0,-1638.3838,-1449.3838,-1543.8838,-1449.3838
159927.98,-1638.6357,-1449.6357,-1544.1357,-1449.6357
159948.97,-1638.8877,-1449.8877,-1544.3877,-1449.8877
159969.94,-1639.1392,-1450.1392,-1544.6392,-1450.1392
159990.92,-1639.3911,-1450.3911,-1544.8911,-1450.3911
160011.89,-1639.6431,-1450.6431,-1545.1431,-1450.6431
160032.88,-1639.8945,-1450.8945,-1545.3945,-1450.8945
160053.84,-1640.146,-1451.146,-1545.646,-1451.146
160074.83,-1640.398,-1451.398,-1545.898,-1451.398
160095.8,-1640.6494,-1451.6494,-1546.1494,-1451.6494
160116.78,-1640.9014,-1451.9014,-1546.4014,-1451.9014
160137.75,-1641.1528,-1452.1528,-1546.6528,-1452.1528
160158.73,-1641.4048,-1452.4048,-1546.9048,-1452.4048
160179.7,-1641.6567,-1452.6567,-1547.1567,-1452.6567
160200.69,-1641.9082,-1452.9082,-1547.4082,-1452.9082
160221.66,-1642.1602,-1453.1602,-1547.6602,-1453.1602
160242.64,-1642.4121,-1453.4121,-1547.9121,-1453.4121
160263.61,-1642.6631,-1453.6631,-1548.1631,-1453.6631
160284.6,-1642.915,-1453.915,-1548.415,-1453.915
160305.56,-1643.1665,-1454.1665,-1548.6665,-1454.1665
160326.55,-1643.4185,-1454.4185,-1548.9185,-1454.4185
160347.52,-1643.6699,-1454.6699,-1549.1699,-1454.6699
160368.5,-1643.9219,-1454.9219,-1549.4219,-1454.9219
160389.48,-1644.1738,-1455.1738,-1549.6738,-1455.1738
160410.45,-1644.4258,-1455.4258,-1549.9258,-1455.4258
160431.44,-1644.6772,-1455.6772,-1550.1772,-1455.6772
160452.4,-1644.9292,-1455.9292,-1550.4292,-1455.9292
160473.39,-1645.1807,-1456.1807,-1550.6807,-1456.1807
160494.36,-1645.4321,-1456.4321,-1550.9321,-1456.4321
160515.34,-1645.6841,-1456.6841,-1551.1841,-1456.6841
160536.31,-1645.9355,-1456.9355,-1551.4355,-1456.9355
160557.3,-1646.1875,-1457.1875,-1551.6875,-1457.1875
160578.27,-1646.4395,-1457.4395,-1551.9395,-1457.4395
160599.25,-1646.6909,-1457.6909,-1552.1909,-1457.6909
160620.22,-1646.9429,-1457.9429,-1552.4429,-1457.9429
160641.2,-1647.1948,-1458.1948,-1552.6948,-1458.1948
160662.17,-1647.4463,-1458.4463,-1552.9463,-1458.4463
160683.16,-1647.6978,-1458.6978,-1553.1978,-1458.6978
160704.12,-1647.9492,-1458.9492,-1553.4492,-1458.9492
160725.11,-1648.2012,-1459.2012,-1553.7012,-1459.2012
160746.08,-1648.4531,-1459.4531,-1553.9531,-1459.4531
160767.06,-1648.7046,-1459.7046,-1554.2046,-1459.7046
160788.03,-1648.9565,-1459.9565,-1554.4565,-1459.9565
160809.02,-1649.2085,-1460.2085,-1554.7085,-1460.2085
160829.98,-1649.46,-1460.46,-1554.96,-1460.46
160850.97,-1649.7119,-1460.7119,-1555.2119,-1460.7119
160871.95,-1649.9634,-1460.9634,-1555.4634,-1460.9634
160892.92,-1650.2148,-1461.2148,-1555.7148,-1461.2148
160913.9,-1650.4668,-1461.4668,-1555.9668,-1461.4668
160934.88,-1650.7183,-1461.7183,-1556.2183,-1461.7183
160955.86,-1650.9702,-1461.9702,-1556.4702,-1461.9702
160976.83,-1651.2222,-1462.2222,-1556.7222,-1462.2222
160997.81,-1651.4736,-1462.4736,-1556.9736,-1462.4736
161018.78,-1651.7256,-1462.7256,-1557.2256,-1462.7256
161039.77,-1651.9775,-1462.9775,-1557.4775,-1462.9775
161060.73,-1652.229,-1463.229,-1557.729,-1463.229
161081.72,-1652.4805,-1463.4805,-1557.9805,-1463.4805
161102.69,-1652.7319,-1463.7319,-1558.2319,-1463.7319
161123.67,-1652.9839,-1463.9839,-1558.4839,-1463.9839
161144.64,-1653.2358,-1464.2358,-1558.7358,-1464.2358
161165.62,-1653.4873,-1464.4873,-1558.9873,-1464.4873
161186.6,-1653.7393,-1464.7393,-1559.2393,-1464.7393
161207.58,-1653.9912,-1464.9912,-1559.4912,-1464.9912
161228.55,-1654.2427,-1465.2427,-1559.7427,-1465.2427
161249.53,-1654.4946,-1465.4946,-1559.9946,-1465.4946
161270.5,-1654.7461,-1465.7461,-1560.2461,-1465.7461
161291.48,-1654.9976,-1465.9976,-1560.4976,-1465.9976
161312.45,-1655.249,-1466.249,-1560.749,-1466.249
161333.44,-1655.501,-1466.501,-1561.001,-1466.501
161354.42,-1655.7529,-1466.7529,-1561.2529,-1466.7529
161375.39,-1656.0049,-1467.0049,-1561.5049,-1467.0049
161396.38,-1656.2563,-1467.2563,-1561.7563,-1467.2563
161417.34,-1656.5083,-1467.5083,-1562.0083,-1467.5083
161438.33,-1656.7603,-1467.7603,-1562.2603,-1467.7603
161459.3,-1657.0117,-1468.0117,-1562.5117,-1468.0117
161480.28,-1657.2632,-1468.2632,-1562.7632,-1468.2632
161501.25,-1657.5146,-1468.5146,-1563.0146,-1468.5146
161522.23,-1657.7666,-1468.7666,-1563.2666,-1468.7666
161543.2,-1658.0186,-1469.0186,-1563.5186,-1469.0186
161564.19,-1658.27,-1469.27,-1563.77,-1469.27
161585.16,-1658.522,-1469.522,-1564.022,-1469.522
161606.14,-1658.7739,-1469.7739,-1564.2739,-1469.7739
161627.11,-1659.0254,-1470.0254,-1564.5254,-1470.0254
161648.1,-1659.2773,-1470.2773,-1564.7773,-1470.2773
161669.06,-1659.5288,-1470.5288,-1565.0288,-1470.5288
161690.05,-1659.7803,-1470.7803,-1565.2803,-1470.7803
161711.02,-1660.0322,-1471.0322,-1565.5322,-1471.0322
161732.0,-1660.2837,-1471.2837,-1565.7837,-1471.2837
161752.97,-1660.5356,-1471.5356,-1566.0356,-1471.5356
161773.95,-1660.7876,-1471.7876,-1566.2876,-1471.7876
161794.94,-1661.0396,-1472.0396,-1566.5396,-1472.0396
161815.9,-1661.291,-1472.291,-1566.791,-1472.291
161836.89,-1661.543,-1472.543,-1567.043,-1472.543
161857.86,-1661.7944,-1472.7944,-1567.2944,-1472.7944
161878.84,-1662.0459,-1473.0459,-1567.5459,-1473.0459
161899.81,-1662.2974,-1473.2974,-1567.7974,-1473.2974
161920.8,-1662.5493,-1473.5493,-1568.0493,-1473.5493
161941.77,-1662.8013,-1473.8013,-1568.3013,-1473.8013
161962.75,-1663.0527,-1474.0527,-1568.5527,-1474.0527
161983.72,-1663.3047,-1474.3047,-1568.8047,-1474.3047
162004.7,-1663.5566,-1474.5566,-1569.0566,-1474.5566
162025.67,-1663.8081,-1474.8081,-1569.3081,-1474.8081
162046.66,-1664.06,-1475.06,-1569.56,-1475.06
162067.62,-1664.3115,-1475.3115,-1569.8115,-1475.3115
162088.61,-1664.563,-1475.563,-1570.063,-1475.563
162109.58,-1664.815,-1475.815,-1570.315,-1475.815
162130.56,-1665.0664,-1476.0664,-1570.5664,-1476.0664
162151.53,-1665.3184,-1476.3184,-1570.8184,-1476.3184
162172.52,-1665.5703,-1476.5703,-1571.0703,-1476.5703
162193.48,-1665.8218,-1476.8218,-1571.3218,-1476.8218
162214.47,-1666.0737,-1477.0737,-1571.5737,-1477.0737
162235.44,-1666.3252,-1477.3252,-1571.8252,-1477.3252
162256.42,-1666.5771,-1477.5771,-1572.0771,-1477.5771
162277.4,-1666.8291,-1477.8291,-1572.3291,-1477.8291
162298.38,-1667.0801,-1478.0801,-1572.5801,-1478.0801
162319.36,-1667.332,-1478.332,-1572.832,-1478.332
162340.33,-1667.584,-1478.584,-1573.084,-1478.584
162361.31,-1667.8359,-1478.8359,-1573.3359,-1478.8359
162382.28,-1668.0874,-1479.0874,-1573.5874,-1479.0874
162403.27,-1668.3394,-1479.3394,-1573.8394,-1479.3394
162424.23,-1668.5908,-1479.5908,-1574.0908,-1479.5908
162445.22,-1668.8428,-1479.8428,-1574.3428,-1479.8428
162466.19,-1669.0942,-1480.0942,-1574.5942,-1480.0942
162487.17,-1669.3462,-1480.3462,-1574.8462,-1480.3462
162508.14,-1669.5977,-1480.5977,-1575.0977,-1480.5977
162529.12,-1669.8491,-1480.8491,-1575.3491,-1480.8491
162550.1,-1670.1011,-1481.1011,-1575.6011,-1481.1011
162571.08,-1670.353,-1481.353,-1575.853,-1481.353
162592.05,-1670.6045,-1481.6045,-1576.1045,-1481.6045
162613.03,-1670.8564,-1481.8564,-1576.3564,-1481.8564
162634.0,-1671.1079,-1482.1079,-1576.6079,-1482.1079
162654.98,-1671.3599,-1482.3599,-1576.8599,-1482.3599
162675.95,-1671.6118,-1482.6118,-1577.1118,-1482.6118
162696.94,-1671.8633,-1482.8633,-1577.3633,-1482.8633
162717.9,-1672.1147,-1483.1147,-1577.6147,-1483.1147
162738.89,-1672.3667,-1483.3667,-1577.8667,-1483.3667
162759.88,-1672.6187,-1483.6187,-1578.1187,-1483.6187
162780.84,-1672.8701,-1483.8701,-1578.3701,-1483.8701
162801.83,-1673.1221,-1484.1221,-1578.6221,-1484.1221
162822.8,-1673.3735,-1484.3735,-1578.8735,-1484.3735
162843.78,-1673.6255,-1484.6255,-1579.1255,-1484.6255
162864.75,-1673.877,-1484.877,-1579.377,-1484.877
162885.73,-1674.1289,-1485.1289,-1579.6289,-1485.1289
162906.7,-1674.3809,-1485.3809,-1579.8809,-1485.3809
162927.69,-1674.6318,-1485.6318,-1580.1318,-1485.6318
162948.66,-1674.8838,-1485.8838,-1580.3838,-1485.8838
162969.64,-1675.1357,-1486.1357,-1580.6357,-1486.1357
162990.61,-1675.3872,-1486.3872,-1580.8872,-1486.3872
163011.6,-1675.6392,-1486.6392,-1581.1392,-1486.6392
163032.56,-1675.8906,-1486.8906,-1581.3906,-1486.8906
163053.55,-1676.1426,-1487.1426,-1581.6426,-1487.1426
163074.52,-1676.3945,-1487.3945,-1581.8945,-1487.3945
163095.5,-1676.646,-1487.646,-1582.146,-1487.646
163116.47,-1676.898,-1487.898,-1582.398,-1487.898
163137.45,-1677.1494,-1488.1494,-1582.6494,-1488.1494
163158.42,-1677.4009,-1488.4009,-1582.9009,-1488.4009
163179.4,-1677.6528,-1488.6528,-1583.1528,-1488.6528
163200.39,-1677.9048,-1488.9048,-1583.4048,-1488.9048
163221.36,-1678.1562,-1489.1562,-1583.6562,-1489.1562
163242.34,-1678.4082,-1489.4082,-1583.9082,-1489.4082
163263.31,-1678.6597,-1489.6597,-1584.1597,-1489.6597
163284.3,-1678.9116,-1489.9116,-1584.4116,-1489.9116
163305.27,-1679.1636,-1490.1636,-1584.6636,-1490.1636
163326.25,-1679.415,-1490.415,-1584.915,-1490.415
163347.22,-1679.6665,-1490.6665,-1585.1665,-1490.6665
163368.2,-1679.9185,-1490.9185,-1585.4185,-1490.9185
163389.17,-1680.1699,-1491.1699,-1585.6699,-1491.1699
163410.16,-1680.4219,-1491.4219,-1585.9219,-1491.4219
163431.12,-1680.6733,-1491.6733,-1586.1733,-1491.6733
163452.11,-1680.9253,-1491.9253,-1586.4253,-1491.9253
163473.08,-1681.1772,-1492.1772,-1586.6772,-1492.1772
163494.06,-1681.4287,-1492.4287,-1586.9287,-1492.4287
163515.03,-1681.6807,-1492.6807,-1587.1807,-1492.6807
163536.02,-1681.9321,-1492.9321,-1587.4321,-1492.9321
163556.98,-1682.1836,-1493.1836,-1587.6836,-1493.1836
163577.97,-1682.4355,-1493.4355,-1587.9355,-1493.4355
163598.94,-1682.687,-1493.687,-1588.187,-1493.687
163619.92,-1682.939,-1493.939,-1588.439,-1493.939
163640.89,-1683.1909,-1494.1909,-1588.6909,-1494.1909
163661.88,-1683.4424,-1494.4424,-1588.9424,-1494.4424
163682.86,-1683.6943,-1494.6943,-1589.1943,-1494.6943
163703.83,-1683.9463,-1494.9463,-1589.4463,-1494.9463
163724.81,-1684.1978,-1495.1978,-1589.6978,-1495.1978
163745.78,-1684.4492,-1495.4492,-1589.9492,-1495.4492
163766.77,-1684.7012,-1495.7012,-1590.2012,-1495.7012
163787.73,-1684.9526,-1495.9526,-1590.4526,-1495.9526
163808.72,-1685.2046,-1496.2046,-1590.7046,-1496.2046
163829.69,-1685.456,-1496.456,-1590.956,-1496.456
163850.67,-1685.708,-1496.708,-1591.208,-1496.708
163871.64,-1685.96,-1496.96,-1591.46,-1496.96
163892.62,-1686.2119,-1497.2119,-1591.7119,-1497.2119
163913.6,-1686.4634,-1497.4634,-1591.9634,-1497.4634
163934.58,-1686.7148,-1497.7148,-1592.2148,-1497.7148
163955.55,-1686.9663,-1497.9663,-1592.4663,-1497.9663
163976.53,-1687.2183,-1498.2183,-1592.7183,-1498.2183
163997.5,-1687.4697,-1498.4697,-1592.9697,-1498.4697
164018.48,-1687.7217,-1498.7217,-1593.2217,-1498.7217
164039.45,-1687.9736,-1498.9736,-1593.4736,-1498.9736
164060.44,-1688.2251,-1499.2251,-1593.7251,-1499.2251
164081.4,-1688.477,-1499.477,-1593.977,-1499.477
164102.39,-1688.729,-1499.729,-1594.229,-1499.729
164123.36,-1688.9805,-1499.9805,-1594.4805,-1499.9805
164144.34,-1689.2319,-1500.2319,-1594.7319,-1500.2319
164165.33,-1689.4839,-1500.4839,-1594.9839,-1500.4839
164186.3,-1689.7354,-1500.7354,-1595.2354,-1500.7354
164207.28,-1689.9873,-1500.9873,-1595.4873,-1500.9873
164228.25,-1690.2388,-1501.2388,-1595.7388,-1501.2388
164249.23,-1690.4907,-1501.4907,-1595.9907,-1501.4907
164270.2,-1690.7427,-1501.7427,-1596.2427,-1501.7427
164291.19,-1690.9946,-1501.9946,-1596.4946,-1501.9946
164312.16,-1691.2461,-1502.2461,-1596.7461,-1502.2461
164333.14,-1691.4976,-1502.4976,-1596.9976,-1502.4976
164354.11,-1691.749,-1502.749,-1597.249,-1502.749
164375.1,-1692.001,-1503.001,-1597.501,-1503.001
164396.06,-1692.2524,-1503.2524,-1597.7524,-1503.2524
164417.05,-1692.5044,-1503.5044,-1598.0044,-1503.5044
164438.02,-1692.7563,-1503.7563,-1598.2563,-1503.7563
164459.0,-1693.0083,-1504.0083,-1598.5083,-1504.0083
164479.97,-1693.2598,-1504.2598,-1598.7598,-1504.2598
164500.95,-1693.5117,-1504.5117,-1599.0117,-1504.5117
164521.92,-1693.7632,-1504.7632,-1599.2632,-1504.7632
164542.9,-1694.0146,-1505.0146,-1599.5146,-1505.0146
164563.88,-1694.2661,-1505.2661,-1599.7661,-1505.2661
164584.86,-1694.5181,-1505.5181,-1600.0181,-1505.5181
164605.84,-1694.77,-1505.77,-1600.27,-1505.77
164626.81,-1695.0215,-1506.0215,-1600.5215,-1506.0215
164647.8,-1695.2734,-1506.2734,-1600.7734,-1506.2734
164668.77,-1695.5254,-1506.5254,-1601.0254,-1506.5254
164689.75,-1695.7773,-1506.7773,-1601.2773,-1506.7773
164710.72,-1696.0288,-1507.0288,-1601.5288,-1507.0288
164731.7,-1696.2808,-1507.2808,-1601.7808,-1507.2808
164752.67,-1696.5317,-1507.5317,-1602.0317,-1507.5317
164773.66,-1696.7837,-1507.7837,-1602.2837,-1507.7837
164794.62,-1697.0352,-1508.0352,-1602.5352,-1508.0352
164815.61,-1697.2871,-1508.2871,-1602.7871,-1508.2871
164836.58,-1697.5391,-1508.5391,-1603.0391,-1508.5391
164857.56,-1697.791,-1508.791,-1603.291,-1508.791
164878.53,-1698.0425,-1509.0425,-1603.5425,-1509.0425
164899.52,-1698.2944,-1509.2944,-1603.7944,-1509.2944
164920.48,-1698.5459,-1509.5459,-1604.0459,-1509.5459
164941.47,-1698.7979,-1509.7979,-1604.2979,-1509.7979
164962.44,-1699.0488,-1510.0488,-1604.5488,-1510.0488
164983.42,-1699.3008,-1510.3008,-1604.8008,-1510.3008
165004.39,-1699.5527,-1510.5527,-1605.0527,-1510.5527
165025.38,-1699.8047,-1510.8047,-1605.3047,-1510.8047
165046.34,-1700.0562,-1511.0562,-1605.5562,-1511.0562
165067.33,-1700.3081,-1511.3081,-1605.8081,-1511.3081
165088.31,-1700.56,-1511.56,-1606.06,-1511.56
165109.28,-1700.8115,-1511.8115,-1606.3115,-1511.8115
165130.27,-1701.0635,-1512.0635,-1606.5635,-1512.0635
165151.23,-1701.315,-1512.315,-1606.815,-1512.315
165172.22,-1701.5664,-1512.5664,-1607.0664,-1512.5664
165193.19,-1701.8179,-1512.8179,-1607.3179,-1512.8179
165214.17,-1702.0698,-1513.0698,-1607.5698,-1513.0698
165235.14,-1702.3218,-1513.3218,-1607.8218,-1513.3218
165256.12,-1702.5737,-1513.5737,-1608.0737,-1513.5737
165277.1,-1702.8252,-1513.8252,-1608.3252,-1513.8252
165298.08,-1703.0771,-1514.0771,-1608.5771,-1514.0771
165319.05,-1703.3286,-1514.3286,-1608.8286,-1514.3286
165340.03,-1703.5806,-1514.5806,-1609.0806,-1514.5806
165361.0,-1703.832,-1514.832,-1609.332,-1514.832
165381.98,-1704.0835,-1515.0835,-1609.5835,-1515.0835
165402.95,-1704.3354,-1515.3354,-1609.8354,-1515.3354
165423.94,-1704.5874,-1515.5874,-1610.0874,-1515.5874
165444.9,-1704.8389,-1515.8389,-1610.3389,-1515.8389
165465.89,-1705.0908,-1516.0908,-1610.5908,-1516.0908
165486.86,-1705.3423,-1516.3423,-1610.8423,-1516.3423
165507.84,-1705.5942,-1516.5942,-1611.0942,-1516.5942
165528.81,-1705.8457,-1516.8457,-1611.3457,-1516.8457
165549.8,-1706.0977,-1517.0977,-1611.5977,-1517.0977
165570.78,-1706.3491,-1517.3491,-1611.8491,-1517.3491
165591.75,-1706.6006,-1517.6006,-1612.1006,-1517.6006
165612.73,-1706.8525,-1517.8525,-1612.3525,-1517.8525
165633.7,-1707.1045,-1518.1045,-1612.6045,-1518.1045
165654.69,-1707.3564,-1518.3564,-1612.8564,-1518.3564
165675.66,-1707.6079,-1518.6079,-1613.1079,-1518.6079
165696.64,-1707.8599,-1518.8599,-1613.3599,-1518.8599
165717.61,-1708.1113,-1519.1113,-1613.6113,-1519.1113
165738.6,-1708.3633,-1519.3633,-1613.8633,-1519.3633
165759.56,-1708.6147,-1519.6147,-1614.1147,-1519.6147
165780.55,-1708.8662,-1519.8662,-1614.3662,-1519.8662
165801.52,-1709.1182,-1520.1182,-1614.6182,-1520.1182
165822.5,-1709.3701,-1520.3701,-1614.8701,-1520.3701
165843.47,-1709.6216,-1520.6216,-1615.1216,-1520.6216
165864.45,-1709.8735,-1520.8735,-1615.3735,-1520.8735
165885.42,-1710.125,-1521.125,-1615.625,-1521.125
165906.4,-1710.377,-1521.377,-1615.877,-1521.377
165927.38,-1710.6284,-1521.6284,-1616.1284,-1521.6284
165948.36,-1710.8804,-1521.8804,-1616.3804,-1521.8804
165969.33,-1711.1323,-1522.1323,-1616.6323,-1522.1323
165990.31,-1711.3838,-1522.3838,-1616.8838,-1522.3838
166011.3,-1711.6353,-1522.6353,-1617.1353,-1522.6353
166032.27,-1711.8872,-1522.8872,-1617.3872,-1522.8872
166053.25,-1712.1392,-1523.1392,-1617.6392,-1523.1392
166074.22,-1712.3906,-1523.3906,-1617.8906,-1523.3906
166095.2,-1712.6426,-1523.6426,-1618.1426,-1523.6426
166116.17,-1712.894,-1523.894,-1618.394,-1523.894
166137.16,-1713.146,-1524.146,-1618.646,-1524.146
166158.12,-1713.3975,-1524.3975,-1618.8975,-1524.3975
166179.11,-1713.6489,-1524.6489,-1619.1489,-1524.6489
166200.08,-1713.9009,-1524.9009,-1619.4009,-1524.9009
166221.06,-1714.1528,-1525.1528,-1619.6528,-1525.1528
166242.03,-1714.4043,-1525.4043,-1619.9043,-1525.4043
166263.02,-1714.6562,-1525.6562,-1620.1562,-1525.6562
166283.98,-1714.9077,-1525.9077,-1620.4077,-1525.9077
166304.97,-1715.1597,-1526.1597,-1620.6597,-1526.1597
166325.94,-1715.4111,-1526.4111,-1620.9111,-1526.4111
166346.92,-1715.6631,-1526.6631,-1621.1631,-1526.6631
166367.89,-1715.915,-1526.915,-1621.415,-1526.915
166388.88,-1716.1665,-1527.1665,-1621.6665,-1527.1665
166409.84,-1716.418,-1527.418,-1621.918,-1527.418
166430.83,-1716.6699,-1527.6699,-1622.1699,-1527.6699
166451.8,-1716.9214,-1527.9214,-1622.4214,-1527.9214
166472.78,-1717.1733,-1528.1733,-1622.6733,-1528.1733
166493.77,-1717.4253,-1528.4253,-1622.9253,-1528.4253
166514.73,-1717.6768,-1528.6768,-1623.1768,-1528.6768
166535.72,-1717.9287,-1528.9287,-1623.4287,-1528.9287
166556.69,-1718.1807,-1529.1807,-1623.6807,-1529.1807
166577.67,-1718.4316,-1529.4316,-1623.9316,-1529.4316
166598.64,-1718.6836,-1529.6836,-1624.1836,-1529.6836
166619.62,-1718.9355,-1529.9355,-1624.4355,-1529.9355
166640.6,-1719.187,-1530.187,-1624.687,-1530.187
166661.58,-1719.439,-1530.439,-1624.939,-1530.439
166682.55,-1719.6904,-1530.6904,-1625.1904,-1530.6904
166703.53,-1719.9424,-1530.9424,-1625.4424,-1530.9424
166724.5,-1720.1938,-1531.1938,-1625.6938,-1531.1938
166745.48,-1720.4458,-1531.4458,-1625.9458,-1531.4458
166766.45,-1720.6978,-1531.6978,-1626.1978,-1531.6978
166787.44,-1720.9492,-1531.9492,-1626.4492,-1531.9492
166808.4,-1721.2007,-1532.2007,-1626.7007,-1532.2007
166829.39,-1721.4526,-1532.4526,-1626.9526,-1532.4526
166850.36,-1721.7041,-1532.7041,-1627.2041,-1532.7041
166871.34,-1721.956,-1532.956,-1627.456,-1532.956
166892.31,-1722.2075,-1533.2075,-1627.7075,-1533.2075
166913.3,-1722.4595,-1533.4595,-1627.9595,-1533.4595
166934.28,-1722.7114,-1533.7114,-1628.2114,-1533.7114
166955.25,-1722.9634,-1533.9634,-1628.4634,-1533.9634
166976.23,-1723.2148,-1534.2148,-1628.7148,-1534.2148
166997.2,-1723.4663,-1534.4663,-1628.9663,-1534.4663
167018.19,-1723.7183,-1534.7183,-1629.2183,-1534.7183
167039.16,-1723.9697,-1534.9697,-1629.4697,-1534.9697
167060.14,-1724.2217,-1535.2217,-1629.7217,-1535.2217
167081.11,-1724.4731,-1535.4731,-1629.9731,-1535.4731
167102.1,-1724.7251,-1535.7251,-1630.2251,-1535.7251
167123.06,-1724.977,-1535.977,-1630.477,-1535.977
167144.05,-1725.2285,-1536.2285,-1630.7285,-1536.2285
167165.02,-1725.4805,-1536.4805,-1630.9805,-1536.4805
167186.0,-1725.7324,-1536.7324,-1631.2324,-1536.7324
167206.97,-1725.9834,-1536.9834,-1631.4834,-1536.9834
167227.95,-1726.2354,-1537.2354,-1631.7354,-1537.2354
167248.92,-1726.4868,-1537.4868,-1631.9868,-1537.4868
167269.9,-1726.7388,-1537.7388,-1632.2388,-1537.7388
167290.88,-1726.9902,-1537.9902,-1632.4902,-1537.9902
167311.86,-1727.2422,-1538.2422,-1632.7422,-1538.2422
167332.83,-1727.4941,-1538.4941,-1632.9941,-1538.4941
167353.81,-1727.7461,-1538.7461,-1633.2461,-1538.7461
167374.78,-1727.9976,-1538.9976,-1633.4976,-1538.9976
167395.77,-1728.2495,-1539.2495,-1633.7495,-1539.2495
167416.75,-1728.501,-1539.501,-1634.001,-1539.501
167437.72,-1728.7524,-1539.7524,-1634.2524,-1539.7524
167458.7,-1729.0044,-1540.0044,-1634.5044,-1540.0044
167479.67,-1729.2559,-1540.2559,-1634.7559,-1540.2559
167500.66,-1729.5078,-1540.5078,-1635.0078,-1540.5078
167521.62,-1729.7598,-1540.7598,-1635.2598,-1540.7598
167542.61,-1730.0112,-1541.0112,-1635.5112,-1541.0112
167563.58,-1730.2632,-1541.2632,-1635.7632,-1541.2632
167584.56,-1730.5151,-1541.5151,-1636.0151,-1541.5151
167605.53,-1730.7666,-1541.7666,-1636.2666,-1541.7666
167626.52,-1731.0181,-1542.0181,-1636.5181,-1542.0181
167647.48,-1731.2695,-1542.2695,-1636.7695,-1542.2695
167668.47,-1731.5215,-1542.5215,-1637.0215,-1542.5215
167689.44,-1731.7734,-1542.7734,-1637.2734,-1542.7734
167710.42,-1732.0249,-1543.0249,-1637.5249,-1543.0249
167731.39,-1732.2769,-1543.2769,-1637.7769,-1543.2769
167752.38,-1732.5288,-1543.5288,-1638.0288,-1543.5288
167773.34,-1732.7803,-1543.7803,-1638.2803,-1543.7803
167794.33,-1733.0322,-1544.0322,-1638.5322,-1544.0322
167815.3,-1733.2837,-1544.2837,-1638.7837,-1544.2837
167836.28,-1733.5352,-1544.5352,-1639.0352,-1544.5352
167857.25,-1733.7866,-1544.7866,-1639.2866,-1544.7866
167878.23,-1734.0386,-1545.0386,-1639.5386,-1545.0386
167899.22,-1734.2905,-1545.2905,-1639.7905,-1545.2905
167920.19,-1734.5425,-1545.5425,-1640.0425,-1545.5425
167941.17,-1734.794,-1545.794,-1640.294,-1545.794
167962.14,-1735.0459,-1546.0459,-1640.5459,-1546.0459
167983.12,-1735.2979,-1546.2979,-1640.7979,-1546.2979
168004.1,-1735.5493,-1546.5493,-1641.0493,-1546.5493
168025.08,-1735.8008,-1546.8008,-1641.3008,-1546.8008
168046.05,-1736.0522,-1547.0522,-1641.5522,-1547.0522
168067.03,-1736.3042,-1547.3042,-1641.8042,-1547.3042
168088.0,-1736.5562,-1547.5562,-1642.0562,-1547.5562
168108.98,-1736.8076,-1547.8076,-1642.3076,-1547.8076
168129.95,-1737.0596,-1548.0596,-1642.5596,-1548.0596
168150.94,-1737.3115,-1548.3115,-1642.8115,-1548.3115
168171.9,-1737.563,-1548.563,-1643.063,-1548.563
168192.89,-1737.815,-1548.815,-1643.315,-1548.815
168213.86,-1738.0664,-1549.0664,-1643.5664,-1549.0664
168234.84,-1738.3179,-1549.3179,-1643.8179,-1549.3179
168255.81,-1738.5693,-1549.5693,-1644.0693,-1549.5693
168276.8,-1738.8213,-1549.8213,-1644.3213,-1549.8213
168297.77,-1739.0732,-1550.0732,-1644.5732,-1550.0732
168318.75,-1739.3252,-1550.3252,-1644.8252,-1550.3252
168339.73,-1739.5767,-1550.5767,-1645.0767,-1550.5767
168360.7,-1739.8286,-1550.8286,-1645.3286,-1550.8286
168381.69,-1740.0806,-1551.0806,-1645.5806,-1551.0806
168402.66,-1740.332,-1551.332,-1645.832,-1551.332
168423.64,-1740.5835,-1551.5835,-1646.0835,-1551.5835
168444.61,-1740.835,-1551.835,-1646.335,-1551.835
168465.6,-1741.0869,-1552.0869,-1646.5869,-1552.0869
168486.56,-1741.3389,-1552.3389,-1646.8389,-1552.3389
168507.55,-1741.5903,-1552.5903,-1647.0903,-1552.5903
168528.52,-1741.8423,-1552.8423,-1647.3423,-1552.8423
168549.5,-1742.0942,-1553.0942,-1647.5942,-1553.0942
168570.47,-1742.3457,-1553.3457,-1647.8457,-1553.3457
168591.45,-1742.5977,-1553.5977,-1648.0977,-1553.5977
168612.42,-1742.8491,-1553.8491,-1648.3491,-1553.8491
168633.4,-1743.1006,-1554.1006,-1648.6006,-1554.1006
168654.38,-1743.3525,-1554.3525,-1648.8525,-1554.3525
168675.36,-1743.604,-1554.604,-1649.104,-1554.604
168696.33,-1743.856,-1554.856,-1649.356,-1554.856
168717.31,-1744.1079,-1555.1079,-1649.6079,-1555.1079
168738.28,-1744.3594,-1555.3594,-1649.8594,-1555.3594
168759.27,-1744.6113,-1555.6113,-1650.1113,-1555.6113
168780.23,-1744.8628,-1555.8628,-1650.3628,-1555.8628
168801.22,-1745.1147,-1556.1147,-1650.6147,-1556.1147
168822.2,-1745.3662,-1556.3662,-1650.8662,-1556.3662
168843.17,-1745.6177,-1556.6177,-1651.1177,-1556.6177
168864.16,-1745.8696,-1556.8696,-1651.3696,-1556.8696
168885.12,-1746.1216,-1557.1216,-1651.6216,-1557.1216
168906.11,-1746.373,-1557.373,-1651.873,-1557.373
168927.08,-1746.625,-1557.625,-1652.125,-1557.625
168948.06,-1746.877,-1557.877,-1652.377,-1557.877
168969.03,-1747.1284,-1558.1284,-1652.6284,-1558.1284
168990.02,-1747.3804,-1558.3804,-1652.8804,-1558.3804
169010.98,-1747.6318,-1558.6318,-1653.1318,-1558.6318
169031.97,-1747.8833,-1558.8833,-1653.3833,-1558.8833
169052.94,-1748.1353,-1559.1353,-1653.6353,-1559.1353
169073.92,-1748.3867,-1559.3867,-1653.8867,-1559.3867
169094.89,-1748.6387,-1559.6387,-1654.1387,-1559.6387
169115.88,-1748.8906,-1559.8906,-1654.3906,-1559.8906
169136.84,-1749.1421,-1560.1421,-1654.6421,-1560.1421
169157.83,-1749.394,-1560.394,-1654.894,-1560.394
169178.8,-1749.6455,-1560.6455,-1655.1455,-1560.6455
169199.78,-1749.8975,-1560.8975,-1655.3975,-1560.8975
169220.75,-1750.1494,-1561.1494,-1655.6494,-1561.1494
169241.73,-1750.4004,-1561.4004,-1655.9004,-1561.4004
169262.7,-1750.6523,-1561.6523,-1656.1523,-1561.6523
169283.69,-1750.9043,-1561.9043,-1656.4043,-1561.9043
169304.67,-1751.1562,-1562.1562,-1656.6562,-1562.1562
169325.64,-1751.4077,-1562.4077,-1656.9077,-1562.4077
169346.62,-1751.6597,-1562.6597,-1657.1597,-1562.6597
169367.6,-1751.9111,-1562.9111,-1657.4111,-1562.9111
169388.58,-1752.1631,-1563.1631,-1657.6631,-1563.1631
169409.55,-1752.4146,-1563.4146,-1657.9146,-1563.4146
169430.53,-1752.6665,-1563.6665,-1658.1665,-1563.6665
169451.5,-1752.918,-1563.918,-1658.418,-1563.918
169472.48,-1753.1694,-1564.1694,-1658.6694,-1564.1694
169493.45,-1753.4214,-1564.4214,-1658.9214,-1564.4214
169514.44,-1753.6733,-1564.6733,-1659.1733,-1564.6733
169535.4,-1753.9248,-1564.9248,-1659.4248,-1564.9248
169556.39,-1754.1768,-1565.1768,-1659.6768,-1565.1768
169577.36,-1754.4282,-1565.4282,-1659.9282,-1565.4282
169598.34,-1754.6802,-1565.6802,-1660.1802,-1565.6802
169619.31,-1754.9321,-1565.9321,-1660.4321,-1565.9321
169640.3,-1755.1836,-1566.1836,-1660.6836,-1566.1836
169661.27,-1755.435,-1566.435,-1660.935,-1566.435
169682.25,-1755.687,-1566.687,-1661.187,-1566.687
169703.22,-1755.9385,-1566.9385,-1661.4385,-1566.9385
169724.2,-1756.1904,-1567.1904,-1661.6904,-1567.1904
169745.19,-1756.4424,-1567.4424,-1661.9424,-1567.4424
169766.16,-1756.6938,-1567.6938,-1662.1938,-1567.6938
169787.14,-1756.9458,-1567.9458,-1662.4458,-1567.9458
169808.11,-1757.1973,-1568.1973,-1662.6973,-1568.1973
169829.1,-1757.4492,-1568.4492,-1662.9492,-1568.4492
169850.06,-1757.7012,-1568.7012,-1663.2012,-1568.7012
169871.05,-1757.9521,-1568.9521,-1663.4521,-1568.9521
169892.02,-1758.2041,-1569.2041,-1663.7041,-1569.2041
169913.0,-1758.456,-1569.456,-1663.956,-1569.456
169933.97,-1758.7075,-1569.7075,-1664.2075,-1569.7075
169954.95,-1758.9595,-1569.9595,-1664.4595,-1569.9595
169975.92,-1759.2109,-1570.2109,-1664.7109,-1570.2109
169996.9,-1759.4629,-1570.4629,-1664.9629,-1570.4629
170017.88,-1759.7148,-1570.7148,-1665.2148,-1570.7148
170038.86,-1759.9663,-1570.9663,-1665.4663,-1570.9663
170059.83,-1760.2183,-1571.2183,-1665.7183,-1571.2183
170080.81,-1760.4697,-1571.4697,-1665.9697,-1571.4697
170101.78,-1760.7212,-1571.7212,-1666.2212,-1571.7212
170122.77,-1760.9731,-1571.9731,-1666.4731,-1571.9731
170143.73,-1761.2246,-1572.2246,-1666.7246,-1572.2246
170164.72,-1761.4766,-1572.4766,-1666.9766,-1572.4766
170185.69,-1761.7285,-1572.7285,-1667.2285,-1572.7285
170206.67,-1761.98,-1572.98,-1667.48,-1572.98
170227.66,-1762.2319,-1573.2319,-1667.7319,-1573.2319
170248.62,-1762.4839,-1573.4839,-1667.9839,-1573.4839
170269.61,-1762.7354,-1573.7354,-1668.2354,-1573.7354
170290.58,-1762.9868,-1573.9868,-1668.4868,-1573.9868
170311.56,-1763.2388,-1574.2388,-1668.7388,-1574.2388
170332.53,-1763.4902,-1574.4902,-1668.9902,-1574.4902
170353.52,-1763.7422,-1574.7422,-1669.2422,-1574.7422
170374.48,-1763.9937,-1574.9937,-1669.4937,-1574.9937
170395.47,-1764.2456,-1575.2456,-1669.7456,-1575.2456
170416.44,-1764.4976,-1575.4976,-1669.9976,-1575.4976
170437.42,-1764.749,-1575.749,-1670.249,-1575.749
170458.39,-1765.001,-1576.001,-1670.501,-1576.001
170479.38,-1765.2524,-1576.2524,-1670.7524,-1576.2524
170500.34,-1765.5039,-1576.5039,-1671.0039,-1576.5039
170521.33,-1765.7559,-1576.7559,-1671.2559,-1576.7559
170542.3,-1766.0073,-1577.0073,-1671.5073,-1577.0073
170563.28,-1766.2593,-1577.2593,-1671.7593,-1577.2593
170584.25,-1766.5112,-1577.5112,-1672.0112,-1577.5112
170605.23,-1766.7627,-1577.7627,-1672.2627,-1577.7627
170626.2,-1767.0146,-1578.0146,-1672.5146,-1578.0146
170647.19,-1767.2666,-1578.2666,-1672.7666,-1578.2666
170668.16,-1767.5181,-1578.5181,-1673.0181,-1578.5181
170689.14,-1767.7695,-1578.7695,-1673.2695,-1578.7695
170710.12,-1768.0215,-1579.0215,-1673.5215,-1579.0215
170731.1,-1768.273,-1579.273,-1673.773,-1579.273
170752.08,-1768.5249,-1579.5249,-1674.0249,-1579.5249
170773.05,-1768.7764,-1579.7764,-1674.2764,-1579.7764
170794.03,-1769.0283,-1580.0283,-1674.5283,-1580.0283
170815.0,-1769.2803,-1580.2803,-1674.7803,-1580.2803
170835.98,-1769.5322,-1580.5322,-1675.0322,-1580.5322
170856.95,-1769.7837,-1580.7837,-1675.2837,-1580.7837
170877.94,-1770.0352,-1581.0352,-1675.5352,-1581.0352
170898.9,-1770.2866,-1581.2866,-1675.7866,-1581.2866
170919.89,-1770.5386,-1581.5386,-1676.0386,-1581.5386
170940.86,-1770.79,-1581.79,-1676.29,-1581.79
170961.84,-1771.042,-1582.042,-1676.542,-1582.042
170982.81,-1771.294,-1582.294,-1676.794,-1582.294
171003.8,-1771.5454,-1582.5454,-1677.0454,-1582.5454
171024.77,-1771.7974,-1582.7974,-1677.2974,-1582.7974
171045.75,-1772.0493,-1583.0493,-1677.5493,-1583.0493
171066.72,-1772.3008,-1583.3008,-1677.8008,-1583.3008
171087.7,-1772.5522,-1583.5522,-1678.0522,-1583.5522
171108.67,-1772.8037,-1583.8037,-1678.3037,-1583.8037
171129.66,-1773.0557,-1584.0557,-1678.5557,-1584.0557
171150.64,-1773.3076,-1584.3076,-1678.8076,-1584.3076
171171.61,-1773.5591,-1584.5591,-1679.0591,-1584.5591
171192.6,-1773.811,-1584.811,-1679.311,-1584.811
171213.56,-1774.063,-1585.063,-1679.563,-1585.063
171234.55,-1774.315,-1585.315,-1679.815,-1585.315
171255.52,-1774.5664,-1585.5664,-1680.0664,-1585.5664
171276.5,-1774.8179,-1585.8179,-1680.3179,-1585.8179
171297.47,-1775.0693,-1586.0693,-1680.5693,-1586.0693
171318.45,-1775.3213,-1586.3213,-1680.8213,-1586.3213
171339.42,-1775.5728,-1586.5728,-1681.0728,-1586.5728
171360.4,-1775.8247,-1586.8247,-1681.3247,-1586.8247
171381.38,-1776.0767,-1587.0767,-1681.5767,-1587.0767
171402.36,-1776.3286,-1587.3286,-1681.8286,-1587.3286
171423.33,-1776.5801,-1587.5801,-1682.0801,-1587.5801
171444.31,-1776.832,-1587.832,-1682.332,-1587.832
171465.28,-1777.0835,-1588.0835,-1682.5835,-1588.0835
171486.27,-1777.335,-1588.335,-1682.835,-1588.335
171507.23,-1777.5864,-1588.5864,-1683.0864,-1588.5864
171528.22,-1777.8384,-1588.8384,-1683.3384,-1588.8384
171549.19,-1778.0903,-1589.0903,-1683.5903,-1589.0903
171570.17,-1778.3418,-1589.3418,-1683.8418,-1589.3418
171591.14,-1778.5938,-1589.5938,-1684.0938,-1589.5938
171612.12,-1778.8457,-1589.8457,-1684.3457,-1589.8457
171633.11,-1779.0977,-1590.0977,-1684.5977,-1590.0977
171654.08,-1779.3491,-1590.3491,-1684.8491,-1590.3491
171675.06,-1779.6011,-1590.6011,-1685.1011,-1590.6011
171696.03,-1779.852,-1590.852,-1685.352,-1590.852
171717.02,-1780.104,-1591.104,-1685.604,-1591.104
171737.98,-1780.3555,-1591.3555,-1685.8555,-1591.3555
171758.97,-1780.6074,-1591.6074,-1686.1074,-1591.6074
171779.94,-1780.8594,-1591.8594,-1686.3594,-1591.8594
171800.92,-1781.1113,-1592.1113,-1686.6113,-1592.1113
171821.89,-1781.3628,-1592.3628,-1686.8628,-1592.3628
171842.88,-1781.6147,-1592.6147,-1687.1147,-1592.6147
171863.84,-1781.8662,-1592.8662,-1687.3662,-1592.8662
171884.83,-1782.1182,-1593.1182,-1687.6182,-1593.1182
171905.8,-1782.3691,-1593.3691,-1687.8691,-1593.3691
171926.78,-1782.6211,-1593.6211,-1688.1211,-1593.6211
171947.75,-1782.873,-1593.873,-1688.373,-1593.873
171968.73,-1783.125,-1594.125,-1688.625,-1594.125
171989.7,-1783.3765,-1594.3765,-1688.8765,-1594.3765
172010.69,-1783.6284,-1594.6284,-1689.1284,-1594.6284
172031.66,-1783.8799,-1594.8799,-1689.3799,-1594.8799
172052.64,-1784.1318,-1595.1318,-1689.6318,-1595.1318
172073.61,-1784.3833,-1595.3833,-1689.8833,-1595.3833
172094.6,-1784.6353,-1595.6353,-1690.1353,-1595.6353
172115.58,-1784.8867,-1595.8867,-1690.3867,-1595.8867
172136.55,-1785.1382,-1596.1382,-1690.6382,-1596.1382
172157.53,-1785.3901,-1596.3901,-1690.8901,-1596.3901
172178.5,-1785.6421,-1596.6421,-1691.1421,-1596.6421
172199.48,-1785.894,-1596.894,-1691.394,-1596.894
172220.45,-1786.1455,-1597.1455,-1691.6455,-1597.1455
172241.44,-1786.3975,-1597.3975,-1691.8975,-1597.3975
172262.4,-1786.6489,-1597.6489,-1692.1489,-1597.6489
172283.39,-1786.9009,-1597.9009,-1692.4009,-1597.9009
172304.36,-1787.1523,-1598.1523,-1692.6523,-1598.1523
172325.34,-1787.4038,-1598.4038,-1692.9038,-1598.4038
172346.31,-1787.6558,-1598.6558,-1693.1558,-1598.6558
172367.3,-1787.9077,-1598.9077,-1693.4077,-1598.9077
172388.27,-1788.1592,-1599.1592,-1693.6592,-1599.1592
172409.25,-1788.4111,-1599.4111,-1693.9111,-1599.4111
172430.22,-1788.6626,-1599.6626,-1694.1626,-1599.6626
172451.2,-1788.9146,-1599.9146,-1694.4146,-1599.9146
172472.17,-1789.166,-1600.166,-1694.666,-1600.166
172493.16,-1789.418,-1600.418,-1694.918,-1600.418
172514.12,-1789.6699,-1600.6699,-1695.1699,-1600.6699
172535.11,-1789.9209,-1600.9209,-1695.4209,-1600.9209
172556.1,-1790.1729,-1601.1729,-1695.6729,-1601.1729
172577.06,-1790.4248,-1601.4248,-1695.9248,-1601.4248
172598.05,-1790.6768,-1601.6768,-1696.1768,-1601.6768
172619.02,-1790.9282,-1601.9282,-1696.4282,-1601.9282
172640.0,-1791.1802,-1602.1802,-1696.6802,-1602.1802
172660.97,-1791.4316,-1602.4316,-1696.9316,-1602.4316
172681.95,-1791.6836,-1602.6836,-1697.1836,-1602.6836
172702.92,-1791.935,-1602.935,-1697.435,-1602.935
172723.9,-1792.1865,-1603.1865,-1697.6865,-1603.1865
172744.88,-1792.4385,-1603.4385,-1697.9385,-1603.4385
172765.86,-1792.6904,-1603.6904,-1698.1904,-1603.6904
172786.83,-1792.9419,-1603.9419,-1698.4419,-1603.9419
172807.81,-1793.1938,-1604.1938,-1698.6938,-1604.1938
172828.78,-1793.4453,-1604.4453,-1698.9453,-1604.4453
172849.77,-1793.6973,-1604.6973,-1699.1973,-1604.6973
172870.73,-1793.9487,-1604.9487,-1699.4487,-1604.9487
172891.72,-1794.2007,-1605.2007,-1699.7007,-1605.2007
172912.69,-1794.4526,-1605.4526,-1699.9526,-1605.4526
172933.67,-1794.7041,-1605.7041,-1700.2041,-1605.7041
172954.64,-1794.9556,-1605.9556,-1700.4556,-1605.9556
172975.62,-1795.2075,-1606.2075,-1700.7075,-1606.2075
172996.6,-1795.459,-1606.459,-1700.959,-1606.459
173017.58,-1795.7109,-1606.7109,-1701.2109,-1606.7109
173038.56,-1795.9629,-1606.9629,-1701.4629,-1606.9629
173059.53,-1796.2144,-1607.2144,-1701.7144,-1607.2144
173080.52,-1796.4663,-1607.4663,-1701.9663,-1607.4663
173101.48,-1796.7178,-1607.7178,-1702.2178,-1607.7178
173122.47,-1796.9692,-1607.9692,-1702.4692,-1607.9692
173143.44,-1797.2212,-1608.2212,-1702.7212,-1608.2212
173164.42,-1797.4731,-1608.4731,-1702.9731,-1608.4731
173185.39,-1797.7246,-1608.7246,-1703.2246,-1608.7246
173206.38,-1797.9766,-1608.9766,-1703.4766,-1608.9766
173227.34,-1798.228,-1609.228,-1703.728,-1609.228
173248.33,-1798.48,-1609.48,-1703.98,-1609.48
173269.3,-1798.7314,-1609.7314,-1704.2314,-1609.7314
173290.28,-1798.9834,-1609.9834,-1704.4834,-1609.9834
173311.25,-1799.2354,-1610.2354,-1704.7354,-1610.2354
173332.23,-1799.4868,-1610.4868,-1704.9868,-1610.4868
173353.2,-1799.7383,-1610.7383,-1705.2383,-1610.7383
173374.19,-1799.9902,-1610.9902,-1705.4902,-1610.9902
173395.16,-1800.2417,-1611.2417,-1705.7417,-1611.2417
173416.14,-1800.4937,-1611.4937,-1705.9937,-1611.4937
173437.11,-1800.7451,-1611.7451,-1706.2451,-1611.7451
173458.1,-1800.9971,-1611.9971,-1706.4971,-1611.9971
173479.06,-1801.249,-1612.249,-1706.749,-1612.249
173500.05,-1801.501,-1612.501,-1707.001,-1612.501
173521.03,-1801.752,-1612.752,-1707.252,-1612.752
173542.0,-1802.0039,-1613.0039,-1707.5039,-1613.0039
173562.98,-1802.2559,-1613.2559,-1707.7559,-1613.2559
173583.95,-1802.5073,-1613.5073,-1708.0073,-1613.5073
173604.94,-1802.7593,-1613.7593,-1708.2593,-1613.7593
173625.9,-1803.0107,-1614.0107,-1708.5107,-1614.0107
173646.89,-1803.2627,-1614.2627,-1708.7627,-1614.2627
173667.86,-1803.5142,-1614.5142,-1709.0142,-1614.5142
173688.84,-1803.7661,-1614.7661,-1709.2661,-1614.7661
173709.81,-1804.0181,-1615.0181,-1709.5181,-1615.0181
173730.8,-1804.2695,-1615.2695,-1709.7695,-1615.2695
173751.77,-1804.521,-1615.521,-1710.021,-1615.521
173772.75,-1804.773,-1615.773,-1710.273,-1615.773
173793.72,-1805.0244,-1616.0244,-1710.5244,-1616.0244
173814.7,-1805.2764,-1616.2764,-1710.7764,-1616.2764
173835.67,-1805.5278,-1616.5278,-1711.0278,-1616.5278
173856.66,-1805.7798,-1616.7798,-1711.2798,-1616.7798
173877.62,-1806.0317,-1617.0317,-1711.5317,-1617.0317
173898.61,-1806.2837,-1617.2837,-1711.7837,-1617.2837
173919.58,-1806.5352,-1617.5352,-1712.0352,-1617.5352
173940.56,-1806.7866,-1617.7866,-1712.2866,-1617.7866
173961.55,-1807.0386,-1618.0386,-1712.5386,-1618.0386
173982.52,-1807.29,-1618.29,-1712.79,-1618.29
174003.5,-1807.542,-1618.542,-1713.042,-1618.542
174024.47,-1807.7935,-1618.7935,-1713.2935,-1618.7935
174045.45,-1808.0454,-1619.0454,-1713.5454,-1619.0454
174066.42,-1808.2974,-1619.2974,-1713.7974,-1619.2974
174087.4,-1808.5488,-1619.5488,-1714.0488,-1619.5488
174108.38,-1808.8008,-1619.8008,-1714.3008,-1619.8008
174129.36,-1809.0527,-1620.0527,-1714.5527,-1620.0527
174150.33,-1809.3037,-1620.3037,-1714.8037,-1620.3037
174171.31,-1809.5557,-1620.5557,-1715.0557,-1620.5557
174192.28,-1809.8071,-1620.8071,-1715.3071,-1620.8071
174213.27,-1810.0591,-1621.0591,-1715.5591,-1621.0591
174234.23,-1810.3105,-1621.3105,-1715.8105,-1621.3105
174255.22,-1810.5625,-1621.5625,-1716.0625,-1621.5625
174276.19,-1810.8145,-1621.8145,-1716.3145,-1621.8145
174297.17,-1811.0664,-1622.0664,-1716.5664,-1622.0664
174318.14,-1811.3179,-1622.3179,-1716.8179,-1622.3179
174339.12,-1811.5698,-1622.5698,-1717.0698,-1622.5698
174360.1,-1811.8208,-1622.8208,-1717.3208,-1622.8208
174381.08,-1812.0728,-1623.0728,-1717.5728,-1623.0728
174402.05,-1812.3242,-1623.3242,-1717.8242,-1623.3242
174423.03,-1812.5762,-1623.5762,-1718.0762,-1623.5762
174444.02,-1812.8281,-1623.8281,-1718.3281,-1623.8281
174464.98,-1813.0801,-1624.0801,-1718.5801,-1624.0801
174485.97,-1813.3315,-1624.3315,-1718.8315,-1624.3315
174506.94,-1813.5835,-1624.5835,-1719.0835,-1624.5835
174527.92,-1813.8354,-1624.8354,-1719.3354,-1624.8354
174548.89,-1814.0869,-1625.0869,-1719.5869,-1625.0869
174569.88,-1814.3384,-1625.3384,-1719.8384,-1625.3384
174590.84,-1814.5898,-1625.5898,-1720.0898,-1625.5898
174611.83,-1814.8418,-1625.8418,-1720.3418,-1625.8418
174632.8,-1815.0938,-1626.0938,-1720.5938,-1626.0938
174653.78,-1815.3452,-1626.3452,-1720.8452,-1626.3452
174674.75,-1815.5972,-1626.5972,-1721.0972,-1626.5972
174695.73,-1815.8491,-1626.8491,-1721.3491,-1626.8491
174716.7,-1816.1006,-1627.1006,-1721.6006,-1627.1006
174737.69,-1816.3525,-1627.3525,-1721.8525,-1627.3525
174758.66,-1816.604,-1627.604,-1722.104,-1627.604
174779.64,-1816.8555,-1627.8555,-1722.3555,-1627.8555
174800.61,-1817.1069,-1628.1069,-1722.6069,-1628.1069
174821.6,-1817.3589,-1628.3589,-1722.8589,-1628.3589
174842.56,-1817.6108,-1628.6108,-1723.1108,-1628.6108
174863.55,-1817.8628,-1628.8628,-1723.3628,-1628.8628
174884.53,-1818.1143,-1629.1143,-1723.6143,-1629.1143
174905.5,-1818.3662,-1629.3662,-1723.8662,-1629.3662
174926.48,-1818.6182,-1629.6182,-1724.1182,-1629.6182
174947.45,-1818.8696,-1629.8696,-1724.3696,-1629.8696
174968.44,-1819.1211,-1630.1211,-1724.6211,-1630.1211
174989.4,-1819.3726,-1630.3726,-1724.8726,-1630.3726
175010.39,-1819.6245,-1630.6245,-1725.1245,-1630.6245
175031.36,-1819.8765,-1630.8765,-1725.3765,-1630.8765
175052.34,-1820.1279,-1631.1279,-1725.6279,-1631.1279
175073.31,-1820.3799,-1631.3799,-1725.8799,-1631.3799
175094.3,-1820.6318,-1631.6318,-1726.1318,-1631.6318
175115.27,-1820.8833,-1631.8833,-1726.3833,-1631.8833
175136.25,-1821.1353,-1632.1353,-1726.6353,-1632.1353
175157.22,-1821.3867,-1632.3867,-1726.8867,-1632.3867
175178.2,-1821.6382,-1632.6382,-1727.1382,-1632.6382
175199.17,-1821.8896,-1632.8896,-1727.3896,-1632.8896
175220.16,-1822.1416,-1633.1416,-1727.6416,-1633.1416
175241.12,-1822.3936,-1633.3936,-1727.8936,-1633.3936
175262.11,-1822.6455,-1633.6455,-1728.1455,-1633.6455
175283.08,-1822.897,-1633.897,-1728.397,-1633.897
175304.06,-1823.1489,-1634.1489,-1728.6489,-1634.1489
175325.03,-1823.4004,-1634.4004,-1728.9004,-1634.4004
175346.02,-1823.6523,-1634.6523,-1729.1523,-1634.6523
175367.0,-1823.9038,-1634.9038,-1729.4038,-1634.9038
175387.97,-1824.1553,-1635.1553,-1729.6553,-1635.1553
175408.95,-1824.4072,-1635.4072,-1729.9072,-1635.4072
175429.92,-1824.6592,-1635.6592,-1730.1592,-1635.6592
175450.9,-1824.9106,-1635.9106,-1730.4106,-1635.9106
175471.88,-1825.1626,-1636.1626,-1730.6626,-1636.1626
175492.86,-1825.4146,-1636.4146,-1730.9146,-1636.4146
175513.83,-1825.666,-1636.666,-1731.166,-1636.666
175534.81,-1825.918,-1636.918,-1731.418,-1636.918
175555.78,-1826.1694,-1637.1694,-1731.6694,-1637.1694
175576.77,-1826.4209,-1637.4209,-1731.9209,-1637.4209
175597.73,-1826.6729,-1637.6729,-1732.1729,-1637.6729
175618.72,-1826.9243,-1637.9243,-1732.4243,-1637.9243
175639.69,-1827.1763,-1638.1763,-1732.6763,-1638.1763
175660.67,-1827.4282,-1638.4282,-1732.9282,-1638.4282
175681.64,-1827.6797,-1638.6797,-1733.1797,-1638.6797
175702.62,-1827.9316,-1638.9316,-1733.4316,-1638.9316
175723.6,-1828.1831,-1639.1831,-1733.6831,-1639.1831
175744.58,-1828.435,-1639.435,-1733.935,-1639.435
175765.55,-1828.6865,-1639.6865,-1734.1865,-1639.6865
175786.53,-1828.938,-1639.938,-1734.438,-1639.938
175807.5,-1829.19,-1640.19,-1734.69,-1640.19
175828.48,-1829.4419,-1640.4419,-1734.9419,-1640.4419
175849.47,-1829.6934,-1640.6934,-1735.1934,-1640.6934
175870.44,-1829.9453,-1640.9453,-1735.4453,-1640.9453
175891.42,-1830.1973,-1641.1973,-1735.6973,-1641.1973
175912.39,-1830.4487,-1641.4487,-1735.9487,-1641.4487
175933.38,-1830.7007,-1641.7007,-1736.2007,-1641.7007
175954.34,-1830.9521,-1641.9521,-1736.4521,-1641.9521
175975.33,-1831.2036,-1642.2036,-1736.7036,-1642.2036
175996.3,-1831.4556,-1642.4556,-1736.9556,-1642.4556
176017.28,-1831.707,-1642.707,-1737.207,-1642.707
176038.25,-1831.959,-1642.959,-1737.459,-1642.959
176059.23,-1832.2109,-1643.2109,-1737.7109,-1643.2109
176080.2,-1832.4624,-1643.4624,-1737.9624,-1643.4624
176101.19,-1832.7144,-1643.7144,-1738.2144,-1643.7144
176122.16,-1832.9658,-1643.9658,-1738.4658,-1643.9658
176143.14,-1833.2178,-1644.2178,-1738.7178,-1644.2178
176164.11,-1833.4697,-1644.4697,-1738.9697,-1644.4697
176185.1,-1833.7207,-1644.7207,-1739.2207,-1644.7207
176206.06,-1833.9727,-1644.9727,-1739.4727,-1644.9727
176227.05,-1834.2246,-1645.2246,-1739.7246,-1645.2246
176248.02,-1834.4761,-1645.4761,-1739.9761,-1645.4761
176269.0,-1834.728,-1645.728,-1740.228,-1645.728
176289.98,-1834.98,-1645.98,-1740.48,-1645.98
176310.95,-1835.2314,-1646.2314,-1740.7314,-1646.2314
176331.94,-1835.4834,-1646.4834,-1740.9834,-1646.4834
176352.9,-1835.7349,-1646.7349,-1741.2349,-1646.7349
176373.89,-1835.9868,-1646.9868,-1741.4868,-1646.9868
176394.86,-1836.2383,-1647.2383,-1741.7383,-1647.2383
176415.84,-1836.4897,-1647.4897,-1741.9897,-1647.4897
176436.81,-1836.7417,-1647.7417,-1742.2417,-1647.7417
176457.8,-1836.9937,-1647.9937,-1742.4937,-1647.9937
176478.77,-1837.2451,-1648.2451,-1742.7451,-1648.2451
176499.75,-1837.4971,-1648.4971,-1742.9971,-1648.4971
176520.72,-1837.7485,-1648.7485,-1743.2485,-1648.7485
176541.7,-1838.0005,-1649.0005,-1743.5005,-1649.0005
176562.67,-1838.2524,-1649.2524,-1743.7524,-1649.2524
176583.66,-1838.5039,-1649.5039,-1744.0039,-1649.5039
176604.62,-1838.7554,-1649.7554,-1744.2554,-1649.7554
176625.61,-1839.0073,-1650.0073,-1744.5073,-1650.0073
176646.58,-1839.2588,-1650.2588,-1744.7588,-1650.2588
176667.56,-1839.5107,-1650.5107,-1745.0107,-1650.5107
176688.53,-1839.7622,-1650.7622,-1745.2622,-1650.7622
176709.52,-1840.0142,-1651.0142,-1745.5142,-1651.0142
176730.48,-1840.2661,-1651.2661,-1745.7661,-1651.2661
176751.47,-1840.5176,-1651.5176,-1746.0176,-1651.5176
176772.45,-1840.7695,-1651.7695,-1746.2695,-1651.7695
176793.42,-1841.0215,-1652.0215,-1746.5215,-1652.0215
176814.4,-1841.2725,-1652.2725,-1746.7725,-1652.2725
176835.38,-1841.5244,-1652.5244,-1747.0244,-1652.5244
176856.36,-1841.7764,-1652.7764,-1747.2764,-1652.7764
176877.33,-1842.0278,-1653.0278,-1747.5278,-1653.0278
176898.31,-1842.2798,-1653.2798,-1747.7798,-1653.2798
176919.28,-1842.5312,-1653.5312,-1748.0312,-1653.5312
176940.27,-1842.7832,-1653.7832,-1748.2832,-1653.7832
176961.23,-1843.0352,-1654.0352,-1748.5352,-1654.0352
176982.22,-1843.2866,-1654.2866,-1748.7866,-1654.2866
177003.19,-1843.5386,-1654.5386,-1749.0386,-1654.5386
177024.17,-1843.79,-1654.79,-1749.29,-1654.79
177045.14,-1844.0415,-1655.0415,-1749.5415,-1655.0415
177066.12,-1844.2935,-1655.2935,-1749.7935,-1655.2935
177087.1,-1844.5449,-1655.5449,-1750.0449,-1655.5449
177108.08,-1844.7969,-1655.7969,-1750.2969,-1655.7969
177129.05,-1845.0488,-1656.0488,-1750.5488,-1656.0488
177150.03,-1845.3003,-1656.3003,-1750.8003,-1656.3003
177171.0,-1845.5522,-1656.5522,-1751.0522,-1656.5522
177191.98,-1845.8042,-1656.8042,-1751.3042,-1656.8042
177212.95,-1846.0557,-1657.0557,-1751.5557,-1657.0557
177233.94,-1846.3071,-1657.3071,-1751.8071,-1657.3071
177254.92,-1846.5591,-1657.5591,-1752.0591,-1657.5591
177275.89,-1846.8105,-1657.8105,-1752.3105,-1657.8105
177296.88,-1847.0625,-1658.0625,-1752.5625,-1658.0625
177317.84,-1847.314,-1658.314,-1752.814,-1658.314
177338.83,-1847.5659,-1658.5659,-1753.0659,-1658.5659
177359.8,-1847.8179,-1658.8179,-1753.3179,-1658.8179
177380.78,-1848.0693,-1659.0693,-1753.5693,-1659.0693
177401.75,-1848.3213,-1659.3213,-1753.8213,-1659.3213
177422.73,-1848.5728,-1659.5728,-1754.0728,-1659.5728
177443.7,-1848.8242,-1659.8242,-1754.3242,-1659.8242
177464.69,-1849.0762,-1660.0762,-1754.5762,-1660.0762
177485.66,-1849.3276,-1660.3276,-1754.8276,-1660.3276
177506.64,-1849.5796,-1660.5796,-1755.0796,-1660.5796
177527.61,-1849.8315,-1660.8315,-1755.3315,-1660.8315
177548.6,-1850.083,-1661.083,-1755.583,-1661.083
177569.56,-1850.335,-1661.335,-1755.835,-1661.335
177590.55,-1850.5869,-1661.5869,-1756.0869,-1661.5869
177611.52,-1850.8384,-1661.8384,-1756.3384,-1661.8384
177632.5,-1851.0898,-1662.0898,-1756.5898,-1662.0898
177653.47,-1851.3413,-1662.3413,-1756.8413,-1662.3413
177674.45,-1851.5933,-1662.5933,-1757.0933,-1662.5933
177695.44,-1851.8452,-1662.8452,-1757.3452,-1662.8452
177716.4,-1852.0967,-1663.0967,-1757.5967,-1663.0967
177737.39,-1852.3486,-1663.3486,-1757.8486,-1663.3486
177758.36,-1852.6006,-1663.6006,-1758.1006,-1663.6006
177779.34,-1852.8525,-1663.8525,-1758.3525,-1663.8525
177800.31,-1853.104,-1664.104,-1758.604,-1664.104
177821.3,-1853.3555,-1664.3555,-1758.8555,-1664.3555
177842.27,-1853.6069,-1664.6069,-1759.1069,-1664.6069
177863.25,-1853.8589,-1664.8589,-1759.3589,-1664.8589
177884.22,-1854.1104,-1665.1104,-1759.6104,-1665.1104
177905.2,-1854.3623,-1665.3623,-1759.8623,-1665.3623
177926.17,-1854.6143,-1665.6143,-1760.1143,-1665.6143
177947.16,-1854.8657,-1665.8657,-1760.3657,-1665.8657
177968.12,-1855.1177,-1666.1177,-1760.6177,-1666.1177
177989.11,-1855.3696,-1666.3696,-1760.8696,-1666.3696
178010.08,-1855.6211,-1666.6211,-1761.1211,-1666.6211
178031.06,-1855.8726,-1666.8726,-1761.3726,-1666.8726
178052.03,-1856.124,-1667.124,-1761.624,-1667.124
178073.02,-1856.376,-1667.376,-1761.876,-1667.376
178093.98,-1856.6279,-1667.6279,-1762.1279,-1667.6279
178114.97,-1856.8794,-1667.8794,-1762.3794,-1667.8794
178135.94,-1857.1313,-1668.1313,-1762.6313,-1668.1313
178156.92,-1857.3833,-1668.3833,-1762.8833,-1668.3833
178177.9,-1857.6353,-1668.6353,-1763.1353,-1668.6353
178198.88,-1857.8867,-1668.8867,-1763.3867,-1668.8867
178219.86,-1858.1382,-1669.1382,-1763.6382,-1669.1382
178240.83,-1858.3896,-1669.3896,-1763.8896,-1669.3896
178261.81,-1858.6416,-1669.6416,-1764.1416,-1669.6416
178282.78,-1858.8931,-1669.8931,-1764.3931,-1669.8931
178303.77,-1859.145,-1670.145,-1764.645,-1670.145
178324.73,-1859.397,-1670.397,-1764.897,-1670.397
178345.72,-1859.6489,-1670.6489,-1765.1489,-1670.6489
178366.69,-1859.9004,-1670.9004,-1765.4004,-1670.9004
178387.67,-1860.1523,-1671.1523,-1765.6523,-1671.1523
178408.64,-1860.4038,-1671.4038,-1765.9038,-1671.4038
178429.62,-1860.6553,-1671.6553,-1766.1553,-1671.6553
178450.6,-1860.9067,-1671.9067,-1766.4067,-1671.9067
178471.58,-1861.1587,-1672.1587,-1766.6587,-1672.1587
178492.55,-1861.4106,-1672.4106,-1766.9106,-1672.4106
178513.53,-1861.6621,-1672.6621,-1767.1621,-1672.6621
178534.5,-1861.9141,-1672.9141,-1767.4141,-1672.9141
178555.48,-1862.166,-1673.166,-1767.666,-1673.166
178576.45,-1862.4175,-1673.4175,-1767.9175,-1673.4175
178597.44,-1862.6694,-1673.6694,-1768.1694,-1673.6694
178618.4,-1862.9209,-1673.9209,-1768.4209,-1673.9209
178639.39,-1863.1724,-1674.1724,-1768.6724,-1674.1724
178660.38,-1863.4243,-1674.4243,-1768.9243,-1674.4243
178681.34,-1863.6758,-1674.6758,-1769.1758,-1674.6758
178702.33,-1863.9277,-1674.9277,-1769.4277,-1674.9277
178723.3,-1864.1797,-1675.1797,-1769.6797,-1675.1797
178744.28,-1864.4316,-1675.4316,-1769.9316,-1675.4316
178765.25,-1864.6831,-1675.6831,-1770.1831,-1675.6831
178786.23,-1864.935,-1675.935,-1770.435,-1675.935
178807.2,-1865.1865,-1676.1865,-1770.6865,-1676.1865
178828.19,-1865.4385,-1676.4385,-1770.9385,-1676.4385
178849.16,-1865.6895,-1676.6895,-1771.1895,-1676.6895
178870.14,-1865.9414,-1676.9414,-1771.4414,-1676.9414
178891.11,-1866.1934,-1677.1934,-1771.6934,-1677.1934
178912.1,-1866.4453,-1677.4453,-1771.9453,-1677.4453
178933.06,-1866.6968,-1677.6968,-1772.1968,-1677.6968
178954.05,-1866.9487,-1677.9487,-1772.4487,-1677.9487
178975.02,-1867.2002,-1678.2002,-1772.7002,-1678.2002
178996.0,-1867.4521,-1678.4521,-1772.9521,-1678.4521
179016.97,-1867.7036,-1678.7036,-1773.2036,-1678.7036
179037.95,-1867.9556,-1678.9556,-1773.4556,-1678.9556
179058.92,-1868.207,-1679.207,-1773.707,-1679.207
179079.9,-1868.4585,-1679.4585,-1773.9585,-1679.4585
179100.89,-1868.7104,-1679.7104,-1774.2104,-1679.7104
179121.86,-1868.9624,-1679.9624,-1774.4624,-1679.9624
179142.84,-1869.2144,-1680.2144,-1774.7144,-1680.2144
179163.81,-1869.4658,-1680.4658,-1774.9658,-1680.4658
179184.8,-1869.7178,-1680.7178,-1775.2178,-1680.7178
179205.77,-1869.9692,-1680.9692,-1775.4692,-1680.9692
179226.75,-1870.2212,-1681.2212,-1775.7212,-1681.2212
179247.72,-1870.4727,-1681.4727,-1775.9727,-1681.4727
179268.7,-1870.7241,-1681.7241,-1776.2241,-1681.7241
179289.67,-1870.9761,-1681.9761,-1776.4761,-1681.9761
179310.66,-1871.228,-1682.228,-1776.728,-1682.228
179331.62,-1871.4795,-1682.4795,-1776.9795,-1682.4795
179352.61,-1871.7314,-1682.7314,-1777.2314,-1682.7314
179373.58,-1871.9829,-1682.9829,-1777.4829,-1682.9829
179394.56,-1872.2349,-1683.2349,-1777.7349,-1683.2349
179415.53,-1872.4863,-1683.4863,-1777.9863,-1683.4863
179436.52,-1872.7383,-1683.7383,-1778.2383,-1683.7383
179457.48,-1872.9902,-1683.9902,-1778.4902,-1683.9902
179478.47,-1873.2412,-1684.2412,-1778.7412,-1684.2412
179499.44,-1873.4932,-1684.4932,-1778.9932,-1684.4932
179520.42,-1873.7451,-1684.7451,-1779.2451,-1684.7451
179541.39,-1873.9966,-1684.9966,-1779.4966,-1684.9966
179562.38,-1874.2485,-1685.2485,-1779.7485,-1685.2485
179583.36,-1874.5005,-1685.5005,-1780.0005,-1685.5005
179604.33,-1874.752,-1685.752,-1780.252,-1685.752
179625.31,-1875.0039,-1686.0039,-1780.5039,-1686.0039
179646.28,-1875.2554,-1686.2554,-1780.7554,-1686.2554
179667.27,-1875.5068,-1686.5068,-1781.0068,-1686.5068
179688.23,-1875.7588,-1686.7588,-1781.2588,-1686.7588
179709.22,-1876.0107,-1687.0107,-1781.5107,-1687.0107
179730.19,-1876.2622,-1687.2622,-1781.7622,-1687.2622
179751.17,-1876.5142,-1687.5142,-1782.0142,-1687.5142
179772.14,-1876.7656,-1687.7656,-1782.2656,-1687.7656
179793.12,-1877.0176,-1688.0176,-1782.5176,-1688.0176
179814.1,-1877.269,-1688.269,-1782.769,-1688.269
179835.08,-1877.521,-1688.521,-1783.021,-1688.521
179856.05,-1877.773,-1688.773,-1783.273,-1688.773
179877.03,-1878.0244,-1689.0244,-1783.5244,-1689.0244
179898.0,-1878.2759,-1689.2759,-1783.7759,-1689.2759
179918.98,-1878.5278,-1689.5278,-1784.0278,-1689.5278
179939.95,-1878.7793,-1689.7793,-1784.2793,-1689.7793
179960.94,-1879.0312,-1690.0312,-1784.5312,-1690.0312
179981.9,-1879.2827,-1690.2827,-1784.7827,-1690.2827
180002.89,-1879.5347,-1690.5347,-1785.0347,-1690.5347
180023.86,-1879.7866,-1690.7866,-1785.2866,-1690.7866
180044.84,-1880.0381,-1691.0381,-1785.5381,-1691.0381
180065.83,-1880.2896,-1691.2896,-1785.7896,-1691.2896
180086.8,-1880.5415,-1691.5415,-1786.0415,-1691.5415
180107.78,-1880.7935,-1691.7935,-1786.2935,-1691.7935
180128.75,-1881.0449,-1692.0449,-1786.5449,-1692.0449
180149.73,-1881.2969,-1692.2969,-1786.7969,-1692.2969
180170.7,-1881.5483,-1692.5483,-1787.0483,-1692.5483
180191.69,-1881.8003,-1692.8003,-1787.3003,-1692.8003
180212.66,-1882.0518,-1693.0518,-1787.5518,-1693.0518
180233.64,-1882.3037,-1693.3037,-1787.8037,-1693.3037
180254.61,-1882.5557,-1693.5557,-1788.0557,-1693.5557
180275.6,-1882.8071,-1693.8071,-1788.3071,-1693.8071
180296.56,-1883.0586,-1694.0586,-1788.5586,-1694.0586
180317.55,-1883.3105,-1694.3105,-1788.8105,-1694.3105
180338.52,-1883.562,-1694.562,-1789.062,-1694.562
180359.5,-1883.814,-1694.814,-1789.314,-1694.814
180380.47,-1884.0654,-1695.0654,-1789.5654,-1695.0654
180401.45,-1884.3174,-1695.3174,-1789.8174,-1695.3174
180422.42,-1884.5693,-1695.5693,-1790.0693,-1695.5693
180443.4,-1884.8213,-1695.8213,-1790.3213,-1695.8213
180464.38,-1885.0728,-1696.0728,-1790.5728,-1696.0728
180485.36,-1885.3242,-1696.3242,-1790.8242,-1696.3242
180506.34,-1885.5762,-1696.5762,-1791.0762,-1696.5762
180527.31,-1885.8276,-1696.8276,-1791.3276,-1696.8276
180548.3,-1886.0796,-1697.0796,-1791.5796,-1697.0796
180569.27,-1886.331,-1697.331,-1791.831,-1697.331
180590.25,-1886.583,-1697.583,-1792.083,-1697.583
180611.22,-1886.8345,-1697.8345,-1792.3345,-1697.8345
180632.2,-1887.0864,-1698.0864,-1792.5864,-1698.0864
180653.17,-1887.3384,-1698.3384,-1792.8384,-1698.3384
180674.16,-1887.5898,-1698.5898,-1793.0898,-1698.5898
180695.12,-1887.8413,-1698.8413,-1793.3413,-1698.8413
180716.11,-1888.0933,-1699.0933,-1793.5933,-1699.0933
180737.08,-1888.3447,-1699.3447,-1793.8447,-1699.3447
180758.06,-1888.5967,-1699.5967,-1794.0967,-1699.5967
180779.03,-1888.8481,-1699.8481,-1794.3481,-1699.8481
180800.02,-1889.1001,-1700.1001,-1794.6001,-1700.1001
180820.98,-1889.352,-1700.352,-1794.852,-1700.352
180841.97,-1889.604,-1700.604,-1795.104,-1700.604
180862.94,-1889.8555,-1700.8555,-1795.3555,-1700.8555
180883.92,-1890.1069,-1701.1069,-1795.6069,-1701.1069
180904.89,-1890.3584,-1701.3584,-1795.8584,-1701.3584
180925.88,-1890.6104,-1701.6104,-1796.1104,-1701.6104
180946.84,-1890.8618,-1701.8618,-1796.3618,-1701.8618
180967.83,-1891.1138,-1702.1138,-1796.6138,-1702.1138
180988.81,-1891.3657,-1702.3657,-1796.8657,-1702.3657
181009.78,-1891.6177,-1702.6177,-1797.1177,-1702.6177
181030.77,-1891.8691,-1702.8691,-1797.3691,-1702.8691
181051.73,-1892.1211,-1703.1211,-1797.6211,-1703.1211
181072.72,-1892.373,-1703.373,-1797.873,-1703.373
181093.69,-1892.624,-1703.624,-1798.124,-1703.624
181114.67,-1892.876,-1703.876,-1798.376,-1703.876
181135.64,-1893.1274,-1704.1274,-1798.6274,-1704.1274
181156.62,-1893.3794,-1704.3794,-1798.8794,-1704.3794
181177.6,-1893.6309,-1704.6309,-1799.1309,-1704.6309
181198.58,-1893.8828,-1704.8828,-1799.3828,-1704.8828
181219.55,-1894.1348,-1705.1348,-1799.6348,-1705.1348
181240.53,-1894.3867,-1705.3867,-1799.8867,-1705.3867
181261.5,-1894.6382,-1705.6382,-1800.1382,-1705.6382
181282.48,-1894.8901,-1705.8901,-1800.3901,-1705.8901
181303.45,-1895.1411,-1706.1411,-1800.6411,-1706.1411
181324.44,-1895.3931,-1706.3931,-1800.8931,-1706.3931
181345.4,-1895.6445,-1706.6445,-1801.1445,-1706.6445
181366.39,-1895.8965,-1706.8965,-1801.3965,-1706.8965
181387.36,-1896.1484,-1707.1484,-1801.6484,-1707.1484
181408.34,-1896.4004,-1707.4004,-1801.9004,-1707.4004
181429.33,-1896.6519,-1707.6519,-1802.1519,-1707.6519
181450.3,-1896.9038,-1707.9038,-1802.4038,-1707.9038
181471.28,-1897.1558,-1708.1558,-1802.6558,-1708.1558
181492.25,-1897.4072,-1708.4072,-1802.9072,-1708.4072
181513.23,-1897.6587,-1708.6587,-1803.1587,-1708.6587
181534.2,-1897.9102,-1708.9102,-1803.4102,-1708.9102
181555.19,-1898.1621,-1709.1621,-1803.6621,-1709.1621
181576.16,-1898.4141,-1709.4141,-1803.9141,-1709.4141
181597.14,-1898.6655,-1709.6655,-1804.1655,-1709.6655
181618.11,-1898.9175,-1709.9175,-1804.4175,-1709.9175
181639.1,-1899.1694,-1710.1694,-1804.6694,-1710.1694
181660.06,-1899.4209,-1710.4209,-1804.9209,-1710.4209
181681.05,-1899.6729,-1710.6729,-1805.1729,-1710.6729
181702.02,-1899.9243,-1710.9243,-1805.4243,-1710.9243
181723.0,-1900.1758,-1711.1758,-1805.6758,-1711.1758
181743.97,-1900.4272,-1711.4272,-1805.9272,-1711.4272
181764.95,-1900.6792,-1711.6792,-1806.1792,-1711.6792
181785.92,-1900.9312,-1711.9312,-1806.4312,-1711.9312
181806.9,-1901.1831,-1712.1831,-1806.6831,-1712.1831
181827.88,-1901.4346,-1712.4346,-1806.9346,-1712.4346
181848.86,-1901.6865,-1712.6865,-1807.1865,-1712.6865
181869.83,-1901.938,-1712.938,-1807.438,-1712.938
181890.81,-1902.19,-1713.19,-1807.69,-1713.19
181911.8,-1902.4414,-1713.4414,-1807.9414,-1713.4414
181932.77,-1902.6929,-1713.6929,-1808.1929,-1713.6929
181953.75,-1902.9448,-1713.9448,-1808.4448,-1713.9448
181974.72,-1903.1968,-1714.1968,-1808.6968,-1714.1968
181995.7,-1903.4482,-1714.4482,-1808.9482,-1714.4482
182016.67,-1903.7002,-1714.7002,-1809.2002,-1714.7002
182037.66,-1903.9521,-1714.9521,-1809.4521,-1714.9521
182058.62,-1904.2036,-1715.2036,-1809.7036,-1715.2036
182079.61,-1904.4556,-1715.4556,-1809.9556,-1715.4556
182100.58,-1904.707,-1715.707,-1810.207,-1715.707
182121.56,-1904.9585,-1715.9585,-1810.4585,-1715.9585
182142.53,-1905.21,-1716.21,-1810.71,-1716.21
182163.52,-1905.4619,-1716.4619,-1810.9619,-1716.4619
182184.48,-1905.7139,-1716.7139,-1811.2139,-1716.7139
182205.47,-1905.9658,-1716.9658,-1811.4658,-1716.9658
182226.44,-1906.2173,-1717.2173,-1811.7173,-1717.2173
182247.42,-1906.4692,-1717.4692,-1811.9692,-1717.4692
182268.39,-1906.7207,-1717.7207,-1812.2207,-1717.7207
182289.38,-1906.9727,-1717.9727,-1812.4727,-1717.9727
182310.34,-1907.2241,-1718.2241,-1812.7241,-1718.2241
182331.33,-1907.4756,-1718.4756,-1812.9756,-1718.4756
182352.3,-1907.7275,-1718.7275,-1813.2275,-1718.7275
182373.28,-1907.9795,-1718.9795,-1813.4795,-1718.9795
182394.27,-1908.231,-1719.231,-1813.731,-1719.231
182415.23,-1908.4829,-1719.4829,-1813.9829,-1719.4829
182436.22,-1908.7349,-1719.7349,-1814.2349,-1719.7349
182457.19,-1908.9863,-1719.9863,-1814.4863,-1719.9863
182478.17,-1909.2383,-1720.2383,-1814.7383,-1720.2383
182499.14,-1909.4897,-1720.4897,-1814.9897,-1720.4897
182520.12,-1909.7412,-1720.7412,-1815.2412,-1720.7412
182541.1,-1909.9932,-1720.9932,-1815.4932,-1720.9932
182562.08,-1910.2446,-1721.2446,-1815.7446,-1721.2446
182583.05,-1910.4966,-1721.4966,-1815.9966,-1721.4966
182604.03,-1910.7485,-1721.7485,-1816.2485,-1721.7485
182625.0,-1911.0,-1722.0,-1816.5,-1722.0
182645.98,-1911.252,-1722.252,-1816.752,-1722.252
182666.95,-1911.5034,-1722.5034,-1817.0034,-1722.5034
182687.94,-1911.7554,-1722.7554,-1817.2554,-1722.7554
182708.9,-1912.0068,-1723.0068,-1817.5068,-1723.0068
182729.89,-1912.2583,-1723.2583,-1817.7583,-1723.2583
182750.86,-1912.5103,-1723.5103,-1818.0103,-1723.5103
182771.84,-1912.7622,-1723.7622,-1818.2622,-1723.7622
182792.81,-1913.0137,-1724.0137,-1818.5137,-1724.0137
182813.8,-1913.2656,-1724.2656,-1818.7656,-1724.2656
182834.78,-1913.5176,-1724.5176,-1819.0176,-1724.5176
182855.75,-1913.769,-1724.769,-1819.269,-1724.769
182876.73,-1914.021,-1725.021,-1819.521,-1725.021
182897.7,-1914.2725,-1725.2725,-1819.7725,-1725.2725
182918.69,-1914.5239,-1725.5239,-1820.0239,-1725.5239
182939.66,-1914.7759,-1725.7759,-1820.2759,-1725.7759
182960.64,-1915.0273,-1726.0273,-1820.5273,-1726.0273
182981.61,-1915.2793,-1726.2793,-1820.7793,-1726.2793
183002.6,-1915.5312,-1726.5312,-1821.0312,-1726.5312
183023.56,-1915.7827,-1726.7827,-1821.2827,-1726.7827
183044.55,-1916.0347,-1727.0347,-1821.5347,-1727.0347
183065.52,-1916.2861,-1727.2861,-1821.7861,-1727.2861
183086.5,-1916.5381,-1727.5381,-1822.0381,-1727.5381
183107.47,-1916.79,-1727.79,-1822.29,-1727.79
183128.45,-1917.041,-1728.041,-1822.541,-1728.041
183149.42,-1917.293,-1728.293,-1822.793,-1728.293
183170.4,-1917.5449,-1728.5449,-1823.0449,-1728.5449
183191.38,-1917.7964,-1728.7964,-1823.2964,-1728.7964
183212.36,-1918.0483,-1729.0483,-1823.5483,-1729.0483
183233.33,-1918.2998,-1729.2998,-1823.7998,-1729.2998
183254.31,-1918.5518,-1729.5518,-1824.0518,-1729.5518
183275.28,-1918.8032,-1729.8032,-1824.3032,-1729.8032
183296.27,-1919.0552,-1730.0552,-1824.5552,-1730.0552
183317.25,-1919.3071,-1730.3071,-1824.8071,-1730.3071
183338.22,-1919.5586,-1730.5586,-1825.0586,-1730.5586
183359.2,-1919.81,-1730.81,-1825.31,-1730.81
183380.17,-1920.062,-1731.062,-1825.562,-1731.062
183401.16,-1920.314,-1731.314,-1825.814,-1731.314
183422.12,-1920.5654,-1731.5654,-1826.0654,-1731.5654
183443.11,-1920.8174,-1731.8174,-1826.3174,-1731.8174
183464.08,-1921.0688,-1732.0688,-1826.5688,-1732.0688
183485.06,-1921.3208,-1732.3208,-1826.8208,-1732.3208
183506.03,-1921.5728,-1732.5728,-1827.0728,-1732.5728
183527.02,-1921.8242,-1732.8242,-1827.3242,-1732.8242
183547.98,-1922.0757,-1733.0757,-1827.5757,-1733.0757
183568.97,-1922.3276,-1733.3276,-1827.8276,-1733.3276
183589.94,-1922.5791,-1733.5791,-1828.0791,-1733.5791
183610.92,-1922.831,-1733.831,-1828.331,-1733.831
183631.89,-1923.0825,-1734.0825,-1828.5825,-1734.0825
183652.88,-1923.3345,-1734.3345,-1828.8345,-1734.3345
183673.84,-1923.5864,-1734.5864,-1829.0864,-1734.5864
183694.83,-1923.8379,-1734.8379,-1829.3379,-1734.8379
183715.8,-1924.0898,-1735.0898,-1829.5898,-1735.0898
183736.78,-1924.3418,-1735.3418,-1829.8418,-1735.3418
183757.75,-1924.5928,-1735.5928,-1830.0928,-1735.5928
183778.73,-1924.8447,-1735.8447,-1830.3447,-1735.8447
183799.72,-1925.0967,-1736.0967,-1830.5967,-1736.0967
183820.69,-1925.3481,-1736.3481,-1830.8481,-1736.3481
183841.67,-1925.6001,-1736.6001,-1831.1001,-1736.6001
183862.64,-1925.8516,-1736.8516,-1831.3516,-1736.8516
183883.62,-1926.1035,-1737.1035,-1831.6035,-1737.1035
183904.6,-1926.3555,-1737.3555,-1831.8555,-1737.3555
183925.58,-1926.6069,-1737.6069,-1832.1069,-1737.6069
183946.55,-1926.8589,-1737.8589,-1832.3589,-1737.8589
183967.53,-1927.1104,-1738.1104,-1832.6104,-1738.1104
183988.5,-1927.3618,-1738.3618,-1832.8618,-1738.3618
184009.48,-1927.6138,-1738.6138,-1833.1138,-1738.6138
184030.45,-1927.8652,-1738.8652,-1833.3652,-1738.8652
184051.44,-1928.1172,-1739.1172,-1833.6172,-1739.1172
184072.4,-1928.3691,-1739.3691,-1833.8691,-1739.3691
184093.39,-1928.6206,-1739.6206,-1834.1206,-1739.6206
184114.36,-1928.8726,-1739.8726,-1834.3726,-1739.8726
184135.34,-1929.1245,-1740.1245,-1834.6245,-1740.1245
184156.31,-1929.376,-1740.376,-1834.876,-1740.376
184177.3,-1929.6274,-1740.6274,-1835.1274,-1740.6274
184198.27,-1929.8789,-1740.8789,-1835.3789,-1740.8789
184219.25,-1930.1309,-1741.1309,-1835.6309,-1741.1309
184240.23,-1930.3828,-1741.3828,-1835.8828,-1741.3828
184261.2,-1930.6343,-1741.6343,-1836.1343,-1741.6343
184282.19,-1930.8862,-1741.8862,-1836.3862,-1741.8862
184303.16,-1931.1382,-1742.1382,-1836.6382,-1742.1382
184324.14,-1931.3896,-1742.3896,-1836.8896,-1742.3896
184345.11,-1931.6416,-1742.6416,-1837.1416,-1742.6416
184366.1,-1931.8931,-1742.8931,-1837.3931,-1742.8931
184387.06,-1932.1445,-1743.1445,-1837.6445,-1743.1445
184408.05,-1932.3965,-1743.3965,-1837.8965,-1743.3965
184429.02,-1932.648,-1743.648,-1838.148,-1743.648
184450.0,-1932.8999,-1743.8999,-1838.3999,-1743.8999
184470.97,-1933.1519,-1744.1519,-1838.6519,-1744.1519
184491.95,-1933.4033,-1744.4033,-1838.9033,-1744.4033
184512.92,-1933.6553,-1744.6553,-1839.1553,-1744.6553
184533.9,-1933.9072,-1744.9072,-1839.4072,-1744.9072
184554.88,-1934.1587,-1745.1587,-1839.6587,-1745.1587
184575.86,-1934.4102,-1745.4102,-1839.9102,-1745.4102
184596.83,-1934.6616,-1745.6616,-1840.1616,-1745.6616
184617.81,-1934.9136,-1745.9136,-1840.4136,-1745.9136
184638.78,-1935.1655,-1746.1655,-1840.6655,-1746.1655
184659.77,-1935.417,-1746.417,-1840.917,-1746.417
184680.73,-1935.669,-1746.669,-1841.169,-1746.669
184701.72,-1935.9209,-1746.9209,-1841.4209,-1746.9209
184722.7,-1936.1729,-1747.1729,-1841.6729,-1747.1729
184743.67,-1936.4243,-1747.4243,-1841.9243,-1747.4243
184764.66,-1936.6758,-1747.6758,-1842.1758,-1747.6758
184785.62,-1936.9272,-1747.9272,-1842.4272,-1747.9272
184806.61,-1937.1792,-1748.1792,-1842.6792,-1748.1792
184827.58,-1937.4307,-1748.4307,-1842.9307,-1748.4307
184848.56,-1937.6826,-1748.6826,-1843.1826,-1748.6826
184869.53,-1937.9346,-1748.9346,-1843.4346,-1748.9346
184890.52,-1938.186,-1749.186,-1843.686,-1749.186
184911.48,-1938.438,-1749.438,-1843.938,-1749.438
184932.47,-1938.69,-1749.69,-1844.19,-1749.69
184953.44,-1938.9414,-1749.9414,-1844.4414,-1749.9414
184974.42,-1939.1929,-1750.1929,-1844.6929,-1750.1929
184995.39,-1939.4443,-1750.4443,-1844.9443,-1750.4443
185016.38,-1939.6963,-1750.6963,-1845.1963,-1750.6963
185037.34,-1939.9482,-1750.9482,-1845.4482,-1750.9482
185058.33,-1940.1997,-1751.1997,-1845.6997,-1751.1997
185079.3,-1940.4517,-1751.4517,-1845.9517,-1751.4517
185100.28,-1940.7036,-1751.7036,-1846.2036,-1751.7036
185121.25,-1940.9551,-1751.9551,-1846.4551,-1751.9551
185142.23,-1941.207,-1752.207,-1846.707,-1752.207
185163.2,-1941.4585,-1752.4585,-1846.9585,-1752.4585
185184.19,-1941.71,-1752.71,-1847.21,-1752.71
185205.17,-1941.9619,-1752.9619,-1847.4619,-1752.9619
185226.14,-1942.2134,-1753.2134,-1847.7134,-1753.2134
185247.12,-1942.4653,-1753.4653,-1847.9653,-1753.4653
185268.1,-1942.7173,-1753.7173,-1848.2173,-1753.7173
185289.08,-1942.9692,-1753.9692,-1848.4692,-1753.9692
185310.05,-1943.2207,-1754.2207,-1848.7207,-1754.2207
185331.03,-1943.4727,-1754.4727,-1848.9727,-1754.4727
185352.0,-1943.7241,-1754.7241,-1849.2241,-1754.7241
185372.98,-1943.9756,-1754.9756,-1849.4756,-1754.9756
185393.95,-1944.227,-1755.227,-1849.727,-1755.227
185414.94,-1944.479,-1755.479,-1849.979,-1755.479
185435.9,-1944.731,-1755.731,-1850.231,-1755.731
185456.89,-1944.9824,-1755.9824,-1850.4824,-1755.9824
185477.86,-1945.2344,-1756.2344,-1850.7344,-1756.2344
185498.84,-1945.4863,-1756.4863,-1850.9863,-1756.4863
185519.81,-1945.7378,-1756.7378,-1851.2378,-1756.7378
185540.8,-1945.9897,-1756.9897,-1851.4897,-1756.9897
185561.77,-1946.2412,-1757.2412,-1851.7412,-1757.2412
185582.75,-1946.4927,-1757.4927,-1851.9927,-1757.4927
185603.72,-1946.7446,-1757.7446,-1852.2446,-1757.7446
185624.7,-1946.9961,-1757.9961,-1852.4961,-1757.9961
185645.69,-1947.248,-1758.248,-1852.748,-1758.248
185666.66,-1947.5,-1758.5,-1853.0,-1758.5
185687.64,-1947.752,-1758.752,-1853.252,-1758.752
185708.61,-1948.0034,-1759.0034,-1853.5034,-1759.0034
185729.6,-1948.2554,-1759.2554,-1853.7554,-1759.2554
185750.56,-1948.5068,-1759.5068,-1854.0068,-1759.5068
185771.55,-1948.7588,-1759.7588,-1854.2588,-1759.7588
185792.52,-1949.0098,-1760.0098,-1854.5098,-1760.0098
185813.5,-1949.2617,-1760.2617,-1854.7617,-1760.2617
185834.47,-1949.5137,-1760.5137,-1855.0137,-1760.5137
185855.45,-1949.7656,-1760.7656,-1855.2656,-1760.7656
185876.42,-1950.0171,-1761.0171,-1855.5171,-1761.0171
185897.4,-1950.269,-1761.269,-1855.769,-1761.269
185918.38,-1950.5205,-1761.5205,-1856.0205,-1761.5205
185939.36,-1950.7725,-1761.7725,-1856.2725,-1761.7725
185960.33,-1951.0239,-1762.0239,-1856.5239,-1762.0239
185981.31,-1951.2759,-1762.2759,-1856.7759,-1762.2759
186002.28,-1951.5273,-1762.5273,-1857.0273,-1762.5273
186023.27,-1951.7788,-1762.7788,-1857.2788,-1762.7788
186044.23,-1952.0308,-1763.0308,-1857.5308,-1763.0308
186065.22,-1952.2827,-1763.2827,-1857.7827,-1763.2827
186086.19,-1952.5342,-1763.5342,-1858.0342,-1763.5342
186107.17,-1952.7861,-1763.7861,-1858.2861,-1763.7861
186128.16,-1953.0381,-1764.0381,-1858.5381,-1764.0381
186149.12,-1953.2896,-1764.2896,-1858.7896,-1764.2896
186170.11,-1953.5415,-1764.5415,-1859.0415,-1764.5415
186191.08,-1953.793,-1764.793,-1859.293,-1764.793
186212.06,-1954.0444,-1765.0444,-1859.5444,-1765.0444
186233.03,-1954.2964,-1765.2964,-1859.7964,-1765.2964
186254.02,-1954.5483,-1765.5483,-1860.0483,-1765.5483
186274.98,-1954.7998,-1765.7998,-1860.2998,-1765.7998
186295.97,-1955.0518,-1766.0518,-1860.5518,-1766.0518
186316.94,-1955.3032,-1766.3032,-1860.8032,-1766.3032
186337.92,-1955.5552,-1766.5552,-1861.0552,-1766.5552
186358.89,-1955.8066,-1766.8066,-1861.3066,-1766.8066
186379.88,-1956.0586,-1767.0586,-1861.5586,-1767.0586
186400.84,-1956.3105,-1767.3105,-1861.8105,-1767.3105
186421.83,-1956.5615,-1767.5615,-1862.0615,-1767.5615
186442.8,-1956.8135,-1767.8135,-1862.3135,-1767.8135
186463.78,-1957.0654,-1768.0654,-1862.5654,-1768.0654
186484.75,-1957.3169,-1768.3169,-1862.8169,-1768.3169
186505.73,-1957.5688,-1768.5688,-1863.0688,-1768.5688
186526.7,-1957.8203,-1768.8203,-1863.3203,-1768.8203
186547.69,-1958.0723,-1769.0723,-1863.5723,-1769.0723
186568.66,-1958.3242,-1769.3242,-1863.8242,-1769.3242
186589.64,-1958.5757,-1769.5757,-1864.0757,-1769.5757
186610.62,-1958.8271,-1769.8271,-1864.3271,-1769.8271
186631.6,-1959.0791,-1770.0791,-1864.5791,-1770.0791
186652.58,-1959.331,-1770.331,-1864.831,-1770.331
186673.55,-1959.5825,-1770.5825,-1865.0825,-1770.5825
186694.53,-1959.8345,-1770.8345,-1865.3345,-1770.8345
186715.5,-1960.0859,-1771.0859,-1865.5859,-1771.0859
186736.48,-1960.3379,-1771.3379,-1865.8379,-1771.3379
186757.45,-1960.5894,-1771.5894,-1866.0894,-1771.5894
186778.44,-1960.8413,-1771.8413,-1866.3413,-1771.8413
186799.4,-1961.0933,-1772.0933,-1866.5933,-1772.0933
186820.39,-1961.3447,-1772.3447,-1866.8447,-1772.3447
186841.36,-1961.5962,-1772.5962,-1867.0962,-1772.5962
186862.34,-1961.8481,-1772.8481,-1867.3481,-1772.8481
186883.31,-1962.0996,-1773.0996,-1867.5996,-1773.0996
186904.3,-1962.3516,-1773.3516,-1867.8516,-1773.3516
186925.27,-1962.603,-1773.603,-1868.103,-1773.603
186946.25,-1962.855,-1773.855,-1868.355,-1773.855
186967.22,-1963.1069,-1774.1069,-1868.6069,-1774.1069
186988.2,-1963.3584,-1774.3584,-1868.8584,-1774.3584
187009.17,-1963.6104,-1774.6104,-1869.1104,-1774.6104
187030.16,-1963.8618,-1774.8618,-1869.3618,-1774.8618
187051.14,-1964.1138,-1775.1138,-1869.6138,-1775.1138
187072.11,-1964.3652,-1775.3652,-1869.8652,-1775.3652
187093.1,-1964.6172,-1775.6172,-1870.1172,-1775.6172
187114.06,-1964.8687,-1775.8687,-1870.3687,-1775.8687
187135.05,-1965.1206,-1776.1206,-1870.6206,-1776.1206
187156.02,-1965.3721,-1776.3721,-1870.8721,-1776.3721
187177.0,-1965.624,-1776.624,-1871.124,-1776.624
187197.97,-1965.876,-1776.876,-1871.376,-1776.876
187218.95,-1966.1274,-1777.1274,-1871.6274,-1777.1274
187239.92,-1966.3789,-1777.3789,-1871.8789,-1777.3789
187260.9,-1966.6309,-1777.6309,-1872.1309,-1777.6309
187281.88,-1966.8823,-1777.8823,-1872.3823,-1777.8823
187302.86,-1967.1343,-1778.1343,-1872.6343,-1778.1343
187323.83,-1967.3857,-1778.3857,-1872.8857,-1778.3857
187344.81,-1967.6377,-1778.6377,-1873.1377,-1778.6377
187365.78,-1967.8896,-1778.8896,-1873.3896,-1778.8896
187386.77,-1968.1416,-1779.1416,-1873.6416,-1779.1416
187407.73,-1968.3931,-1779.3931,-1873.8931,-1779.3931
187428.72,-1968.6445,-1779.6445,-1874.1445,-1779.6445
187449.69,-1968.896,-1779.896,-1874.396,-1779.896
187470.67,-1969.148,-1780.148,-1874.648,-1780.148
187491.64,-1969.3994,-1780.3994,-1874.8994,-1780.3994
187512.62,-1969.6514,-1780.6514,-1875.1514,-1780.6514
187533.61,-1969.9033,-1780.9033,-1875.4033,-1780.9033
187554.58,-1970.1548,-1781.1548,-1875.6548,-1781.1548
187575.56,-1970.4067,-1781.4067,-1875.9067,-1781.4067
187596.53,-1970.6587,-1781.6587,-1876.1587,-1781.6587
187617.52,-1970.9102,-1781.9102,-1876.4102,-1781.9102
187638.48,-1971.1616,-1782.1616,-1876.6616,-1782.1616
187659.47,-1971.4136,-1782.4136,-1876.9136,-1782.4136
187680.44,-1971.665,-1782.665,-1877.165,-1782.665
187701.42,-1971.917,-1782.917,-1877.417,-1782.917
187722.39,-1972.1685,-1783.1685,-1877.6685,-1783.1685
187743.38,-1972.4204,-1783.4204,-1877.9204,-1783.4204
187764.34,-1972.6724,-1783.6724,-1878.1724,-1783.6724
187785.33,-1972.9243,-1783.9243,-1878.4243,-1783.9243
187806.3,-1973.1758,-1784.1758,-1878.6758,-1784.1758
187827.28,-1973.4272,-1784.4272,-1878.9272,-1784.4272
187848.25,-1973.6787,-1784.6787,-1879.1787,-1784.6787
187869.23,-1973.9307,-1784.9307,-1879.4307,-1784.9307
187890.2,-1974.1821,-1785.1821,-1879.6821,-1785.1821
187911.19,-1974.4341,-1785.4341,-1879.9341,-1785.4341
187932.16,-1974.686,-1785.686,-1880.186,-1785.686
187953.14,-1974.938,-1785.938,-1880.438,-1785.938
187974.11,-1975.1895,-1786.1895,-1880.6895,-1786.1895
187995.1,-1975.4414,-1786.4414,-1880.9414,-1786.4414
188016.08,-1975.6934,-1786.6934,-1881.1934,-1786.6934
188037.05,-1975.9443,-1786.9443,-1881.4443,-1786.9443
188058.03,-1976.1963,-1787.1963,-1881.6963,-1787.1963
188079.0,-1976.4478,-1787.4478,-1881.9478,-1787.4478
188099.98,-1976.6997,-1787.6997,-1882.1997,-1787.6997
188120.95,-1976.9512,-1787.9512,-1882.4512,-1787.9512
188141.94,-1977.2031,-1788.2031,-1882.7031,-1788.2031
188162.9,-1977.4551,-1788.4551,-1882.9551,-1788.4551
188183.89,-1977.707,-1788.707,-1883.207,-1788.707
188204.86,-1977.9585,-1788.9585,-1883.4585,-1788.9585
188225.84,-1978.2104,-1789.2104,-1883.7104,-1789.2104
188246.81,-1978.4614,-1789.4614,-1883.9614,-1789.4614
188267.8,-1978.7134,-1789.7134,-1884.2134,-1789.7134
188288.77,-1978.9648,-1789.9648,-1884.4648,-1789.9648
188309.75,-1979.2168,-1790.2168,-1884.7168,-1790.2168
188330.72,-1979.4688,-1790.4688,-1884.9688,-1790.4688
188351.7,-1979.7207,-1790.7207,-1885.2207,-1790.7207
188372.67,-1979.9722,-1790.9722,-1885.4722,-1790.9722
188393.66,-1980.2241,-1791.2241,-1885.7241,-1791.2241
188414.62,-1980.4756,-1791.4756,-1885.9756,-1791.4756
188435.61,-1980.7275,-1791.7275,-1886.2275,-1791.7275
188456.6,-1980.979,-1791.979,-1886.479,-1791.979
188477.56,-1981.2305,-1792.2305,-1886.7305,-1792.2305
188498.55,-1981.4824,-1792.4824,-1886.9824,-1792.4824
188519.52,-1981.7344,-1792.7344,-1887.2344,-1792.7344
188540.5,-1981.9858,-1792.9858,-1887.4858,-1792.9858
188561.47,-1982.2378,-1793.2378,-1887.7378,-1793.2378
188582.45,-1982.4897,-1793.4897,-1887.9897,-1793.4897
188603.42,-1982.7412,-1793.7412,-1888.2412,-1793.7412
188624.4,-1982.9932,-1793.9932,-1888.4932,-1793.9932
188645.38,-1983.2446,-1794.2446,-1888.7446,-1794.2446
188666.36,-1983.4961,-1794.4961,-1888.9961,-1794.4961
188687.33,-1983.7476,-1794.7476,-1889.2476,-1794.7476
188708.31,-1983.9995,-1794.9995,-1889.4995,-1794.9995
188729.28,-1984.2515,-1795.2515,-1889.7515,-1795.2515
188750.27,-1984.5034,-1795.5034,-1890.0034,-1795.5034
188771.23,-1984.7549,-1795.7549,-1890.2549,-1795.7549
188792.22,-1985.0068,-1796.0068,-1890.5068,-1796.0068
188813.19,-1985.2583,-1796.2583,-1890.7583,-1796.2583
188834.17,-1985.5103,-1796.5103,-1891.0103,-1796.5103
188855.14,-1985.7617,-1796.7617,-1891.2617,-1796.7617
188876.12,-1986.0132,-1797.0132,-1891.5132,-1797.0132
188897.1,-1986.2651,-1797.2651,-1891.7651,-1797.2651
188918.08,-1986.5171,-1797.5171,-1892.0171,-1797.5171
188939.06,-1986.7686,-1797.7686,-1892.2686,-1797.7686
188960.03,-1987.0205,-1798.0205,-1892.5205,-1798.0205
188981.02,-1987.2725,-1798.2725,-1892.7725,-1798.2725
189001.98,-1987.5239,-1798.5239,-1893.0239,-1798.5239
189022.97,-1987.7759,-1798.7759,-1893.2759,-1798.7759
189043.94,-1988.0273,-1799.0273,-1893.5273,-1799.0273
189064.92,-1988.2788,-1799.2788,-1893.7788,-1799.2788
189085.89,-1988.5303,-1799.5303,-1894.0303,-1799.5303
189106.88,-1988.7822,-1799.7822,-1894.2822,-1799.7822
189127.84,-1989.0342,-1800.0342,-1894.5342,-1800.0342
189148.83,-1989.2861,-1800.2861,-1894.7861,-1800.2861
189169.8,-1989.5376,-1800.5376,-1895.0376,-1800.5376
189190.78,-1989.7896,-1800.7896,-1895.2896,-1800.7896
189211.75,-1990.041,-1801.041,-1895.541,-1801.041
189232.73,-1990.293,-1801.293,-1895.793,-1801.293
189253.7,-1990.5444,-1801.5444,-1896.0444,-1801.5444
189274.69,-1990.7959,-1801.7959,-1896.2959,-1801.7959
189295.66,-1991.0479,-1802.0479,-1896.5479,-1802.0479
189316.64,-1991.2998,-1802.2998,-1896.7998,-1802.2998
189337.61,-1991.5513,-1802.5513,-1897.0513,-1802.5513
189358.6,-1991.8032,-1802.8032,-1897.3032,-1802.8032
189379.58,-1992.0552,-1803.0552,-1897.5552,-1803.0552
189400.55,-1992.3066,-1803.3066,-1897.8066,-1803.3066
189421.53,-1992.5586,-1803.5586,-1898.0586,-1803.5586
189442.5,-1992.81,-1803.81,-1898.31,-1803.81
189463.48,-1993.0615,-1804.0615,-1898.5615,-1804.0615
189484.45,-1993.3135,-1804.3135,-1898.8135,-1804.3135
189505.44,-1993.565,-1804.565,-1899.065,-1804.565
189526.4,-1993.8169,-1804.8169,-1899.3169,-1804.8169
189547.39,-1994.0688,-1805.0688,-1899.5688,-1805.0688
189568.36,-1994.3203,-1805.3203,-1899.8203,-1805.3203
189589.34,-1994.5723,-1805.5723,-1900.0723,-1805.5723
189610.31,-1994.8237,-1805.8237,-1900.3237,-1805.8237
189631.3,-1995.0757,-1806.0757,-1900.5757,-1806.0757
189652.27,-1995.3271,-1806.3271,-1900.8271,-1806.3271
189673.25,-1995.5786,-1806.5786,-1901.0786,-1806.5786
189694.22,-1995.8306,-1806.8306,-1901.3306,-1806.8306
189715.2,-1996.0825,-1807.0825,-1901.5825,-1807.0825
189736.17,-1996.334,-1807.334,-1901.834,-1807.334
189757.16,-1996.5859,-1807.5859,-1902.0859,-1807.5859
189778.12,-1996.8374,-1807.8374,-1902.3374,-1807.8374
189799.11,-1997.0894,-1808.0894,-1902.5894,-1808.0894
189820.08,-1997.3408,-1808.3408,-1902.8408,-1808.3408
189841.06,-1997.5928,-1808.5928,-1903.0928,-1808.5928
189862.05,-1997.8442,-1808.8442,-1903.3442,-1808.8442
189883.02,-1998.0962,-1809.0962,-1903.5962,-1809.0962
189904.0,-1998.3477,-1809.3477,-1903.8477,-1809.3477
189924.97,-1998.5996,-1809.5996,-1904.0996,-1809.5996
189945.95,-1998.8516,-1809.8516,-1904.3516,-1809.8516
189966.92,-1999.103,-1810.103,-1904.603,-1810.103
189987.9,-1999.355,-1810.355,-1904.855,-1810.355
190008.88,-1999.6064,-1810.6064,-1905.1064,-1810.6064
190029.86,-1999.8584,-1810.8584,-1905.3584,-1810.8584
190050.83,-2000.1104,-1811.1104,-1905.6104,-1811.1104
190071.81,-2000.3613,-1811.3613,-1905.8613,-1811.3613
190092.78,-2000.6133,-1811.6133,-1906.1133,-1811.6133
190113.77,-2000.8652,-1811.8652,-1906.3652,-1811.8652
190134.73,-2001.1167,-1812.1167,-1906.6167,-1812.1167
190155.72,-2001.3687,-1812.3687,-1906.8687,-1812.3687
190176.69,-2001.6201,-1812.6201,-1907.1201,-1812.6201
190197.67,-2001.8721,-1812.8721,-1907.3721,-1812.8721
190218.64,-2002.1235,-1813.1235,-1907.6235,-1813.1235
190239.62,-2002.3755,-1813.3755,-1907.8755,-1813.3755
190260.6,-2002.6274,-1813.6274,-1908.1274,-1813.6274
190281.58,-2002.8789,-1813.8789,-1908.3789,-1813.8789
190302.55,-2003.1304,-1814.1304,-1908.6304,-1814.1304
190323.53,-2003.3823,-1814.3823,-1908.8823,-1814.3823
190344.52,-2003.6343,-1814.6343,-1909.1343,-1814.6343
190365.48,-2003.8857,-1814.8857,-1909.3857,-1814.8857
190386.47,-2004.1377,-1815.1377,-1909.6377,-1815.1377
190407.44,-2004.3892,-1815.3892,-1909.8892,-1815.3892
190428.42,-2004.6411,-1815.6411,-1910.1411,-1815.6411
190449.39,-2004.8931,-1815.8931,-1910.3931,-1815.8931
190470.38,-2005.1445,-1816.1445,-1910.6445,-1816.1445
190491.34,-2005.396,-1816.396,-1910.896,-1816.396
190512.33,-2005.648,-1816.648,-1911.148,-1816.648
190533.3,-2005.8994,-1816.8994,-1911.3994,-1816.8994
190554.28,-2006.1514,-1817.1514,-1911.6514,-1817.1514
190575.25,-2006.4028,-1817.4028,-1911.9028,-1817.4028
190596.23,-2006.6548,-1817.6548,-1912.1548,-1817.6548
190617.2,-2006.9067,-1817.9067,-1912.4067,-1817.9067
190638.19,-2007.1582,-1818.1582,-1912.6582,-1818.1582
190659.16,-2007.4102,-1818.4102,-1912.9102,-1818.4102
190680.14,-2007.6621,-1818.6621,-1913.1621,-1818.6621
190701.11,-2007.9131,-1818.9131,-1913.4131,-1818.9131
190722.1,-2008.165,-1819.165,-1913.665,-1819.165
190743.06,-2008.4165,-1819.4165,-1913.9165,-1819.4165
190764.05,-2008.6685,-1819.6685,-1914.1685,-1819.6685
190785.03,-2008.9204,-1819.9204,-1914.4204,-1819.9204
190806.0,-2009.1719,-1820.1719,-1914.6719,-1820.1719
190826.98,-2009.4238,-1820.4238,-1914.9238,-1820.4238
190847.95,-2009.6758,-1820.6758,-1915.1758,-1820.6758
190868.94,-2009.9272,-1820.9272,-1915.4272,-1820.9272
190889.9,-2010.1792,-1821.1792,-1915.6792,-1821.1792
190910.89,-2010.4307,-1821.4307,-1915.9307,-1821.4307
190931.86,-2010.6821,-1821.6821,-1916.1821,-1821.6821
190952.84,-2010.9341,-1821.9341,-1916.4341,-1821.9341
190973.81,-2011.1855,-1822.1855,-1916.6855,-1822.1855
190994.8,-2011.4375,-1822.4375,-1916.9375,-1822.4375
191015.77,-2011.6895,-1822.6895,-1917.1895,-1822.6895
191036.75,-2011.9409,-1822.9409,-1917.4409,-1822.9409
191057.72,-2012.1929,-1823.1929,-1917.6929,-1823.1929
191078.7,-2012.4448,-1823.4448,-1917.9448,-1823.4448
191099.67,-2012.6963,-1823.6963,-1918.1963,-1823.6963
191120.66,-2012.9478,-1823.9478,-1918.4478,-1823.9478
191141.62,-2013.1992,-1824.1992,-1918.6992,-1824.1992
191162.61,-2013.4512,-1824.4512,-1918.9512,-1824.4512
191183.58,-2013.7031,-1824.7031,-1919.2031,-1824.7031
191204.56,-2013.9546,-1824.9546,-1919.4546,-1824.9546
191225.53,-2014.2065,-1825.2065,-1919.7065,-1825.2065
191246.52,-2014.4585,-1825.4585,-1919.9585,-1825.4585
191267.5,-2014.71,-1825.71,-1920.21,-1825.71
191288.47,-2014.9619,-1825.9619,-1920.4619,-1825.9619
191309.45,-2015.2134,-1826.2134,-1920.7134,-1826.2134
191330.42,-2015.4648,-1826.4648,-1920.9648,-1826.4648
191351.4,-2015.7168,-1826.7168,-1921.2168,-1826.7168
191372.38,-2015.9683,-1826.9683,-1921.4683,-1826.9683
191393.36,-2016.2202,-1827.2202,-1921.7202,-1827.2202
191414.33,-2016.4722,-1827.4722,-1921.9722,-1827.4722
191435.31,-2016.7236,-1827.7236,-1922.2236,-1827.7236
191456.28,-2016.9756,-1827.9756,-1922.4756,-1827.9756
191477.27,-2017.2275,-1828.2275,-1922.7275,-1828.2275
191498.23,-2017.479,-1828.479,-1922.979,-1828.479
191519.22,-2017.7305,-1828.7305,-1923.2305,-1828.7305
191540.19,-2017.9819,-1828.9819,-1923.4819,-1828.9819
191561.17,-2018.2339,-1829.2339,-1923.7339,-1829.2339
191582.14,-2018.4858,-1829.4858,-1923.9858,-1829.4858
191603.12,-2018.7373,-1829.7373,-1924.2373,-1829.7373
191624.1,-2018.9893,-1829.9893,-1924.4893,-1829.9893
191645.08,-2019.2412,-1830.2412,-1924.7412,-1830.2412
191666.05,-2019.4927,-1830.4927,-1924.9927,-1830.4927
191687.03,-2019.7446,-1830.7446,-1925.2446,-1830.7446
191708.0,-2019.9961,-1830.9961,-1925.4961,-1830.9961
191728.98,-2020.2476,-1831.2476,-1925.7476,-1831.2476
191749.97,-2020.4995,-1831.4995,-1925.9995,-1831.4995
191770.94,-2020.751,-1831.751,-1926.251,-1831.751
191791.92,-2021.0029,-1832.0029,-1926.5029,-1832.0029
191812.89,-2021.2549,-1832.2549,-1926.7549,-1832.2549
191833.88,-2021.5063,-1832.5063,-1927.0063,-1832.5063
191854.84,-2021.7583,-1832.7583,-1927.2583,-1832.7583
191875.83,-2022.0103,-1833.0103,-1927.5103,-1833.0103
191896.8,-2022.2617,-1833.2617,-1927.7617,-1833.2617
191917.78,-2022.5132,-1833.5132,-1928.0132,-1833.5132
191938.75,-2022.7646,-1833.7646,-1928.2646,-1833.7646
191959.73,-2023.0166,-1834.0166,-1928.5166,-1834.0166
191980.7,-2023.2686,-1834.2686,-1928.7686,-1834.2686
192001.69,-2023.52,-1834.52,-1929.02,-1834.52
192022.66,-2023.772,-1834.772,-1929.272,-1834.772
192043.64,-2024.0239,-1835.0239,-1929.5239,-1835.0239
192064.61,-2024.2754,-1835.2754,-1929.7754,-1835.2754
192085.6,-2024.5273,-1835.5273,-1930.0273,-1835.5273
192106.56,-2024.7788,-1835.7788,-1930.2788,-1835.7788
192127.55,-2025.0303,-1836.0303,-1930.5303,-1836.0303
192148.52,-2025.2822,-1836.2822,-1930.7822,-1836.2822
192169.5,-2025.5337,-1836.5337,-1931.0337,-1836.5337
192190.48,-2025.7856,-1836.7856,-1931.2856,-1836.7856
192211.45,-2026.0376,-1837.0376,-1931.5376,-1837.0376
192232.44,-2026.2896,-1837.2896,-1931.7896,-1837.2896
192253.4,-2026.541,-1837.541,-1932.041,-1837.541
192274.39,-2026.793,-1837.793,-1932.293,-1837.793
192295.36,-2027.0444,-1838.0444,-1932.5444,-1838.0444
192316.34,-2027.2959,-1838.2959,-1932.7959,-1838.2959
192337.31,-2027.5474,-1838.5474,-1933.0474,-1838.5474
192358.3,-2027.7993,-1838.7993,-1933.2993,-1838.7993
192379.27,-2028.0513,-1839.0513,-1933.5513,-1839.0513
192400.25,-2028.3027,-1839.3027,-1933.8027,-1839.3027
192421.22,-2028.5547,-1839.5547,-1934.0547,-1839.5547
192442.2,-2028.8066,-1839.8066,-1934.3066,-1839.8066
192463.17,-2029.0581,-1840.0581,-1934.5581,-1840.0581
192484.16,-2029.31,-1840.31,-1934.81,-1840.31
192505.12,-2029.5615,-1840.5615,-1935.0615,-1840.5615
192526.11,-2029.813,-1840.813,-1935.313,-1840.813
192547.08,-2030.065,-1841.065,-1935.565,-1841.065
192568.06,-2030.3164,-1841.3164,-1935.8164,-1841.3164
192589.03,-2030.5684,-1841.5684,-1936.0684,-1841.5684
192610.02,-2030.8203,-1841.8203,-1936.3203,-1841.8203
192630.98,-2031.0718,-1842.0718,-1936.5718,-1842.0718
192651.97,-2031.3237,-1842.3237,-1936.8237,-1842.3237
192672.95,-2031.5757,-1842.5757,-1937.0757,-1842.5757
192693.92,-2031.8271,-1842.8271,-1937.3271,-1842.8271
192714.9,-2032.0791,-1843.0791,-1937.5791,-1843.0791
192735.88,-2032.3301,-1843.3301,-1937.8301,-1843.3301
192756.86,-2032.582,-1843.582,-1938.082,-1843.582
192777.83,-2032.834,-1843.834,-1938.334,-1843.834
192798.81,-2033.0859,-1844.0859,-1938.5859,-1844.0859
192819.78,-2033.3374,-1844.3374,-1938.8374,-1844.3374
192840.77,-2033.5894,-1844.5894,-1939.0894,-1844.5894
192861.73,-2033.8408,-1844.8408,-1939.3408,-1844.8408
192882.72,-2034.0928,-1845.0928,-1939.5928,-1845.0928
192903.69,-2034.3442,-1845.3442,-1939.8442,-1845.3442
192924.67,-2034.5962,-1845.5962,-1940.0962,-1845.5962
192945.64,-2034.8477,-1845.8477,-1940.3477,-1845.8477
192966.62,-2035.0991,-1846.0991,-1940.5991,-1846.0991
192987.6,-2035.3511,-1846.3511,-1940.8511,-1846.3511
193008.58,-2035.603,-1846.603,-1941.103,-1846.603
193029.55,-2035.8545,-1846.8545,-1941.3545,-1846.8545
193050.53,-2036.1064,-1847.1064,-1941.6064,-1847.1064
193071.5,-2036.3579,-1847.3579,-1941.8579,-1847.3579
193092.48,-2036.6099,-1847.6099,-1942.1099,-1847.6099
193113.45,-2036.8618,-1847.8618,-1942.3618,-1847.8618
193134.44,-2037.1133,-1848.1133,-1942.6133,-1848.1133
193155.42,-2037.3647,-1848.3647,-1942.8647,-1848.3647
193176.39,-2037.6167,-1848.6167,-1943.1167,-1848.6167
193197.38,-2037.8687,-1848.8687,-1943.3687,-1848.8687
193218.34,-2038.1201,-1849.1201,-1943.6201,-1849.1201
193239.33,-2038.3721,-1849.3721,-1943.8721,-1849.3721
193260.3,-2038.6235,-1849.6235,-1944.1235,-1849.6235
193281.28,-2038.8755,-1849.8755,-1944.3755,-1849.8755
193302.25,-2039.127,-1850.127,-1944.627,-1850.127
193323.23,-2039.3789,-1850.3789,-1944.8789,-1850.3789
193344.2,-2039.6309,-1850.6309,-1945.1309,-1850.6309
193365.19,-2039.8818,-1850.8818,-1945.3818,-1850.8818
193386.16,-2040.1338,-1851.1338,-1945.6338,-1851.1338
193407.14,-2040.3857,-1851.3857,-1945.8857,-1851.3857
193428.11,-2040.6372,-1851.6372,-1946.1372,-1851.6372
193449.1,-2040.8892,-1851.8892,-1946.3892,-1851.8892
193470.06,-2041.1406,-1852.1406,-1946.6406,-1852.1406
193491.05,-2041.3926,-1852.3926,-1946.8926,-1852.3926
193512.02,-2041.6445,-1852.6445,-1947.1445,-1852.6445
193533.0,-2041.896,-1852.896,-1947.396,-1852.896
193553.97,-2042.148,-1853.148,-1947.648,-1853.148
193574.95,-2042.3994,-1853.3994,-1947.8994,-1853.3994
193595.94,-2042.6514,-1853.6514,-1948.1514,-1853.6514
193616.9,-2042.9028,-1853.9028,-1948.4028,-1853.9028
193637.89,-2043.1548,-1854.1548,-1948.6548,-1854.1548
193658.86,-2043.4062,-1854.4062,-1948.9062,-1854.4062
193679.84,-2043.6582,-1854.6582,-1949.1582,-1854.6582
193700.81,-2043.9097,-1854.9097,-1949.4097,-1854.9097
193721.8,-2044.1616,-1855.1616,-1949.6616,-1855.1616
193742.77,-2044.4136,-1855.4136,-1949.9136,-1855.4136
193763.75,-2044.665,-1855.665,-1950.165,-1855.665
193784.72,-2044.9165,-1855.9165,-1950.4165,-1855.9165
193805.7,-2045.1685,-1856.1685,-1950.6685,-1856.1685
193826.67,-2045.4199,-1856.4199,-1950.9199,-1856.4199
193847.66,-2045.6719,-1856.6719,-1951.1719,-1856.6719
193868.62,-2045.9233,-1856.9233,-1951.4233,-1856.9233
193889.61,-2046.1753,-1857.1753,-1951.6753,-1857.1753
193910.58,-2046.4268,-1857.4272,-1951.9272,-1857.4272
193931.56,-2046.6787,-1857.6787,-1952.1787,-1857.6787
193952.53,-2046.9302,-1857.9307,-1952.4307,-1857.9307
193973.52,-2047.1816,-1858.1821,-1952.6821,-1858.1821
193994.48,-2047.4341,-1858.4336,-1952.9336,-1858.4336
194015.47,-2047.685,-1858.6855,-1953.1855,-1858.6855
194036.44,-2047.9375,-1858.937,-1953.437,-1858.937
194057.42,-2048.1895,-1859.189,-1953.689,-1859.189
194078.4,-2048.4414,-1859.4409,-1953.9409,-1859.4409
194099.38,-2048.6929,-1859.6924,-1954.1924,-1859.6924
194120.36,-2048.9448,-1859.9443,-1954.4443,-1859.9443
194141.33,-2049.1963,-1860.1963,-1954.6963,-1860.1963
194162.31,-2049.4478,-1860.4478,-1954.9478,-1860.4478
194183.28,-2049.6992,-1860.6992,-1955.1992,-1860.6992
194204.27,-2049.9512,-1860.9512,-1955.4512,-1860.9512
194225.23,-2050.2026,-1861.2026,-1955.7026,-1861.2026
194246.22,-2050.4546,-1861.4546,-1955.9546,-1861.4546
194267.19,-2050.706,-1861.706,-1956.206,-1861.706
194288.17,-2050.958,-1861.958,-1956.458,-1861.958
194309.14,-2051.2095,-1862.21,-1956.71,-1862.21
194330.12,-2051.4614,-1862.4619,-1956.9619,-1862.4619
194351.1,-2051.713,-1862.7134,-1957.2134,-1862.7134
194372.08,-2051.9644,-1862.9648,-1957.4648,-1862.9648
194393.05,-2052.2168,-1863.2163,-1957.7163,-1863.2163
194414.03,-2052.4688,-1863.4683,-1957.9683,-1863.4683
194435.0,-2052.7202,-1863.7197,-1958.2197,-1863.7197
194455.98,-2052.9722,-1863.9717,-1958.4717,-1863.9717
194476.95,-2053.2236,-1864.2236,-1958.7236,-1864.2236
194497.94,-2053.4756,-1864.4751,-1958.9751,-1864.4751
194518.9,-2053.727,-1864.727,-1959.227,-1864.727
194539.89,-2053.979,-1864.979,-1959.479,-1864.979
194560.88,-2054.2305,-1865.2305,-1959.7305,-1865.2305
194581.84,-2054.482,-1865.4819,-1959.9819,-1865.4819
194602.83,-2054.734,-1865.7339,-1960.2339,-1865.7339
194623.8,-2054.9854,-1865.9854,-1960.4854,-1865.9854
194644.78,-2055.2373,-1866.2373,-1960.7373,-1866.2373
194665.75,-2055.4888,-1866.4888,-1960.9888,-1866.4888
194686.73,-2055.7407,-1866.7407,-1961.2407,-1866.7407
194707.7,-2055.9922,-1866.9927,-1961.4927,-1866.9927
194728.69,-2056.2441,-1867.2446,-1961.7446,-1867.2446
194749.66,-2056.4956,-1867.4961,-1961.9961,-1867.4961
194770.64,-2056.747,-1867.7476,-1962.2476,-1867.7476
194791.61,-2056.9995,-1867.999,-1962.499,-1867.999
194812.6,-2057.2515,-1868.251,-1962.751,-1868.251
194833.56,-2057.503,-1868.5024,-1963.0024,-1868.5024
194854.55,-2057.755,-1868.7544,-1963.2544,-1868.7544
194875.52,-2058.0063,-1869.0063,-1963.5063,-1869.0063
194896.5,-2058.2583,-1869.2583,-1963.7583,-1869.2583
194917.47,-2058.5098,-1869.5098,-1964.0098,-1869.5098
194938.45,-2058.7617,-1869.7617,-1964.2617,-1869.7617
194959.42,-2059.0132,-1870.0132,-1964.5132,-1870.0132
194980.4,-2059.2646,-1870.2646,-1964.7646,-1870.2646
195001.39,-2059.5166,-1870.5166,-1965.0166,-1870.5166
195022.36,-2059.768,-1870.7681,-1965.2681,-1870.7681
195043.34,-2060.02,-1871.02,-1965.52,-1871.02
195064.31,-2060.2715,-1871.2715,-1965.7715,-1871.2715
195085.3,-2060.5234,-1871.5234,-1966.0234,-1871.5234
195106.27,-2060.775,-1871.7754,-1966.2754,-1871.7754
195127.25,-2061.0269,-1872.0273,-1966.5273,-1872.0273
195148.22,-2061.2783,-1872.2788,-1966.7788,-1872.2788
195169.2,-2061.5303,-1872.5308,-1967.0308,-1872.5308
195190.17,-2061.7822,-1872.7817,-1967.2817,-1872.7817
195211.16,-2062.0342,-1873.0337,-1967.5337,-1873.0337
195232.12,-2062.2856,-1873.2852,-1967.7852,-1873.2852
195253.11,-2062.5376,-1873.5371,-1968.0371,-1873.5371
195274.08,-2062.789,-1873.7891,-1968.2891,-1873.7891
195295.06,-2063.041,-1874.041,-1968.541,-1874.041
195316.03,-2063.2925,-1874.2925,-1968.7925,-1874.2925
195337.02,-2063.5444,-1874.5444,-1969.0444,-1874.5444
195357.98,-2063.796,-1874.7959,-1969.2959,-1874.7959
195378.97,-2064.0479,-1875.0479,-1969.5479,-1875.0479
195399.94,-2064.2988,-1875.2988,-1969.7988,-1875.2988
195420.92,-2064.5508,-1875.5508,-1970.0508,-1875.5508
195441.89,-2064.8022,-1875.8027,-1970.3027,-1875.8027
195462.88,-2065.0542,-1876.0547,-1970.5547,-1876.0547
195483.86,-2065.3062,-1876.3062,-1970.8062,-1876.3062
195504.83,-2065.5576,-1876.5581,-1971.0581,-1876.5581
195525.81,-2065.8096,-1876.81,-1971.31,-1876.81
195546.78,-2066.061,-1877.0615,-1971.5615,-1877.0615
195567.77,-2066.313,-1877.3135,-1971.8135,-1877.3135
195588.73,-2066.5654,-1877.565,-1972.065,-1877.565
195609.72,-2066.817,-1877.8164,-1972.3164,-1877.8164
195630.69,-2067.0684,-1878.0679,-1972.5679,-1878.0679
195651.67,-2067.3203,-1878.3198,-1972.8198,-1878.3198
195672.64,-2067.5718,-1878.5718,-1973.0718,-1878.5718
195693.62,-2067.8237,-1878.8237,-1973.3237,-1878.8237
195714.6,-2068.0752,-1879.0752,-1973.5752,-1879.0752
195735.58,-2068.3271,-1879.3271,-1973.8271,-1879.3271
195756.55,-2068.5786,-1879.5786,-1974.0786,-1879.5786
195777.53,-2068.8306,-1879.8306,-1974.3306,-1879.8306
195798.5,-2069.082,-1880.082,-1974.582,-1880.082
195819.48,-2069.3335,-1880.3335,-1974.8335,-1880.3335
195840.45,-2069.585,-1880.5854,-1975.0854,-1880.5854
195861.44,-2069.837,-1880.8374,-1975.3374,-1880.8374
195882.4,-2070.0884,-1881.0889,-1975.5889,-1881.0889
195903.39,-2070.3403,-1881.3408,-1975.8408,-1881.3408
195924.38,-2070.5923,-1881.5928,-1976.0928,-1881.5928
195945.34,-2070.8447,-1881.8442,-1976.3442,-1881.8442
195966.33,-2071.0957,-1882.0962,-1976.5962,-1882.0962
195987.3,-2071.3481,-1882.3477,-1976.8477,-1882.3477
196008.28,-2071.5996,-1882.5991,-1977.0991,-1882.5991
196029.25,-2071.851,-1882.8506,-1977.3506,-1882.8506
196050.23,-2072.103,-1883.1025,-1977.6025,-1883.1025
196071.2,-2072.3545,-1883.3545,-1977.8545,-1883.3545
196092.19,-2072.6064,-1883.6064,-1978.1064,-1883.6064
196113.16,-2072.858,-1883.8579,-1978.3579,-1883.8579
196134.14,-2073.1099,-1884.1099,-1978.6099,-1884.1099
196155.11,-2073.3613,-1884.3613,-1978.8613,-1884.3613
196176.1,-2073.6133,-1884.6133,-1979.1133,-1884.6133
196197.06,-2073.8647,-1884.8647,-1979.3647,-1884.8647
196218.05,-2074.1162,-1885.1162,-1979.6162,-1885.1162
196239.02,-2074.3677,-1885.3682,-1979.8682,-1885.3682
196260.0,-2074.6196,-1885.6201,-1980.1201,-1885.6201
196280.97,-2074.871,-1885.8716,-1980.3716,-1885.8716
196301.95,-2075.123,-1886.1235,-1980.6235,-1886.1235
196322.92,-2075.3755,-1886.375,-1980.875,-1886.375
196343.9,-2075.6274,-1886.627,-1981.127,-1886.627
196364.88,-2075.879,-1886.8784,-1981.3784,-1886.8784
196385.86,-2076.1309,-1887.1304,-1981.6304,-1887.1304
196406.84,-2076.3823,-1887.3818,-1981.8818,-1887.3818
196427.81,-2076.6338,-1887.6338,-1982.1338,-1887.6338
196448.8,-2076.8857,-1887.8853,-1982.3853,-1887.8853
196469.77,-2077.1372,-1888.1372,-1982.6372,-1888.1372
196490.75,-2077.3892,-1888.3892,-1982.8892,-1888.3892
196511.72,-2077.6406,-1888.6406,-1983.1406,-1888.6406
196532.7,-2077.8926,-1888.8926,-1983.3926,-1888.8926
196553.67,-2078.144,-1889.144,-1983.644,-1889.144
196574.66,-2078.396,-1889.396,-1983.896,-1889.396
196595.62,-2078.6475,-1889.6475,-1984.1475,-1889.6475
196616.61,-2078.899,-1889.8989,-1984.3989,-1889.8989
196637.58,-2079.1504,-1890.1509,-1984.6509,-1890.1509
196658.56,-2079.4023,-1890.4028,-1984.9028,-1890.4028
196679.53,-2079.6538,-1890.6543,-1985.1543,-1890.6543
196700.52,-2079.9058,-1890.9062,-1985.4062,-1890.9062
196721.48,-2080.1582,-1891.1577,-1985.6577,-1891.1577
196742.47,-2080.4102,-1891.4097,-1985.9097,-1891.4097
196763.44,-2080.6616,-1891.6611,-1986.1611,-1891.6611
196784.42,-2080.9136,-1891.9131,-1986.4131,-1891.9131
196805.39,-2081.165,-1892.165,-1986.665,-1892.165
196826.38,-2081.4165,-1892.4165,-1986.9165,-1892.4165
196847.34,-2081.668,-1892.668,-1987.168,-1892.668
196868.33,-2081.92,-1892.9199,-1987.4199,-1892.9199
196889.31,-2082.1719,-1893.1719,-1987.6719,-1893.1719
196910.28,-2082.4233,-1893.4233,-1987.9233,-1893.4233
196931.27,-2082.6753,-1893.6753,-1988.1753,-1893.6753
196952.23,-2082.9268,-1893.9268,-1988.4268,-1893.9268
196973.22,-2083.1787,-1894.1787,-1988.6787,-1894.1787
196994.19,-2083.4302,-1894.4307,-1988.9307,-1894.4307
197015.17,-2083.6816,-1894.6816,-1989.1816,-1894.6816
197036.14,-2083.933,-1894.9336,-1989.4336,-1894.9336
197057.12,-2084.185,-1895.1855,-1989.6855,-1895.1855
197078.1,-2084.4375,-1895.437,-1989.937,-1895.437
197099.08,-2084.6885,-1895.689,-1990.189,-1895.689
197120.05,-2084.941,-1895.9404,-1990.4404,-1895.9404
197141.03,-2085.1929,-1896.1924,-1990.6924,-1896.1924
197162.0,-2085.4443,-1896.4438,-1990.9438,-1896.4438
197182.98,-2085.6963,-1896.6958,-1991.1958,-1896.6958
197203.95,-2085.9478,-1896.9478,-1991.4478,-1896.9478
197224.94,-2086.1992,-1897.1992,-1991.6992,-1897.1992
197245.9,-2086.4507,-1897.4507,-1991.9507,-1897.4507
197266.89,-2086.7026,-1897.7026,-1992.2026,-1897.7026
197287.86,-2086.954,-1897.9541,-1992.4541,-1897.9541
197308.84,-2087.206,-1898.206,-1992.706,-1898.206
197329.83,-2087.458,-1898.458,-1992.958,-1898.458
197350.8,-2087.7095,-1898.7095,-1993.2095,-1898.7095
197371.78,-2087.9614,-1898.9614,-1993.4614,-1898.9614
197392.75,-2088.213,-1899.2134,-1993.7134,-1899.2134
197413.73,-2088.4648,-1899.4648,-1993.9648,-1899.4648
197434.7,-2088.7158,-1899.7163,-1994.2163,-1899.7163
197455.69,-2088.9678,-1899.9683,-1994.4683,-1899.9683
197476.66,-2089.2202,-1900.2197,-1994.7197,-1900.2197
197497.64,-2089.4712,-1900.4717,-1994.9717,-1900.4717
197518.61,-2089.7236,-1900.7231,-1995.2231,-1900.7231
197539.6,-2089.9756,-1900.9751,-1995.4751,-1900.9751
197560.56,-2090.227,-1901.227,-1995.727,-1901.227
197581.55,-2090.479,-1901.4785,-1995.9785,-1901.4785
197602.52,-2090.7305,-1901.7305,-1996.2305,-1901.7305
197623.5,-2090.9824,-1901.9824,-1996.4824,-1901.9824
197644.47,-2091.2334,-1902.2334,-1996.7334,-1902.2334
197665.45,-2091.4854,-1902.4854,-1996.9854,-1902.4854
197686.42,-2091.7368,-1902.7368,-1997.2368,-1902.7368
197707.4,-2091.9888,-1902.9888,-1997.4888,-1902.9888
197728.38,-2092.2402,-1903.2402,-1997.7402,-1903.2402
197749.36,-2092.4922,-1903.4922,-1997.9922,-1903.4922
197770.33,-2092.7437,-1903.7441,-1998.2441,-1903.7441
197791.31,-2092.9956,-1903.9961,-1998.4961,-1903.9961
197812.3,-2093.2476,-1904.2476,-1998.7476,-1904.2476
197833.27,-2093.499,-1904.4995,-1998.9995,-1904.4995
197854.25,-2093.7505,-1904.751,-1999.251,-1904.751
197875.22,-2094.003,-1905.0024,-1999.5024,-1905.0024
197896.2,-2094.254,-1905.2544,-1999.7544,-1905.2544
197917.17,-2094.5063,-1905.5059,-2000.0059,-1905.5059
197938.16,-2094.7583,-1905.7578,-2000.2578,-1905.7578
197959.12,-2095.0098,-1906.0098,-2000.5098,-1906.0098
197980.11,-2095.2617,-1906.2612,-2000.7612,-1906.2612
198001.08,-2095.5132,-1906.5132,-2001.0132,-1906.5132
198022.06,-2095.7651,-1906.7651,-2001.2651,-1906.7651
198043.03,-2096.0166,-1907.0166,-2001.5166,-1907.0166
198064.02,-2096.268,-1907.2681,-2001.7681,-1907.2681
198084.98,-2096.5195,-1907.5195,-2002.0195,-1907.5195
198105.97,-2096.7715,-1907.7715,-2002.2715,-1907.7715
198126.94,-2097.023,-1908.0234,-2002.5234,-1908.0234
198147.92,-2097.275,-1908.2749,-2002.7749,-1908.2749
198168.89,-2097.5264,-1908.5269,-2003.0269,-1908.5269
198189.88,-2097.7783,-1908.7788,-2003.2788,-1908.7788
198210.84,-2098.0298,-1909.0303,-2003.5303,-1909.0303
198231.83,-2098.2817,-1909.2822,-2003.7822,-1909.2822
198252.8,-2098.5342,-1909.5337,-2004.0337,-1909.5337
198273.78,-2098.7856,-1909.7852,-2004.2852,-1909.7852
198294.77,-2099.0366,-1910.0371,-2004.5371,-1910.0371
198315.73,-2099.289,-1910.2886,-2004.7886,-1910.2886
198336.72,-2099.541,-1910.5405,-2005.0405,-1910.5405
198357.69,-2099.7925,-1910.7925,-2005.2925,-1910.7925
198378.67,-2100.0444,-1911.044,-2005.544,-1911.044
198399.64,-2100.296,-1911.2959,-2005.7959,-1911.2959
198420.62,-2100.5479,-1911.5479,-2006.0479,-1911.5479
198441.6,-2100.7993,-1911.7993,-2006.2993,-1911.7993
198462.58,-2101.0508,-1912.0508,-2006.5508,-1912.0508
198483.55,-2101.3022,-1912.3022,-2006.8022,-1912.3022
198504.53,-2101.5542,-1912.5542,-2007.0542,-1912.5542
198525.5,-2101.8057,-1912.8062,-2007.3062,-1912.8062
198546.48,-2102.0576,-1913.0576,-2007.5576,-1913.0576
198567.45,-2102.309,-1913.3096,-2007.8096,-1913.3096
198588.44,-2102.561,-1913.5615,-2008.0615,-1913.5615
198609.4,-2102.8135,-1913.813,-2008.313,-1913.813
198630.39,-2103.0645,-1914.065,-2008.565,-1914.065
198651.36,-2103.317,-1914.3164,-2008.8164,-1914.3164
198672.34,-2103.5684,-1914.5679,-2009.0679,-1914.5679
198693.31,-2103.8198,-1914.8193,-2009.3193,-1914.8193
198714.3,-2104.0718,-1915.0713,-2009.5713,-1915.0713
198735.28,-2104.3237,-1915.3232,-2009.8232,-1915.3232
198756.25,-2104.5752,-1915.5752,-2010.0752,-1915.5752
198777.23,-2104.8271,-1915.8267,-2010.3267,-1915.8267
198798.2,-2105.0786,-1916.0786,-2010.5786,-1916.0786
198819.19,-2105.3306,-1916.3306,-2010.8306,-1916.3306
198840.16,-2105.582,-1916.582,-2011.082,-1916.582
198861.14,-2105.8335,-1916.8335,-2011.3335,-1916.8335
198882.11,-2106.085,-1917.085,-2011.585,-1917.085
198903.1,-2106.337,-1917.3369,-2011.8369,-1917.3369
198924.06,-2106.5884,-1917.5889,-2012.0889,-1917.5889
198945.05,-2106.8403,-1917.8403,-2012.3403,-1917.8403
198966.02,-2107.0918,-1918.0923,-2012.5923,-1918.0923
198987.0,-2107.3438,-1918.3442,-2012.8442,-1918.3442
199007.97,-2107.5962,-1918.5957,-2013.0957,-1918.5957
199028.95,-2107.8472,-1918.8477,-2013.3477,-1918.8477
199049.92,-2108.0996,-1919.0991,-2013.5991,-1919.0991
199070.9,-2108.351,-1919.3506,-2013.8506,-1919.3506
199091.88,-2108.6025,-1919.6025,-2014.1025,-1919.6025
199112.86,-2108.8545,-1919.854,-2014.354,-1919.854
199133.83,-2109.106,-1920.106,-2014.606,-1920.106
199154.81,-2109.358,-1920.3579,-2014.8579,-1920.3579
199175.78,-2109.6094,-1920.6094,-2015.1094,-1920.6094
199196.77,-2109.8613,-1920.8613,-2015.3613,-1920.8613
199217.75,-2110.1133,-1921.1133,-2015.6133,-1921.1133
199238.72,-2110.3647,-1921.3647,-2015.8647,-1921.3647
199259.7,-2110.6162,-1921.6162,-2016.1162,-1921.6162
199280.67,-2110.8677,-1921.8677,-2016.3677,-1921.8677
199301.66,-2111.1196,-1922.1196,-2016.6196,-1922.1196
199322.62,-2111.371,-1922.3716,-2016.8716,-1922.3716
199343.61,-2111.623,-1922.623,-2017.123,-1922.623
199364.58,-2111.8745,-1922.875,-2017.375,-1922.875
199385.56,-2112.1265,-1923.127,-2017.627,-1923.127
199406.53,-2112.379,-1923.3784,-2017.8784,-1923.3784
199427.52,-2112.63,-1923.6304,-2018.1304,-1923.6304
199448.48,-2112.8823,-1923.8818,-2018.3818,-1923.8818
199469.47,-2113.1338,-1924.1333,-2018.6333,-1924.1333
199490.44,-2113.3853,-1924.3853,-2018.8853,-1924.3853
199511.42,-2113.6372,-1924.6367,-2019.1367,-1924.6367
199532.39,-2113.8887,-1924.8887,-2019.3887,-1924.8887
199553.38,-2114.1406,-1925.1406,-2019.6406,-1925.1406
199574.34,-2114.392,-1925.3921,-2019.8921,-1925.3921
199595.33,-2114.644,-1925.644,-2020.144,-1925.644
199616.3,-2114.8955,-1925.8955,-2020.3955,-1925.8955
199637.28,-2115.1475,-1926.1475,-2020.6475,-1926.1475
199658.25,-2115.399,-1926.3994,-2020.8994,-1926.3994
199679.23,-2115.6504,-1926.6504,-2021.1504,-1926.6504
199700.22,-2115.9023,-1926.9023,-2021.4023,-1926.9023
199721.19,-2116.1538,-1927.1543,-2021.6543,-1927.1543
199742.17,-2116.4058,-1927.4062,-2021.9062,-1927.4062
199763.14,-2116.6572,-1927.6577,-2022.1577,-1927.6577
199784.12,-2116.9092,-1927.9097,-2022.4097,-1927.9097
199805.1,-2117.1616,-1928.1611,-2022.6611,-1928.1611
199826.08,-2117.4126,-1928.4131,-2022.9131,-1928.4131
199847.05,-2117.665,-1928.6646,-2023.1646,-1928.6646
199868.03,-2117.917,-1928.9165,-2023.4165,-1928.9165
199889.0,-2118.168,-1929.168,-2023.668,-1929.168
199909.98,-2118.42,-1929.4194,-2023.9194,-1929.4194
199930.95,-2118.6714,-1929.6714,-2024.1714,-1929.6714
199951.94,-2118.9233,-1929.9233,-2024.4233,-1929.9233
199972.9,-2119.1748,-1930.1748,-2024.6748,-1930.1748
199993.89,-2119.4268,-1930.4268,-2024.9268,-1930.4268
200014.86,-2119.6782,-1930.6782,-2025.1782,-1930.6782
200035.84,-2119.9302,-1930.9302,-2025.4302,-1930.9302
200056.81,-2120.1816,-1931.1821,-2025.6821,-1931.1821
200077.8,-2120.4336,-1931.4336,-2025.9336,-1931.4336
200098.77,-2120.6846,-1931.685,-2026.185,-1931.685
200119.75,-2120.9365,-1931.937,-2026.437,-1931.937
200140.73,-2121.1885,-1932.189,-2026.689,-1932.189
200161.7,-2121.44,-1932.4404,-2026.9404,-1932.4404
200182.69,-2121.692,-1932.6924,-2027.1924,-1932.6924
200203.66,-2121.9443,-1932.9438,-2027.4438,-1932.9438
200224.64,-2122.1963,-1933.1958,-2027.6958,-1933.1958
200245.61,-2122.4478,-1933.4473,-2027.9473,-1933.4473
200266.6,-2122.6997,-1933.6992,-2028.1992,-1933.6992
200287.56,-2122.9512,-1933.9512,-2028.4512,-1933.9512
200308.55,-2123.2026,-1934.2021,-2028.7021,-1934.2021
200329.52,-2123.454,-1934.4541,-2028.9541,-1934.4541
200350.5,-2123.706,-1934.706,-2029.206,-1934.706
200371.47,-2123.9575,-1934.9575,-2029.4575,-1934.9575
200392.45,-2124.2095,-1935.2095,-2029.7095,-1935.2095
200413.42,-2124.461,-1935.4609,-2029.9609,-1935.4609
200434.4,-2124.713,-1935.7129,-2030.2129,-1935.7129
200455.38,-2124.9644,-1935.9648,-2030.4648,-1935.9648
200476.36,-2125.2163,-1936.2163,-2030.7163,-1936.2163
200497.33,-2125.4678,-1936.4683,-2030.9683,-1936.4683
200518.31,-2125.7192,-1936.7197,-2031.2197,-1936.7197
200539.28,-2125.9717,-1936.9712,-2031.4712,-1936.9712
200560.27,-2126.2227,-1937.2231,-2031.7231,-1937.2231
200581.23,-2126.475,-1937.4746,-2031.9746,-1937.4746
200602.22,-2126.727,-1937.7266,-2032.2266,-1937.7266
200623.2,-2126.979,-1937.9785,-2032.4785,-1937.9785
200644.17,-2127.2305,-1938.23,-2032.73,-1938.23
200665.16,-2127.4824,-1938.4819,-2032.9819,-1938.4819
200686.12,-2127.734,-1938.7339,-2033.2339,-1938.7339
200707.11,-2127.9854,-1938.9854,-2033.4854,-1938.9854
200728.08,-2128.2368,-1939.2368,-2033.7368,-1939.2368
200749.06,-2128.4888,-1939.4888,-2033.9888,-1939.4888
200770.03,-2128.7402,-1939.7402,-2034.2402,-1939.7402
200791.02,-2128.9922,-1939.9922,-2034.4922,-1939.9922
200811.98,-2129.2437,-1940.2437,-2034.7437,-1940.2437
200832.97,-2129.4956,-1940.4956,-2034.9956,-1940.4956
200853.94,-2129.747,-1940.7476,-2035.2476,-1940.7476
200874.92,-2129.999,-1940.999,-2035.499,-1940.999
200895.89,-2130.2505,-1941.251,-2035.751,-1941.251
200916.88,-2130.502,-1941.5024,-2036.0024,-1941.5024
200937.84,-2130.7544,-1941.7539,-2036.2539,-1941.7539
200958.83,-2131.0054,-1942.0059,-2036.5059,-1942.0059
200979.8,-2131.2578,-1942.2573,-2036.7573,-1942.2573
201000.78,-2131.5098,-1942.5093,-2037.0093,-1942.5093
201021.75,-2131.7612,-1942.7612,-2037.2612,-1942.7612
201042.73,-2132.0132,-1943.0127,-2037.5127,-1943.0127
201063.7,-2132.2646,-1943.2646,-2037.7646,-1943.2646
201084.69,-2132.5166,-1943.5166,-2038.0166,-1943.5166
201105.67,-2132.768,-1943.7681,-2038.2681,-1943.7681
201126.64,-2133.0195,-1944.0195,-2038.5195,-1944.0195
201147.62,-2133.2715,-1944.2715,-2038.7715,-1944.2715
201168.6,-2133.523,-1944.523,-2039.023,-1944.523
201189.58,-2133.775,-1944.7749,-2039.2749,-1944.7749
201210.55,-2134.0264,-1945.0264,-2039.5264,-1945.0264
201231.53,-2134.2783,-1945.2783,-2039.7783,-1945.2783
201252.5,-2134.5298,-1945.5303,-2040.0303,-1945.5303
201273.48,-2134.7817,-1945.7822,-2040.2822,-1945.7822
201294.45,-2135.0332,-1946.0337,-2040.5337,-1946.0337
201315.44,-2135.2847,-1946.2852,-2040.7852,-1946.2852
201336.4,-2135.537,-1946.5366,-2041.0366,-1946.5366
201357.39,-2135.789,-1946.7886,-2041.2886,-1946.7886
201378.36,-2136.0405,-1947.04,-2041.54,-1947.04
201399.34,-2136.2925,-1947.292,-2041.792,-1947.292
201420.31,-2136.544,-1947.544,-2042.044,-1947.544
201441.3,-2136.796,-1947.7954,-2042.2954,-1947.7954
201462.27,-2137.0474,-1948.0474,-2042.5474,-1948.0474
201483.25,-2137.2993,-1948.2993,-2042.7993,-1948.2993
201504.22,-2137.5508,-1948.5508,-2043.0508,-1948.5508
201525.2,-2137.8022,-1948.8022,-2043.3022,-1948.8022
201546.19,-2138.0542,-1949.0542,-2043.5542,-1949.0542
201567.16,-2138.3057,-1949.3057,-2043.8057,-1949.3057
201588.14,-2138.5576,-1949.5576,-2044.0576,-1949.5576
201609.11,-2138.809,-1949.8091,-2044.3091,-1949.8091
201630.1,-2139.061,-1950.061,-2044.561,-1950.061
201651.06,-2139.3125,-1950.313,-2044.813,-1950.313
201672.05,-2139.5645,-1950.565,-2045.0645,-1950.565
201693.02,-2139.816,-1950.8164,-2045.3159,-1950.8164
201714.0,-2140.0674,-1951.0679,-2045.5674,-1951.0679
201734.97,-2140.3198,-1951.3193,-2045.8198,-1951.3193
201755.95,-2140.5718,-1951.5713,-2046.0718,-1951.5713
201776.92,-2140.8232,-1951.8228,-2046.3232,-1951.8228
201797.9,-2141.0752,-1952.0747,-2046.5752,-1952.0747
201818.88,-2141.3267,-1952.3267,-2046.8267,-1952.3267
201839.86,-2141.5786,-1952.5786,-2047.0786,-1952.5786
201860.83,-2141.83,-1952.8301,-2047.3301,-1952.8301
201881.81,-2142.082,-1953.082,-2047.582,-1953.082
201902.78,-2142.3335,-1953.3335,-2047.8335,-1953.3335
201923.77,-2142.585,-1953.585,-2048.085,-1953.585
201944.73,-2142.8364,-1953.8364,-2048.3364,-1953.8364
201965.72,-2143.0884,-1954.0884,-2048.5884,-1954.0884
201986.69,-2143.3398,-1954.3403,-2048.8398,-1954.3403
202007.67,-2143.5918,-1954.5918,-2049.0918,-1954.5918
202028.66,-2143.8438,-1954.8438,-2049.3438,-1954.8438
202049.62,-2144.0952,-1955.0957,-2049.5952,-1955.0957
202070.61,-2144.3472,-1955.3477,-2049.8472,-1955.3477
202091.58,-2144.5986,-1955.5991,-2050.0986,-1955.5991
202112.56,-2144.8506,-1955.8511,-2050.3506,-1955.8511
202133.53,-2145.1025,-1956.102,-2050.6025,-1956.102
202154.52,-2145.3545,-1956.354,-2050.8545,-1956.354
202175.48,-2145.606,-1956.6055,-2051.106,-1956.6055
202196.47,-2145.858,-1956.8574,-2051.358,-1956.8574
202217.44,-2146.1094,-1957.1094,-2051.6094,-1957.1094
202238.42,-2146.3613,-1957.3613,-2051.8613,-1957.3613
202259.39,-2146.6128,-1957.6128,-2052.1128,-1957.6128
202280.38,-2146.8647,-1957.8647,-2052.3647,-1957.8647
202301.34,-2147.1162,-1958.1162,-2052.6162,-1958.1162
202322.33,-2147.3682,-1958.3682,-2052.8682,-1958.3682
202343.3,-2147.6191,-1958.6191,-2053.1191,-1958.6191
202364.28,-2147.871,-1958.8711,-2053.371,-1958.8711
202385.25,-2148.1226,-1959.123,-2053.6226,-1959.123
202406.23,-2148.3745,-1959.375,-2053.8745,-1959.375
202427.2,-2148.626,-1959.6265,-2054.126,-1959.6265
202448.19,-2148.878,-1959.8784,-2054.378,-1959.8784
202469.16,-2149.1304,-1960.1299,-2054.6304,-1960.1299
202490.14,-2149.3813,-1960.3818,-2054.8813,-1960.3818
202511.12,-2149.6333,-1960.6338,-2055.1333,-1960.6338
202532.1,-2149.8857,-1960.8853,-2055.3857,-1960.8853
202553.08,-2150.1372,-1961.1367,-2055.6372,-1961.1367
202574.05,-2150.3887,-1961.3882,-2055.8887,-1961.3882
202595.03,-2150.6406,-1961.6401,-2056.1406,-1961.6401
202616.0,-2150.892,-1961.8921,-2056.392,-1961.8921
202636.98,-2151.144,-1962.144,-2056.644,-1962.144
202657.95,-2151.3955,-1962.3955,-2056.8955,-1962.3955
202678.94,-2151.6475,-1962.6475,-2057.1475,-1962.6475
202699.9,-2151.899,-1962.8989,-2057.399,-1962.8989
202720.89,-2152.151,-1963.1509,-2057.651,-1963.1509
202741.86,-2152.4023,-1963.4023,-2057.9023,-1963.4023
202762.84,-2152.6538,-1963.6538,-2058.1538,-1963.6538
202783.81,-2152.9053,-1963.9058,-2058.4053,-1963.9058
202804.8,-2153.1572,-1964.1577,-2058.6572,-1964.1577
202825.77,-2153.4087,-1964.4092,-2058.9087,-1964.4092
202846.75,-2153.6606,-1964.6611,-2059.1606,-1964.6611
202867.72,-2153.913,-1964.9126,-2059.413,-1964.9126
202888.7,-2154.165,-1965.1646,-2059.665,-1965.1646
202909.67,-2154.4165,-1965.416,-2059.9165,-1965.416
202930.66,-2154.6685,-1965.668,-2060.1685,-1965.668
202951.64,-2154.92,-1965.9194,-2060.42,-1965.9194
202972.61,-2155.1714,-1966.1709,-2060.6714,-1966.1709
202993.6,-2155.4233,-1966.4229,-2060.9233,-1966.4229
203014.56,-2155.6748,-1966.6748,-2061.1748,-1966.6748
203035.55,-2155.9268,-1966.9268,-2061.4268,-1966.9268
203056.52,-2156.1782,-1967.1782,-2061.6782,-1967.1782
203077.5,-2156.4302,-1967.4302,-2061.9302,-1967.4302
203098.47,-2156.6816,-1967.6816,-2062.1816,-1967.6816
203119.45,-2156.9336,-1967.9336,-2062.4336,-1967.9336
203140.42,-2157.185,-1968.185,-2062.685,-1968.185
203161.4,-2157.4365,-1968.4365,-2062.9365,-1968.4365
203182.38,-2157.688,-1968.6885,-2063.188,-1968.6885
203203.36,-2157.94,-1968.9404,-2063.44,-1968.9404
203224.33,-2158.1914,-1969.1919,-2063.6914,-1969.1919
203245.31,-2158.4434,-1969.4438,-2063.9434,-1969.4438
203266.28,-2158.6958,-1969.6953,-2064.1958,-1969.6953
203287.27,-2158.9478,-1969.9473,-2064.4478,-1969.9473
203308.23,-2159.1992,-1970.1987,-2064.6992,-1970.1987
203329.22,-2159.4512,-1970.4507,-2064.9512,-1970.4507
203350.19,-2159.7026,-1970.7026,-2065.2026,-1970.7026
203371.17,-2159.954,-1970.9541,-2065.454,-1970.9541
203392.14,-2160.2056,-1971.2056,-2065.7056,-1971.2056
203413.12,-2160.4575,-1971.4575,-2065.9575,-1971.4575
203434.11,-2160.7095,-1971.7095,-2066.2095,-1971.7095
203455.08,-2160.961,-1971.9609,-2066.461,-1971.9609
203476.06,-2161.213,-1972.2129,-2066.713,-1972.2129
203497.03,-2161.4644,-1972.4644,-2066.9644,-1972.4644
203518.02,-2161.7163,-1972.7163,-2067.2163,-1972.7163
203538.98,-2161.9678,-1972.9678,-2067.4678,-1972.9678
203559.97,-2162.2192,-1973.2192,-2067.7192,-1973.2192
203580.94,-2162.4707,-1973.4712,-2067.9707,-1973.4712
203601.92,-2162.7227,-1973.7231,-2068.2227,-1973.7231
203622.89,-2162.974,-1973.9746,-2068.474,-1973.9746
203643.88,-2163.226,-1974.2266,-2068.726,-1974.2266
203664.84,-2163.4785,-1974.478,-2068.9785,-1974.478
203685.83,-2163.7305,-1974.73,-2069.2305,-1974.73
203706.8,-2163.982,-1974.9814,-2069.482,-1974.9814
203727.78,-2164.234,-1975.2334,-2069.734,-1975.2334
203748.75,-2164.4854,-1975.4854,-2069.9854,-1975.4854
203769.73,-2164.7368,-1975.7368,-2070.2368,-1975.7368
203790.7,-2164.9883,-1975.9883,-2070.4883,-1975.9883
203811.69,-2165.2402,-1976.2402,-2070.7402,-1976.2402
203832.66,-2165.4917,-1976.4917,-2070.9917,-1976.4917
203853.64,-2165.7437,-1976.7437,-2071.2437,-1976.7437
203874.62,-2165.9956,-1976.9956,-2071.4956,-1976.9956
203895.6,-2166.247,-1977.2471,-2071.747,-1977.2471
203916.58,-2166.499,-1977.499,-2071.999,-1977.499
203937.55,-2166.7505,-1977.751,-2072.2505,-1977.751
203958.53,-2167.002,-1978.002,-2072.502,-1978.002
203979.5,-2167.2534,-1978.2539,-2072.7534,-1978.2539
204000.48,-2167.5054,-1978.5059,-2073.0054,-1978.5059
204021.45,-2167.7578,-1978.7573,-2073.2578,-1978.7573
204042.44,-2168.0088,-1979.0093,-2073.5088,-1979.0093
204063.4,-2168.2612,-1979.2607,-2073.7612,-1979.2607
204084.39,-2168.5132,-1979.5127,-2074.0132,-1979.5127
204105.36,-2168.7646,-1979.7642,-2074.2646,-1979.7642
204126.34,-2169.0166,-1980.0161,-2074.5166,-1980.0161
204147.31,-2169.268,-1980.2681,-2074.768,-1980.2681
204168.3,-2169.5195,-1980.5195,-2075.0195,-1980.5195
204189.27,-2169.771,-1980.771,-2075.271,-1980.771
204210.25,-2170.023,-1981.023,-2075.523,-1981.023
204231.22,-2170.2744,-1981.2744,-2075.7744,-1981.2744
204252.2,-2170.5264,-1981.5264,-2076.0264,-1981.5264
204273.17,-2170.7778,-1981.7778,-2076.2778,-1981.7778
204294.16,-2171.0298,-1982.0298,-2076.5298,-1982.0298
204315.12,-2171.2812,-1982.2817,-2076.7812,-1982.2817
204336.11,-2171.5332,-1982.5337,-2077.0332,-1982.5337
204357.1,-2171.7852,-1982.7852,-2077.2852,-1982.7852
204378.06,-2172.0361,-1983.0366,-2077.5361,-1983.0366
204399.05,-2172.288,-1983.2886,-2077.788,-1983.2886
204420.02,-2172.5405,-1983.54,-2078.0405,-1983.54
204441.0,-2172.7915,-1983.792,-2078.2915,-1983.792
204461.97,-2173.044,-1984.0435,-2078.544,-1984.0435
204482.95,-2173.296,-1984.2954,-2078.796,-1984.2954
204503.92,-2173.5474,-1984.5474,-2079.0474,-1984.5474
204524.9,-2173.7993,-1984.7988,-2079.2993,-1984.7988
204545.88,-2174.0508,-1985.0508,-2079.5508,-1985.0508
204566.86,-2174.3027,-1985.3027,-2079.8027,-1985.3027
204587.83,-2174.5537,-1985.5537,-2080.0537,-1985.5537
204608.81,-2174.8057,-1985.8057,-2080.3057,-1985.8057
204629.78,-2175.0571,-1986.0571,-2080.5571,-1986.0571
204650.77,-2175.309,-1986.3091,-2080.809,-1986.3091
204671.73,-2175.5605,-1986.5605,-2081.0605,-1986.5605
204692.72,-2175.8125,-1986.8125,-2081.3125,-1986.8125
204713.69,-2176.064,-1987.0645,-2081.564,-1987.0645
204734.67,-2176.316,-1987.3164,-2081.816,-1987.3164
204755.64,-2176.5674,-1987.5679,-2082.0674,-1987.5679
204776.62,-2176.8193,-1987.8198,-2082.3193,-1987.8198
204797.6,-2177.0713,-1988.0708,-2082.5713,-1988.0708
204818.58,-2177.3232,-1988.3228,-2082.8232,-1988.3228
204839.56,-2177.5742,-1988.5747,-2083.0742,-1988.5747
204860.53,-2177.8267,-1988.8262,-2083.3267,-1988.8262
204881.52,-2178.0786,-1989.0781,-2083.5786,-1989.0781
204902.48,-2178.33,-1989.3301,-2083.83,-1989.3301
204923.47,-2178.582,-1989.5815,-2084.082,-1989.5815
204944.44,-2178.8335,-1989.8335,-2084.3335,-1989.8335
204965.42,-2179.0854,-1990.0854,-2084.5854,-1990.0854
204986.39,-2179.337,-1990.3369,-2084.837,-1990.3369
205007.38,-2179.5884,-1990.5884,-2085.0884,-1990.5884
205028.34,-2179.8398,-1990.8398,-2085.3398,-1990.8398
205049.33,-2180.0918,-1991.0918,-2085.5918,-1991.0918
205070.3,-2180.3433,-1991.3438,-2085.8433,-1991.3438
205091.28,-2180.5952,-1991.5952,-2086.0952,-1991.5952
205112.25,-2180.8467,-1991.8472,-2086.3467,-1991.8472
205133.23,-2181.0986,-1992.0991,-2086.5986,-1992.0991
205154.2,-2181.35,-1992.3506,-2086.85,-1992.3506
205175.19,-2181.602,-1992.6025,-2087.102,-1992.6025
205196.16,-2181.8545,-1992.854,-2087.3545,-1992.854
205217.14,-2182.106,-1993.1055,-2087.606,-1993.1055
205238.11,-2182.3574,-1993.3569,-2087.8574,-1993.3569
205259.1,-2182.6094,-1993.6089,-2088.1094,-1993.6089
205280.08,-2182.8613,-1993.8608,-2088.3613,-1993.8608
205301.05,-2183.1128,-1994.1128,-2088.6128,-1994.1128
205322.03,-2183.3647,-1994.3643,-2088.8647,-1994.3643
205343.0,-2183.6162,-1994.6162,-2089.1162,-1994.6162
205363.98,-2183.8682,-1994.8682,-2089.3682,-1994.8682
205384.95,-2184.1196,-1995.1196,-2089.6196,-1995.1196
205405.94,-2184.371,-1995.3711,-2089.871,-1995.3711
205426.9,-2184.6226,-1995.6226,-2090.1226,-1995.6226
205447.89,-2184.8745,-1995.8745,-2090.3745,-1995.8745
205468.86,-2185.126,-1996.1265,-2090.626,-1996.1265
205489.84,-2185.378,-1996.3779,-2090.878,-1996.3779
205510.81,-2185.6294,-1996.6299,-2091.1294,-1996.6299
205531.8,-2185.8813,-1996.8818,-2091.3813,-1996.8818
205552.77,-2186.1338,-1997.1333,-2091.6338,-1997.1333
205573.75,-2186.3848,-1997.3853,-2091.8848,-1997.3853
205594.72,-2186.6372,-1997.6367,-2092.1372,-1997.6367
205615.7,-2186.8887,-1997.8882,-2092.3887,-1997.8882
205636.67,-2187.1401,-1998.1396,-2092.6401,-1998.1396
205657.66,-2187.392,-1998.3916,-2092.892,-1998.3916
205678.62,-2187.6436,-1998.6436,-2093.1436,-1998.6436
205699.61,-2187.8955,-1998.8955,-2093.3955,-1998.8955
205720.58,-2188.147,-1999.147,-2093.647,-1999.147
205741.56,-2188.399,-1999.3989,-2093.899,-1999.3989
205762.55,-2188.651,-1999.6509,-2094.151,-1999.6509
205783.52,-2188.9023,-1999.9023,-2094.4023,-1999.9023
205804.5,-2189.1538,-2000.1538,-2094.6538,-2000.1538
205825.47,-2189.4053,-2000.4053,-2094.9053,-2000.4053
205846.45,-2189.6572,-2000.6572,-2095.1572,-2000.6572
205867.42,-2189.9087,-2000.9092,-2095.4087,-2000.9092
205888.4,-2190.1606,-2001.1606,-2095.6606,-2001.1606
205909.38,-2190.412,-2001.4126,-2095.912,-2001.4126
205930.36,-2190.664,-2001.6646,-2096.164,-2001.6646
205951.33,-2190.9165,-2001.916,-2096.4165,-2001.916
205972.31,-2191.1675,-2002.168,-2096.6675,-2002.168
205993.28,-2191.42,-2002.4194,-2096.92,-2002.4194
206014.27,-2191.6714,-2002.6709,-2097.1714,-2002.6709
206035.23,-2191.9229,-2002.9229,-2097.4229,-2002.9229
206056.22,-2192.1748,-2003.1743,-2097.6748,-2003.1743
206077.19,-2192.4263,-2003.4263,-2097.9263,-2003.4263
206098.17,-2192.6782,-2003.6782,-2098.1782,-2003.6782
206119.14,-2192.9297,-2003.9297,-2098.4297,-2003.9297
206140.12,-2193.1816,-2004.1816,-2098.6816,-2004.1816
206161.1,-2193.433,-2004.4331,-2098.933,-2004.4331
206182.08,-2193.685,-2004.685,-2099.185,-2004.685
206203.05,-2193.9365,-2004.9365,-2099.4365,-2004.9365
206224.03,-2194.188,-2005.188,-2099.688,-2005.188
206245.02,-2194.44,-2005.44,-2099.94,-2005.44
206265.98,-2194.6914,-2005.6919,-2100.1914,-2005.6919
206286.97,-2194.9434,-2005.9434,-2100.4434,-2005.9434
206307.94,-2195.1948,-2006.1953,-2100.6948,-2006.1953
206328.92,-2195.4468,-2006.4473,-2100.9468,-2006.4473
206349.89,-2195.6992,-2006.6987,-2101.1992,-2006.6987
206370.88,-2195.9502,-2006.9507,-2101.4502,-2006.9507
206391.84,-2196.2026,-2007.2021,-2101.7026,-2007.2021
206412.83,-2196.454,-2007.4536,-2101.954,-2007.4536
206433.8,-2196.7056,-2007.7056,-2102.2056,-2007.7056
206454.78,-2196.9575,-2007.957,-2102.4575,-2007.957
206475.75,-2197.209,-2008.209,-2102.709,-2008.209
206496.73,-2197.461,-2008.4609,-2102.961,-2008.4609
206517.7,-2197.7124,-2008.7124,-2103.2124,-2008.7124
206538.69,-2197.9644,-2008.9644,-2103.4644,-2008.9644
206559.66,-2198.2158,-2009.2158,-2103.7158,-2009.2158
206580.64,-2198.4678,-2009.4678,-2103.9678,-2009.4678
206601.61,-2198.7192,-2009.7197,-2104.2192,-2009.7197
206622.6,-2198.9707,-2009.9707,-2104.4707,-2009.9707
206643.56,-2199.2222,-2010.2227,-2104.7222,-2010.2227
206664.55,-2199.474,-2010.4746,-2104.974,-2010.4746
206685.53,-2199.726,-2010.7266,-2105.226,-2010.7266
206706.5,-2199.9775,-2010.978,-2105.4775,-2010.978
206727.48,-2200.2295,-2011.23,-2105.7295,-2011.23
206748.45,-2200.482,-2011.4814,-2105.982,-2011.4814
206769.44,-2200.733,-2011.7334,-2106.233,-2011.7334
206790.4,-2200.9854,-2011.9849,-2106.4854,-2011.9849
206811.39,-2201.2373,-2012.2368,-2106.7373,-2012.2368
206832.36,-2201.4883,-2012.4883,-2106.9883,-2012.4883
206853.34,-2201.7402,-2012.7397,-2107.2402,-2012.7397
206874.31,-2201.9917,-2012.9917,-2107.4917,-2012.9917
206895.3,-2202.2437,-2013.2437,-2107.7437,-2013.2437
206916.27,-2202.495,-2013.4951,-2107.995,-2013.4951
206937.25,-2202.747,-2013.7471,-2108.247,-2013.7471
206958.22,-2202.9985,-2013.9985,-2108.4985,-2013.9985
206979.2,-2203.2505,-2014.2505,-2108.7505,-2014.2505
207000.17,-2203.502,-2014.5024,-2109.002,-2014.5024
207021.16,-2203.754,-2014.7539,-2109.254,-2014.7539
207042.12,-2204.005,-2015.0054,-2109.505,-2015.0054
207063.11,-2204.2568,-2015.2573,-2109.7568,-2015.2573
207084.08,-2204.5093,-2015.5088,-2110.0093,-2015.5088
207105.06,-2204.7603,-2015.7607,-2110.2603,-2015.7607
207126.03,-2205.0127,-2016.0122,-2110.5127,-2016.0122
207147.02,-2205.2646,-2016.2642,-2110.7646,-2016.2642
207168.0,-2205.5166,-2016.5161,-2111.0166,-2016.5161
207188.97,-2205.768,-2016.7676,-2111.268,-2016.7676
207209.95,-2206.02,-2017.0195,-2111.52,-2017.0195
207230.92,-2206.2715,-2017.2715,-2111.7715,-2017.2715
207251.9,-2206.523,-2017.5225,-2112.023,-2017.5225
207272.88,-2206.7744,-2017.7744,-2112.2744,-2017.7744
207293.86,-2207.0264,-2018.0264,-2112.5264,-2018.0264
207314.83,-2207.2778,-2018.2778,-2112.7778,-2018.2778
207335.81,-2207.5298,-2018.5298,-2113.0298,-2018.5298
207356.78,-2207.7812,-2018.7812,-2113.2812,-2018.7812
207377.77,-2208.0332,-2019.0332,-2113.5332,-2019.0332
207398.73,-2208.2847,-2019.2852,-2113.7847,-2019.2852
207419.72,-2208.5366,-2019.5366,-2114.0366,-2019.5366
207440.69,-2208.788,-2019.7886,-2114.288,-2019.7886
207461.67,-2209.0396,-2020.04,-2114.5396,-2020.04
207482.64,-2209.292,-2020.2915,-2114.792,-2020.2915
207503.62,-2209.543,-2020.5435,-2115.043,-2020.5435
207524.6,-2209.7954,-2020.7949,-2115.2954,-2020.7949
207545.58,-2210.0474,-2021.0469,-2115.5474,-2021.0469
207566.55,-2210.2988,-2021.2988,-2115.7988,-2021.2988
207587.53,-2210.5508,-2021.5503,-2116.0508,-2021.5503
207608.5,-2210.8022,-2021.8022,-2116.3022,-2021.8022
207629.48,-2211.0542,-2022.0542,-2116.5542,-2022.0542
207650.47,-2211.3057,-2022.3057,-2116.8057,-2022.3057
207671.44,-2211.5571,-2022.5571,-2117.0571,-2022.5571
207692.42,-2211.809,-2022.8091,-2117.309,-2022.8091
207713.39,-2212.0605,-2023.0605,-2117.5605,-2023.0605
207734.38,-2212.3125,-2023.3125,-2117.8125,-2023.3125
207755.34,-2212.564,-2023.564,-2118.064,-2023.564
207776.33,-2212.816,-2023.8159,-2118.316,-2023.8159
207797.3,-2213.0674,-2024.0679,-2118.5674,-2024.0679
207818.28,-2213.3193,-2024.3193,-2118.8193,-2024.3193
207839.25,-2213.5708,-2024.5713,-2119.0708,-2024.5713
207860.23,-2213.8223,-2024.8228,-2119.3223,-2024.8228
207881.2,-2214.0747,-2025.0742,-2119.5747,-2025.0742
207902.19,-2214.3257,-2025.3262,-2119.8257,-2025.3262
207923.16,-2214.5781,-2025.5776,-2120.0781,-2025.5776
207944.14,-2214.83,-2025.8296,-2120.33,-2025.8296
207965.11,-2215.0815,-2026.0815,-2120.5815,-2026.0815
207986.1,-2215.3335,-2026.333,-2120.8335,-2026.333
208007.06,-2215.585,-2026.585,-2121.085,-2026.585
208028.05,-2215.837,-2026.8369,-2121.337,-2026.8369
208049.02,-2216.0884,-2027.0884,-2121.5884,-2027.0884
208070.0,-2216.3398,-2027.3398,-2121.8398,-2027.3398
208090.98,-2216.5918,-2027.5918,-2122.0918,-2027.5918
208111.95,-2216.8433,-2027.8433,-2122.3433,-2027.8433
208132.94,-2217.0952,-2028.0952,-2122.5952,-2028.0952
208153.9,-2217.3467,-2028.3467,-2122.8467,-2028.3467
208174.89,-2217.5986,-2028.5986,-2123.0986,-2028.5986
208195.86,-2217.85,-2028.8506,-2123.35,-2028.8506
208216.84,-2218.102,-2029.1025,-2123.602,-2029.1025
208237.81,-2218.3535,-2029.354,-2123.8535,-2029.354
208258.8,-2218.605,-2029.6055,-2124.105,-2029.6055
208279.77,-2218.8574,-2029.8569,-2124.3574,-2029.8569
208300.75,-2219.1094,-2030.1089,-2124.6094,-2030.1089
208321.72,-2219.3608,-2030.3604,-2124.8608,-2030.3604
208342.7,-2219.6128,-2030.6123,-2125.1128,-2030.6123
208363.67,-2219.8643,-2030.8643,-2125.3643,-2030.8643
208384.66,-2220.1162,-2031.1157,-2125.6162,-2031.1157
208405.62,-2220.3677,-2031.3677,-2125.8677,-2031.3677
208426.61,-2220.6196,-2031.6196,-2126.1196,-2031.6196
208447.58,-2220.871,-2031.8711,-2126.371,-2031.8711
208468.56,-2221.1226,-2032.1226,-2126.6226,-2032.1226
208489.53,-2221.374,-2032.374,-2126.874,-2032.374
208510.52,-2221.626,-2032.626,-2127.126,-2032.626
208531.48,-2221.8774,-2032.8779,-2127.3774,-2032.8779
208552.47,-2222.1294,-2033.1294,-2127.6294,-2033.1294
208573.45,-2222.3813,-2033.3813,-2127.8813,-2033.3813
208594.42,-2222.6328,-2033.6333,-2128.1328,-2033.6333
208615.4,-2222.8848,-2033.8853,-2128.3848,-2033.8853
208636.38,-2223.1362,-2034.1367,-2128.6362,-2034.1367
208657.36,-2223.3877,-2034.3882,-2128.8877,-2034.3882
208678.33,-2223.6401,-2034.6396,-2129.1401,-2034.6396
208699.31,-2223.892,-2034.8916,-2129.392,-2034.8916
208720.28,-2224.1436,-2035.1431,-2129.6436,-2035.1431
208741.27,-2224.3955,-2035.395,-2129.8955,-2035.395
208762.23,-2224.647,-2035.647,-2130.147,-2035.647
208783.22,-2224.899,-2035.8989,-2130.399,-2035.8989
208804.19,-2225.1504,-2036.1504,-2130.6504,-2036.1504
208825.17,-2225.4023,-2036.4023,-2130.9023,-2036.4023
208846.14,-2225.6538,-2036.6538,-2131.1538,-2036.6538
208867.12,-2225.9053,-2036.9053,-2131.4053,-2036.9053
208888.1,-2226.1567,-2037.1567,-2131.6567,-2037.1567
208909.08,-2226.4087,-2037.4087,-2131.9087,-2037.4087
208930.05,-2226.6602,-2037.6606,-2132.1602,-2037.6606
208951.03,-2226.912,-2037.9121,-2132.412,-2037.9121
208972.0,-2227.1636,-2038.1641,-2132.6636,-2038.1641
208992.98,-2227.4155,-2038.416,-2132.9155,-2038.416
209013.95,-2227.668,-2038.6675,-2133.168,-2038.6675
209034.94,-2227.919,-2038.9194,-2133.419,-2038.9194
209055.92,-2228.171,-2039.1714,-2133.671,-2039.1714
209076.89,-2228.4229,-2039.4224,-2133.9229,-2039.4224
209097.88,-2228.6748,-2039.6743,-2134.1748,-2039.6743
209118.84,-2228.9263,-2039.9258,-2134.4263,-2039.9258
209139.83,-2229.1782,-2040.1777,-2134.6782,-2040.1777
209160.8,-2229.4297,-2040.4297,-2134.9297,-2040.4297
209181.78,-2229.6816,-2040.6816,-2135.1816,-2040.6816
209202.75,-2229.933,-2040.9331,-2135.433,-2040.9331
209223.73,-2230.185,-2041.185,-2135.685,-2041.185
209244.7,-2230.4365,-2041.4365,-2135.9365,-2041.4365
209265.69,-2230.6885,-2041.6885,-2136.1885,-2041.6885
209286.66,-2230.9395,-2041.9395,-2136.4395,-2041.9395
209307.64,-2231.1914,-2042.1914,-2136.6914,-2042.1914
209328.61,-2231.4429,-2042.4434,-2136.9429,-2042.4434
209349.6,-2231.6948,-2042.6953,-2137.1948,-2042.6953
209370.56,-2231.9463,-2042.9468,-2137.4463,-2042.9468
209391.55,-2232.1982,-2043.1987,-2137.6982,-2043.1987
209412.52,-2232.4507,-2043.4502,-2137.9507,-2043.4502
209433.5,-2232.7017,-2043.7021,-2138.2017,-2043.7021
209454.47,-2232.954,-2043.9536,-2138.454,-2043.9536
209475.45,-2233.206,-2044.2056,-2138.706,-2044.2056
209496.44,-2233.4575,-2044.457,-2138.9575,-2044.457
209517.4,-2233.709,-2044.7085,-2139.209,-2044.7085
209538.39,-2233.961,-2044.9609,-2139.461,-2044.9609
209559.36,-2234.2124,-2045.2124,-2139.7124,-2045.2124
209580.34,-2234.4644,-2045.4644,-2139.9644,-2045.4644
209601.31,-2234.7158,-2045.7158,-2140.2158,-2045.7158
209622.3,-2234.9678,-2045.9678,-2140.4678,-2045.9678
209643.27,-2235.2192,-2046.2192,-2140.7192,-2046.2192
209664.25,-2235.4712,-2046.4712,-2140.9712,-2046.4712
209685.22,-2235.7227,-2046.7227,-2141.2227,-2046.7227
209706.2,-2235.974,-2046.9741,-2141.474,-2046.9741
209727.17,-2236.2256,-2047.2256,-2141.7256,-2047.2256
209748.16,-2236.4775,-2047.4775,-2141.9775,-2047.4775
209769.12,-2236.729,-2047.729,-2142.229,-2047.729
