inc_before_tax,mo_net_tax_liab_dol_chg_single,mo_net_tax_liab_dol_chg_mar0kids,mo_net_tax_liab_dol_chg_hoh2kids,mo_net_tax_liab_dol_chg_mar2kids
0.0,0.0,0.0,0.0,0.0
20.976913,0.0,0.0,0.0,0.0
41.953827,0.0,0.0,0.0,0.0
62.93074,0.0,0.0,0.0,0.0
83.90765,0.0,0.0,0.0,0.0
104.88457,0.0,0.0,0.0,0.0
125.86148,0.0,0.0,0.0,0.0
146.8384,0.0,0.0,0.0,0.0
167.8153,0.0,0.0,0.0,0.0
188.79222,0.0,0.0,0.0,0.0
209.76913,0.0,0.0,0.0,0.0
230.74605,0.0,0.0,0.0,0.0
251.72296,0.0,0.0,0.0,0.0
272.69986,0.0,0.0,0.0,0.0
293.6768,0.0,0.0,0.0,0.0
314.6537,0.0,0.0,0.0,0.0
335.6306,0.0,0.0,0.0,0.0
356.6075,0.0,0.0,0.0,0.0
377.58444,0.0,0.0,0.0,0.0
398.56134,0.0,0.0,0.0,0.0
419.53827,0.0,0.0,0.0,0.0
440.51517,0.0,0.0,0.0,0.0
461.4921,0.0,0.0,0.0,0.0
482.469,0.0,0.0,0.0,0.0
503.44592,0.0,0.0,0.0,0.0
524.42285,0.0,0.0,0.0,0.0
545.3997,0.0,0.0,0.0,0.0
566.37665,0.0,0.0,0.0,0.0
587.3536,0.0,0.0,0.0,0.0
608.3305,0.0,0.0,0.0,0.0
629.3074,0.0,0.0,0.0,0.0
650.2843,0.0,0.0,0.0,0.0
671.2612,0.0,0.0,0.0,0.0
692.2381,0.0,0.0,0.0,0.0
713.215,0.0,0.0,0.0,0.0
734.19196,0.0,0.0,0.0,0.0
755.1689,0.0,0.0,0.0,0.0
776.14575,0.0,0.0,0.0,0.0
797.1227,0.0,0.0,0.0,0.0
818.0996,0.0,0.0,0.0,0.0
839.07654,0.0,0.0,0.0,0.0
860.0534,0.0,0.0,0.0,0.0
881.03033,0.0,0.0,0.0,0.0
902.00726,0.0,0.0,0.0,0.0
922.9842,0.0,0.0,0.0,0.0
943.96106,0.0,0.0,0.0,0.0
964.938,0.0,0.0,0.0,0.0
985.9149,0.0,0.0,0.0,0.0
1006.89185,0.0,0.0,0.0,0.0
1027.8688,0.0,0.0,0.0,0.0
1048.8457,0.0,0.0,0.0,0.0
1069.8225,0.0,0.0,0.0,0.0
1090.7994,0.0,0.0,0.0,0.0
1111.7764,0.0,0.0,0.0,0.0
1132.7533,0.0,0.0,0.0,0.0
1153.7302,0.0,0.0,0.0,0.0
1174.7072,0.0,0.0,0.0,0.0
1195.6841,0.0,0.0,0.0,0.0
1216.661,0.0,0.0,0.0,0.0
1237.6378,0.0,0.0,0.0,0.0
1258.6147,0.0,0.0,0.0,0.0
1279.5917,0.0,0.0,0.0,0.0
1300.5686,0.0,0.0,0.0,0.0
1321.5455,0.0,0.0,0.0,0.0
1342.5225,0.0,0.0,0.0,0.0
1363.4994,0.0,0.0,0.0,0.0
1384.4762,0.0,0.0,0.0,0.0
1405.4531,0.0,0.0,0.0,0.0
1426.43,0.0,0.0,0.0,0.0
1447.407,0.0,0.0,0.0,0.0
1468.3839,0.0,0.0,0.0,0.0
1489.3608,0.0,0.0,0.0,0.0
1510.3378,0.0,0.0,0.0,0.0
1531.3147,0.0,0.0,0.0,0.0
1552.2915,0.0,0.0,0.0,0.0
1573.2684,0.0,0.0,0.0,0.0
1594.2454,0.0,0.0,0.0,0.0
1615.2223,0.0,0.0,0.0,0.0
1636.1992,0.0,0.0,0.0,0.0
1657.1761,0.0,0.0,0.0,0.0
1678.1531,0.0,0.0,0.0,0.0
1699.13,0.0,0.0,0.0,0.0
1720.1068,0.0,0.0,0.0,0.0
1741.0837,0.0,0.0,0.0,0.0
1762.0607,0.0,0.0,0.0,0.0
1783.0376,0.0,0.0,0.0,0.0
1804.0145,0.0,0.0,0.0,0.0
1824.9915,0.0,0.0,0.0,0.0
1845.9684,0.0,0.0,0.0,0.0
1866.9453,0.0,0.0,0.0,0.0
1887.9221,0.0,0.0,0.0,0.0
1908.899,0.0,0.0,0.0,0.0
1929.876,0.0,0.0,0.0,0.0
1950.8529,0.0,0.0,0.0,0.0
1971.8298,0.0,0.0,0.0,0.0
1992.8068,0.0,0.0,0.0,0.0
2013.7837,0.0,0.0,0.0,0.0
2034.7605,0.0,0.0,0.0,0.0
2055.7375,0.0,0.0,0.0,0.0
2076.7144,0.0,0.0,0.0,0.0
2097.6914,0.0,0.0,0.0,0.0
2118.6682,0.0,0.0,0.0,0.0
2139.645,0.0,0.0,0.0,0.0
2160.622,0.0,0.0,0.0,0.0
2181.5989,0.0,0.0,0.0,0.0
2202.576,0.0,0.0,0.0,0.0
2223.5527,0.0,0.0,0.0,0.0
2244.5298,0.0,0.0,0.0,0.0
2265.5066,0.0,0.0,0.0,0.0
2286.4834,0.0,0.0,0.0,0.0
2307.4604,0.0,0.0,0.0,0.0
2328.4373,0.0,0.0,0.0,0.0
2349.4143,0.0,0.0,0.0,0.0
2370.391,0.0,0.0,0.0,0.0
2391.3682,0.0,0.0,0.0,0.0
2412.345,0.0,0.0,0.0,0.0
2433.322,0.0,0.0,0.0,0.0
2454.2988,0.0,0.0,0.0,0.0
2475.2756,0.0,0.0,0.0,0.0
2496.2527,0.0,0.0,0.0,0.0
2517.2295,0.0,0.0,0.0,0.0
2538.2065,0.0,0.0,0.0,0.0
2559.1833,0.0,0.0,0.0,0.0
2580.1604,0.0,0.0,0.0,0.0
2601.1372,0.0,0.0,0.0,0.0
2622.114,0.0,0.0,0.0,0.0
2643.091,0.0,0.0,0.0,0.0
2664.0679,0.0,0.0,0.0,0.0
2685.045,0.0,0.0,0.0,0.0
2706.0217,0.0,0.0,0.0,0.0
2726.9988,0.0,0.0,0.0,0.0
2747.9756,0.0,0.0,0.0,0.0
2768.9524,0.0,0.0,0.0,0.0
2789.9294,0.0,0.0,0.0,0.0
2810.9062,0.0,0.0,0.0,0.0
2831.8833,0.0,0.0,0.0,0.0
2852.86,0.0,0.0,0.0,0.0
2873.8372,0.0,0.0,0.0,0.0
2894.814,0.0,0.0,0.0,0.0
2915.791,0.0,0.0,0.0,0.0
2936.7678,0.0,0.0,0.0,0.0
2957.7446,0.0,0.0,0.0,0.0
2978.7217,0.0,0.0,0.0,0.0
2999.6985,0.0,0.0,0.0,0.0
3020.6755,0.0,0.0,0.0,0.0
3041.6523,0.0,0.0,0.0,0.0
3062.6294,0.0,0.0,0.0,0.0
3083.6062,0.0,0.0,0.0,0.0
3104.583,0.0,0.0,0.0,0.0
3125.56,0.0,0.0,0.0,0.0
3146.5369,0.0,0.0,0.0,0.0
3167.514,0.0,0.0,0.0,0.0
3188.4907,0.0,0.0,0.0,0.0
3209.4678,0.0,0.0,0.0,0.0
3230.4446,0.0,0.0,0.0,0.0
3251.4216,0.0,0.0,0.0,0.0
3272.3984,0.0,0.0,0.0,0.0
3293.3752,0.0,0.0,0.0,0.0
3314.3523,0.0,0.0,0.0,0.0
3335.329,0.0,0.0,0.0,0.0
3356.3062,0.0,0.0,0.0,0.0
3377.283,0.0,0.0,0.0,0.0
3398.26,0.0,0.0,0.0,0.0
3419.2368,0.0,0.0,0.0,0.0
3440.2136,0.0,0.0,0.0,0.0
3461.1907,0.0,0.0,0.0,0.0
3482.1675,0.0,0.0,0.0,0.0
3503.1445,0.0,0.0,0.0,0.0
3524.1213,0.0,0.0,0.0,0.0
3545.0984,0.0,0.0,0.0,0.0
3566.0752,0.0,0.0,0.0,0.0
3587.052,0.0,0.0,0.0,0.0
3608.029,0.0,0.0,0.0,0.0
3629.0059,0.0,0.0,0.0,0.0
3649.983,0.0,0.0,0.0,0.0
3670.9597,0.0,0.0,0.0,0.0
3691.9368,0.0,0.0,0.0,0.0
3712.9136,0.0,0.0,0.0,0.0
3733.8906,0.0,0.0,0.0,0.0
3754.8674,0.0,0.0,0.0,0.0
3775.8442,0.0,0.0,0.0,0.0
3796.8213,0.0,0.0,0.0,0.0
3817.798,0.0,0.0,0.0,0.0
3838.7751,0.0,0.0,0.0,0.0
3859.752,0.0,0.0,0.0,0.0
3880.729,0.0,0.0,0.0,0.0
3901.7058,0.0,0.0,0.0,0.0
3922.6826,0.0,0.0,0.0,0.0
3943.6597,0.0,0.0,0.0,0.0
3964.6365,0.0,0.0,0.0,0.0
3985.6135,0.0,0.0,0.0,0.0
4006.5903,0.0,0.0,0.0,0.0
4027.5674,0.0,0.0,0.0,0.0
4048.5442,0.0,0.0,0.0,0.0
4069.521,0.0,0.0,0.0,0.0
4090.498,0.0,0.0,0.0,0.0
4111.475,0.0,0.0,0.0,0.0
4132.4517,0.0,0.0,0.0,0.0
4153.4287,0.0,0.0,0.0,0.0
4174.406,0.0,0.0,0.0,0.0
4195.383,0.0,0.0,0.0,0.0
4216.3594,0.0,0.0,0.0,0.0
4237.3364,0.0,0.0,0.0,0.0
4258.3135,0.0,0.0,0.0,0.0
4279.29,0.0,0.0,0.0,0.0
4300.267,0.0,0.0,0.0,0.0
4321.244,0.0,0.0,0.0,0.0
4342.221,0.0,0.0,0.0,0.0
4363.1978,0.0,0.0,0.0,0.0
4384.175,0.0,0.0,0.0,0.0
4405.152,0.0,0.0,0.0,0.0
4426.1284,0.0,0.0,0.0,0.0
4447.1055,0.0,0.0,0.0,0.0
4468.0825,0.0,0.0,0.0,0.0
4489.0596,0.0,0.0,0.0,0.0
4510.036,0.0,0.0,0.0,0.0
4531.013,0.0,0.0,0.0,0.0
4551.99,0.0,0.0,0.0,0.0
4572.967,0.0,0.0,0.0,0.0
4593.944,0.0,0.0,0.0,0.0
4614.921,0.0,0.0,0.0,0.0
4635.898,0.0,0.0,0.0,0.0
4656.8745,0.0,0.0,0.0,0.0
4677.8516,0.0,0.0,0.0,0.0
4698.8286,0.0,0.0,0.0,0.0
4719.805,0.0,0.0,0.0,0.0
4740.782,0.0,0.0,0.0,0.0
4761.7593,0.0,0.0,0.0,0.0
4782.7363,0.0,0.0,0.0,0.0
4803.713,0.0,0.0,0.0,0.0
4824.69,0.0,0.0,0.0,0.0
4845.667,0.0,0.0,0.0,0.0
4866.644,0.0,0.0,0.0,0.0
4887.6206,0.0,0.0,0.0,0.0
4908.5977,0.0,0.0,0.0,0.0
4929.5747,0.0,0.0,0.0,0.0
4950.5513,0.0,0.0,0.0,0.0
4971.5283,0.0,0.0,0.0,0.0
4992.5054,0.0,0.0,0.0,0.0
5013.4824,0.0,0.0,0.0,0.0
5034.459,0.0,0.0,0.0,0.0
5055.436,0.0,0.0,0.0,0.0
5076.413,0.0,0.0,0.0,0.0
5097.3896,0.0,0.0,0.0,0.0
5118.3667,0.0,0.0,0.0,0.0
5139.3438,0.0,0.0,0.0,0.0
5160.321,0.0,0.0,0.0,0.0
5181.2974,0.0,0.0,0.0,0.0
5202.2744,0.0,0.0,0.0,0.0
5223.2515,0.0,0.0,0.0,0.0
5244.228,0.0,0.0,0.0,0.0
5265.205,0.0,0.0,0.0,0.0
5286.182,0.0,0.0,0.0,0.0
5307.159,0.0,0.0,0.0,0.0
5328.1357,0.0,0.0,0.0,0.0
5349.113,0.0,0.0,0.0,0.0
5370.09,0.0,0.0,0.0,0.0
5391.0664,0.0,0.0,0.0,0.0
5412.0435,0.0,0.0,0.0,0.0
5433.0205,0.0,0.0,0.0,0.0
5453.9976,0.0,0.0,0.0,0.0
5474.974,0.0,0.0,0.0,0.0
5495.951,0.0,0.0,0.0,0.0
5516.928,0.0,0.0,0.0,0.0
5537.905,0.0,0.0,0.0,0.0
5558.882,0.0,0.0,0.0,0.0
5579.859,0.0,0.0,0.0,0.0
5600.836,0.0,0.0,0.0,0.0
5621.8125,0.0,0.0,0.0,0.0
5642.7896,0.0,0.0,0.0,0.0
5663.7666,0.0,0.0,0.0,0.0
5684.7437,0.0,0.0,0.0,0.0
5705.72,0.0,0.0,0.0,0.0
5726.6973,0.0,0.0,0.0,0.0
5747.6743,0.0,0.0,0.0,0.0
5768.651,0.0,0.0,0.0,0.0
5789.628,0.0,0.0,0.0,0.0
5810.605,0.0,0.0,0.0,0.0
5831.582,0.0,0.0,0.0,0.0
5852.5586,0.0,0.0,0.0,0.0
5873.5356,0.0,0.0,0.0,0.0
5894.5127,0.0,0.0,0.0,0.0
5915.4893,0.0,0.0,0.0,0.0
5936.4663,0.0,0.0,0.0,0.0
5957.4434,0.0,0.0,0.0,0.0
5978.4204,0.0,0.0,0.0,0.0
5999.397,0.0,0.0,0.0,0.0
6020.374,0.0,0.0,0.0,0.0
6041.351,0.0,0.0,0.0,0.0
6062.3276,0.0,0.0,0.0,0.0
6083.3047,0.0,0.0,0.0,0.0
6104.2817,0.0,0.0,0.0,0.0
6125.259,0.0,0.0,0.0,0.0
6146.2354,0.0,0.0,0.0,0.0
6167.2124,0.0,0.0,0.0,0.0
6188.1895,0.0,0.0,0.0,0.0
6209.166,0.0,0.0,0.0,0.0
6230.143,0.0,0.0,0.0,0.0
6251.12,0.0,0.0,0.0,0.0
6272.097,0.0,0.0,0.0,0.0
6293.0737,0.0,0.0,0.0,0.0
6314.051,0.0,0.0,0.0,0.0
6335.028,0.0,0.0,0.0,0.0
6356.0044,0.0,0.0,0.0,0.0
6376.9814,0.0,0.0,0.0,0.0
6397.9585,0.0,0.0,0.0,0.0
6418.9355,0.0,0.0,0.0,0.0
6439.912,0.0,0.0,0.0,0.0
6460.889,0.0,0.0,0.0,0.0
6481.866,0.0,0.0,0.0,0.0
6502.8433,0.0,0.0,0.0,0.0
6523.82,0.0,0.0,0.0,0.0
6544.797,0.0,0.0,0.0,0.0
6565.774,0.0,0.0,0.0,0.0
6586.7505,0.0,0.0,0.0,0.0
6607.7275,0.0,0.0,0.0,0.0
6628.7046,0.0,0.0,0.0,0.0
6649.6816,0.0,0.0,0.0,0.0
6670.658,0.0,0.0,0.0,0.0
6691.6353,0.0,0.0,0.0,0.0
6712.6123,0.0,0.0,0.0,0.0
6733.589,0.0,0.0,0.0,0.0
6754.566,0.0,0.0,0.0,0.0
6775.543,0.0,0.0,0.0,0.0
6796.52,0.0,0.0,0.0,0.0
6817.4966,0.0,0.0,0.0,0.0
6838.4736,0.0,0.0,0.0,0.0
6859.4507,0.0,0.0,0.0,0.0
6880.4272,0.0,0.0,0.0,0.0
6901.4043,0.0,0.0,0.0,0.0
6922.3813,0.0,0.0,0.0,0.0
6943.3584,0.0,0.0,0.0,0.0
6964.335,0.0,0.0,0.0,0.0
6985.312,0.0,0.0,0.0,0.0
7006.289,0.0,0.0,0.0,0.0
7027.2656,0.0,0.0,0.0,0.0
7048.2427,0.0,0.0,0.0,0.0
7069.2197,0.0,0.0,0.0,0.0
7090.197,0.0,0.0,0.0,0.0
7111.1733,0.0,0.0,0.0,0.0
7132.1504,0.0,0.0,0.0,0.0
7153.1274,0.0,0.0,0.0,0.0
7174.104,0.0,0.0,0.0,0.0
7195.081,0.0,0.0,0.0,0.0
7216.058,0.0,0.0,0.0,0.0
7237.035,0.0,0.0,0.0,0.0
7258.0117,0.0,0.0,0.0,0.0
7278.989,0.0,0.0,0.0,0.0
7299.966,0.0,0.0,0.0,0.0
7320.943,0.0,0.0,0.0,0.0
7341.9194,0.0,0.0,0.0,0.0
7362.8965,0.0,0.0,0.0,0.0
7383.8735,0.0,0.0,0.0,0.0
7404.85,0.0,0.0,0.0,0.0
7425.827,0.0,0.0,0.0,0.0
7446.804,0.0,0.0,0.0,0.0
7467.7812,0.0,0.0,0.0,0.0
7488.758,0.0,0.0,0.0,0.0
7509.735,0.0,0.0,0.0,0.0
7530.712,0.0,0.0,0.0,0.0
7551.6885,0.0,0.0,0.0,0.0
7572.6655,0.0,0.0,0.0,0.0
7593.6426,0.0,0.0,0.0,0.0
7614.6196,0.0,0.0,0.0,0.0
7635.596,0.0,0.0,0.0,0.0
7656.573,0.0,0.0,0.0,0.0
7677.5503,0.0,0.0,0.0,0.0
7698.527,0.0,0.0,0.0,0.0
7719.504,0.0,0.0,0.0,0.0
7740.481,0.0,0.0,0.0,0.0
7761.458,0.0,0.0,0.0,0.0
7782.4346,0.0,0.0,0.0,0.0
7803.4116,0.0,0.0,0.0,0.0
7824.3887,0.0,0.0,0.0,0.0
7845.365,0.0,0.0,0.0,0.0
7866.3423,0.0,0.0,0.0,0.0
7887.3193,0.0,0.0,0.0,0.0
7908.2964,0.0,0.0,0.0,0.0
7929.273,0.0,0.0,0.0,0.0
7950.25,0.0,0.0,0.0,0.0
7971.227,0.0,0.0,0.0,0.0
7992.2036,0.0,0.0,0.0,0.0
8013.1807,0.0,0.0,0.0,0.0
8034.1577,0.0,0.0,0.0,0.0
8055.135,0.0,0.0,0.0,0.0
8076.1113,0.0,0.0,0.0,0.0
8097.0884,0.0,0.0,0.0,0.0
8118.0654,0.0,0.0,0.0,0.0
8139.042,0.0,0.0,0.0,0.0
8160.019,0.0,0.0,0.0,0.0
8180.996,0.0,0.0,0.0,0.0
8201.973,0.0,0.0,0.0,0.0
8222.95,0.0,0.0,0.0,0.0
8243.927,0.0,0.0,0.0,0.0
8264.903,0.0,0.0,0.0,0.0
8285.881,0.0,0.0,0.0,0.0
8306.857,0.0,0.0,0.0,0.0
8327.834,0.0,0.0,0.0,0.0
8348.812,0.0,0.0,0.0,0.0
8369.788,0.0,0.0,0.0,0.0
8390.766,0.0,0.0,0.0,0.0
8411.742,0.0,0.0,0.0,0.0
8432.719,0.0,0.0,0.0,0.0
8453.696,0.0,0.0,0.0,0.0
8474.673,0.0,0.0,0.0,0.0
8495.649,0.0,0.0,0.0,0.0
8516.627,0.0,0.0,0.0,0.0
8537.604,0.0,0.0,0.0,0.0
8558.58,0.0,0.0,0.0,0.0
8579.558,0.0,0.0,0.0,0.0
8600.534,0.0,0.0,0.0,0.0
8621.512,0.0,0.0,0.0,0.0
8642.488,0.0,0.0,0.0,0.0
8663.465,0.0,0.0,0.0,0.0
8684.442,0.0,0.0,0.0,0.0
8705.419,0.0,0.0,0.0,0.0
8726.3955,0.0,0.0,0.0,0.0
8747.373,0.0,0.0,0.0,0.0
8768.35,0.0,0.0,0.0,0.0
8789.326,0.0,0.0,0.0,0.0
8810.304,0.0,0.0,0.0,0.0
8831.28,0.0,0.0,0.0,0.0
8852.257,0.0,0.0,0.0,0.0
8873.234,0.0,0.0,0.0,0.0
8894.211,0.0,0.0,0.0,0.0
8915.188,0.0,0.0,0.0,0.0
8936.165,0.0,0.0,0.0,0.0
8957.142,0.0,0.0,0.0,0.0
8978.119,0.0,0.0,0.0,0.0
8999.096,0.0,0.0,0.0,0.0
9020.072,0.0,0.0,0.0,0.0
9041.05,0.0,0.0,0.0,0.0
9062.026,0.0,0.0,0.0,0.0
9083.003,0.0,0.0,0.0,0.0
9103.98,0.0,0.0,0.0,0.0
9124.957,0.0,0.0,0.0,0.0
9145.934,0.0,0.0,0.0,0.0
9166.911,0.0,0.0,0.0,0.0
9187.888,0.0,0.0,0.0,0.0
9208.865,0.0,0.0,0.0,0.0
9229.842,0.0,0.0,0.0,0.0
9250.818,0.0,0.0,0.0,0.0
9271.796,0.0,0.0,0.0,0.0
9292.772,0.0,0.0,0.0,0.0
9313.749,0.0,0.0,0.0,0.0
9334.727,0.0,0.0,0.0,0.0
9355.703,0.0,0.0,0.0,0.0
9376.68,0.0,0.0,0.0,0.0
9397.657,0.0,0.0,0.0,0.0
9418.634,0.0,0.0,0.0,0.0
9439.61,0.0,0.0,0.0,0.0
9460.588,0.0,0.0,0.0,0.0
9481.564,0.0,0.0,0.0,0.0
9502.542,0.0,0.0,0.0,0.0
9523.519,0.0,0.0,0.0,0.0
9544.495,0.0,0.0,0.0,0.0
9565.473,0.0,0.0,0.0,0.0
9586.449,0.0,0.0,0.0,0.0
9607.426,0.0,0.0,0.0,0.0
9628.403,0.0,0.0,0.0,0.0
9649.38,0.0,0.0,0.0,0.0
9670.356,0.0,0.0,0.0,0.0
9691.334,0.0,0.0,0.0,0.0
9712.311,0.0,0.0,0.0,0.0
9733.288,0.0,0.0,0.0,0.0
9754.265,0.0,0.0,0.0,0.0
9775.241,0.0,0.0,0.0,0.0
9796.219,0.0,0.0,0.0,0.0
9817.195,0.0,0.0,0.0,0.0
9838.172,0.0,0.0,0.0,0.0
9859.149,0.0,0.0,0.0,0.0
9880.126,0.0,0.0,0.0,0.0
9901.103,0.0,0.0,0.0,0.0
9922.08,0.0,0.0,0.0,0.0
9943.057,0.0,0.0,0.0,0.0
9964.033,0.0,0.0,0.0,0.0
9985.011,0.0,0.0,0.0,0.0
10005.987,0.0,0.0,0.0,0.0
10026.965,0.0,0.0,0.0,0.0
10047.941,0.0,0.0,0.0,0.0
10068.918,0.0,0.0,0.0,0.0
10089.8955,0.0,0.0,0.0,0.0
10110.872,0.0,0.0,0.0,0.0
10131.849,0.0,0.0,0.0,0.0
10152.826,0.0,0.0,0.0,0.0
10173.803,0.0,0.0,0.0,0.0
10194.779,0.0,0.0,0.0,0.0
10215.757,0.0,0.0,0.0,0.0
10236.733,0.0,0.0,0.0,0.0
10257.71,0.0,0.0,0.0,0.0
10278.6875,0.0,0.0,0.0,0.0
10299.664,0.0,0.0,0.0,0.0
10320.642,0.0,0.0,0.0,0.0
10341.618,0.0,0.0,0.0,0.0
10362.595,0.0,0.0,0.0,0.0
10383.572,0.0,0.0,0.0,0.0
10404.549,0.0,0.0,0.0,0.0
10425.525,0.0,0.0,0.0,0.0
10446.503,0.0,0.0,0.0,0.0
10467.4795,0.0,0.0,0.0,0.0
10488.456,0.0,0.0,0.0,0.0
10509.434,0.0,0.0,0.0,0.0
10530.41,0.0,0.0,0.0,0.0
10551.388,0.0,0.0,0.0,0.0
10572.364,0.0,0.0,0.0,0.0
10593.341,0.0,0.0,0.0,0.0
10614.318,0.0,0.0,0.0,0.0
10635.295,0.0,0.0,0.0,0.0
10656.271,0.0,0.0,0.0,0.0
10677.249,0.0,0.0,0.0,0.0
10698.226,0.0,0.0,0.0,0.0
10719.202,0.0,0.0,0.0,0.0
10740.18,0.0,0.0,0.0,0.0
10761.156,0.0,0.0,0.0,0.0
10782.133,0.0,0.0,0.0,0.0
10803.11,0.0,0.0,0.0,0.0
10824.087,0.0,0.0,0.0,0.0
10845.064,0.0,0.0,0.0,0.0
10866.041,0.0,0.0,0.0,0.0
10887.018,0.0,0.0,0.0,0.0
10907.995,0.0,0.0,0.0,0.0
10928.972,0.0,0.0,0.0,0.0
10949.948,0.0,0.0,0.0,0.0
10970.926,0.0,0.0,0.0,0.0
10991.902,0.0,0.0,0.0,0.0
11012.879,0.0,0.0,0.0,0.0
11033.856,0.0,0.0,0.0,0.0
11054.833,0.0,0.0,0.0,0.0
11075.81,0.0,0.0,0.0,0.0
11096.787,0.0,0.0,0.0,0.0
11117.764,0.0,0.0,0.0,0.0
11138.741,0.0,0.0,0.0,0.0
11159.718,0.0,0.0,0.0,0.0
11180.694,0.0,0.0,0.0,0.0
11201.672,0.0,0.0,0.0,0.0
11222.648,0.0,0.0,0.0,0.0
11243.625,0.0,0.0,0.0,0.0
11264.603,0.0,0.0,0.0,0.0
11285.579,0.0,0.0,0.0,0.0
11306.556,0.0,0.0,0.0,0.0
11327.533,0.0,0.0,0.0,0.0
11348.51,0.0,0.0,0.0,0.0
11369.487,0.0,0.0,0.0,0.0
11390.464,0.0,0.0,0.0,0.0
11411.44,0.0,0.0,0.0,0.0
11432.418,0.0,0.0,0.0,0.0
11453.395,0.0,0.0,0.0,0.0
11474.371,0.0,0.0,0.0,0.0
11495.349,0.0,0.0,0.0,0.0
11516.325,0.0,0.0,0.0,0.0
11537.302,0.0,0.0,0.0,0.0
11558.279,0.0,0.0,0.0,0.0
11579.256,0.0,0.0,0.0,0.0
11600.232,0.0,0.0,0.0,0.0
11621.21,0.0,0.0,0.0,0.0
11642.187,0.0,0.0,0.0,0.0
11663.164,0.0,0.0,0.0,0.0
11684.141,0.0,0.0,0.0,0.0
11705.117,0.0,0.0,0.0,0.0
11726.095,0.0,0.0,0.0,0.0
11747.071,0.0,0.0,0.0,0.0
11768.048,0.0,0.0,0.0,0.0
11789.025,0.0,0.0,0.0,0.0
11810.002,0.0,0.0,0.0,0.0
11830.979,0.0,0.0,0.0,0.0
11851.956,0.0,0.0,0.0,0.0
11872.933,0.0,0.0,0.0,0.0
11893.909,0.0,0.0,0.0,0.0
11914.887,0.0,0.0,0.0,0.0
11935.863,0.0,0.0,0.0,0.0
11956.841,0.0,0.0,0.0,0.0
11977.817,0.0,0.0,0.0,0.0
11998.794,0.0,0.0,0.0,0.0
12019.771,0.0,0.0,0.0,0.0
12040.748,0.0,0.0,0.0,0.0
12061.725,0.0,0.0,0.0,0.0
12082.702,0.0,0.0,0.0,0.0
12103.679,0.0,0.0,0.0,0.0
12124.655,0.0,0.0,0.0,0.0
12145.633,0.0,0.0,0.0,0.0
12166.609,0.0,0.0,0.0,0.0
12187.587,0.0,0.0,0.0,0.0
12208.563,0.0,0.0,0.0,0.0
12229.54,0.0,0.0,0.0,0.0
12250.518,0.0,0.0,0.0,0.0
12271.494,0.0,0.0,0.0,0.0
12292.471,0.0,0.0,0.0,0.0
12313.448,0.0,0.0,0.0,0.0
12334.425,0.0,0.0,0.0,0.0
12355.401,0.0,0.0,0.0,0.0
12376.379,0.0,0.0,0.0,0.0
12397.355,0.0,0.0,0.0,0.0
12418.332,0.0,0.0,0.0,0.0
12439.31,0.0,0.0,0.0,0.0
12460.286,0.0,0.0,0.0,0.0
12481.264,0.0,0.0,0.0,0.0
12502.24,0.0,0.0,0.0,0.0
12523.217,0.0,0.0,0.0,0.0
12544.194,0.0,0.0,0.0,0.0
12565.171,0.0,0.0,0.0,0.0
12586.147,0.0,0.0,0.0,0.0
12607.125,0.0,0.0,0.0,0.0
12628.102,0.0,0.0,0.0,0.0
12649.078,0.0,0.0,0.0,0.0
12670.056,0.0,0.0,0.0,0.0
12691.032,0.0,0.0,0.0,0.0
12712.009,0.0,0.0,0.0,0.0
12732.986,0.0,0.0,0.0,0.0
12753.963,0.0,0.0,0.0,0.0
12774.94,0.0,0.0,0.0,0.0
12795.917,0.0,0.0,0.0,0.0
12816.894,0.0,0.0,0.0,0.0
12837.871,0.0,0.0,0.0,0.0
12858.848,0.0,0.0,0.0,0.0
12879.824,0.0,0.0,0.0,0.0
12900.802,0.0,0.0,0.0,0.0
12921.778,0.0,0.0,0.0,0.0
12942.755,0.0,0.0,0.0,0.0
12963.732,0.0,0.0,0.0,0.0
12984.709,0.0,0.0,0.0,0.0
13005.687,0.0,0.0,0.0,0.0
13026.663,0.0,0.0,0.0,0.0
13047.64,0.0,0.0,0.0,0.0
13068.617,0.0,0.0,0.0,0.0
13089.594,0.0,0.0,0.0,0.0
13110.57,0.0,0.0,0.0,0.0
13131.548,0.0,0.0,0.0,0.0
13152.524,0.0,0.0,0.0,0.0
13173.501,0.0,0.0,0.0,0.0
13194.479,0.0,0.0,0.0,0.0
13215.455,0.0,0.0,0.0,0.0
13236.432,0.0,0.0,0.0,0.0
13257.409,0.0,0.0,0.0,0.0
13278.386,0.0,0.0,0.0,0.0
13299.363,0.0,0.0,0.0,0.0
13320.34,0.0,0.0,0.0,0.0
13341.316,0.0,0.0,0.0,0.0
13362.294,0.0,0.0,0.0,0.0
13383.2705,0.0,0.0,0.0,0.0
13404.247,0.0,0.0,0.0,0.0
13425.225,0.0,0.0,0.0,0.0
13446.201,0.0,0.0,0.0,0.0
13467.178,0.0,0.0,0.0,0.0
13488.155,0.0,0.0,0.0,0.0
13509.132,0.0,0.0,0.0,0.0
13530.108,0.0,0.0,0.0,0.0
13551.086,0.0,0.0,0.0,0.0
13572.0625,0.0,0.0,0.0,0.0
13593.04,0.0,0.0,0.0,0.0
13614.017,0.0,0.0,0.0,0.0
13634.993,0.0,0.0,0.0,0.0
13655.971,0.0,0.0,0.0,0.0
13676.947,0.0,0.0,0.0,0.0
13697.924,0.0,0.0,0.0,0.0
13718.901,0.0,0.0,0.0,0.0
13739.878,0.0,0.0,0.0,0.0
13760.8545,0.0,0.0,0.0,0.0
13781.832,0.0,0.0,0.0,0.0
13802.809,0.0,0.0,0.0,0.0
13823.786,0.0,0.0,0.0,0.0
13844.763,0.0,0.0,0.0,0.0
13865.739,0.0,0.0,0.0,0.0
13886.717,0.0,0.0,0.0,0.0
13907.693,0.0,0.0,0.0,0.0
13928.67,0.0,0.0,0.0,0.0
13949.647,0.0,0.0,0.0,0.0
13970.624,0.0,0.0,0.0,0.0
13991.601,0.0,0.0,0.0,0.0
14012.578,0.0,0.0,0.0,0.0
14033.555,0.0,0.0,0.0,0.0
14054.531,0.0,0.0,0.0,0.0
14075.509,0.0,0.0,0.0,0.0
14096.485,0.0,0.0,0.0,0.0
14117.463,0.0,0.0,0.0,0.0
14138.439,0.0,0.0,0.0,0.0
14159.416,0.0,0.0,0.0,0.0
14180.394,0.0,0.0,0.0,0.0
14201.37,0.0,0.0,0.0,0.0
14222.347,0.0,0.0,0.0,0.0
14243.324,0.0,0.0,0.0,0.0
14264.301,0.0,0.0,0.0,0.0
14285.277,0.0,0.0,0.0,0.0
14306.255,0.0,0.0,0.0,0.0
14327.231,0.0,0.0,0.0,0.0
14348.208,0.0,0.0,0.0,0.0
14369.186,0.0,0.0,0.0,0.0
14390.162,0.0,0.0,0.0,0.0
14411.14,0.0,0.0,0.0,0.0
14432.116,0.0,0.0,0.0,0.0
14453.093,0.0,0.0,0.0,0.0
14474.07,0.0,0.0,0.0,0.0
14495.047,0.0,0.0,0.0,0.0
14516.023,0.0,0.0,0.0,0.0
14537.001,0.0,0.0,0.0,0.0
14557.978,0.0,0.0,0.0,0.0
14578.954,0.0,0.0,0.0,0.0
14599.932,0.0,0.0,0.0,0.0
14620.908,0.0,0.0,0.0,0.0
14641.886,0.0,0.0,0.0,0.0
14662.862,0.0,0.0,0.0,0.0
14683.839,0.0,0.0,0.0,0.0
14704.816,0.0,0.0,0.0,0.0
14725.793,0.0,0.0,0.0,0.0
14746.77,0.0,0.0,0.0,0.0
14767.747,0.0,0.0,0.0,0.0
14788.724,0.0,0.0,0.0,0.0
14809.7,0.0,0.0,0.0,0.0
14830.678,0.0,0.0,0.0,0.0
14851.654,0.0,0.0,0.0,0.0
14872.631,0.0,0.0,0.0,0.0
14893.608,0.0,0.0,0.0,0.0
14914.585,0.0,0.0,0.0,0.0
14935.5625,0.0,0.0,0.0,0.0
14956.539,0.0,0.0,0.0,0.0
14977.516,0.0,0.0,0.0,0.0
14998.493,0.0,0.0,0.0,0.0
15019.47,0.0,0.0,0.0,0.0
15040.446,0.0,0.0,0.0,0.0
15061.424,0.0,0.0,0.0,0.0
15082.4,0.0,0.0,0.0,0.0
15103.377,0.0,0.0,0.0,0.0
15124.3545,0.0,0.0,0.0,0.0
15145.331,0.0,0.0,0.0,0.0
15166.308,0.0,0.0,0.0,0.0
15187.285,0.0,0.0,0.0,0.0
15208.262,0.0,0.0,0.0,0.0
15229.239,0.0,0.0,0.0,0.0
15250.216,0.0,0.0,0.0,0.0
15271.192,0.0,0.0,0.0,0.0
15292.17,0.0,0.0,0.0,0.0
15313.146,0.0,0.0,0.0,0.0
15334.123,0.0,0.0,0.0,0.0
15355.101,0.0,0.0,0.0,0.0
15376.077,0.0,0.0,0.0,0.0
15397.054,0.0,0.0,0.0,0.0
15418.031,0.0,0.0,0.0,0.0
15439.008,0.0,0.0,0.0,0.0
15459.984,0.0,0.0,0.0,0.0
15480.962,0.0,0.0,0.0,0.0
15501.938,0.0,0.0,0.0,0.0
15522.916,0.0,0.0,0.0,0.0
15543.893,0.0,0.0,0.0,0.0
15564.869,0.0,0.0,0.0,0.0
15585.847,0.0,0.0,0.0,0.0
15606.823,0.0,0.0,0.0,0.0
15627.8,0.0,0.0,0.0,0.0
15648.777,0.0,0.0,0.0,0.0
15669.754,0.0,0.0,0.0,0.0
15690.73,0.0,0.0,0.0,0.0
15711.708,0.0,0.0,0.0,0.0
15732.685,0.0,0.0,0.0,0.0
15753.662,0.0,0.0,0.0,0.0
15774.639,0.0,0.0,0.0,0.0
15795.615,0.0,0.0,0.0,0.0
15816.593,0.0,0.0,0.0,0.0
15837.569,0.0,0.0,0.0,0.0
15858.546,0.0,0.0,0.0,0.0
15879.523,0.0,0.0,0.0,0.0
15900.5,0.0,0.0,0.0,0.0
15921.477,0.0,0.0,0.0,0.0
15942.454,0.0,0.0,0.0,0.0
15963.431,0.0,0.0,0.0,0.0
15984.407,0.0,0.0,0.0,0.0
16005.385,0.0,0.0,0.0,0.0
16026.361,0.0,0.0,0.0,0.0
16047.339,0.0,0.0,0.0,0.0
16068.315,0.0,0.0,0.0,0.0
16089.292,0.0,0.0,0.0,0.0
16110.27,0.0,0.0,0.0,0.0
16131.246,0.0,0.0,0.0,0.0
16152.223,0.0,0.0,0.0,0.0
16173.2,0.0,0.0,0.0,0.0
16194.177,0.0,0.0,0.0,0.0
16215.153,0.0,0.0,0.0,0.0
16236.131,0.0,0.0,0.0,0.0
16257.107,0.0,0.0,0.0,0.0
16278.084,0.0,0.0,0.0,0.0
16299.062,0.0,0.0,0.0,0.0
16320.038,0.0,0.0,0.0,0.0
16341.016,0.0,0.0,0.0,0.0
16361.992,0.0,0.0,0.0,0.0
16382.969,0.0,0.0,0.0,0.0
16403.945,0.0,0.0,0.0,0.0
16424.924,0.0,0.0,0.0,0.0
16445.9,0.0,0.0,0.0,0.0
16466.877,0.0,0.0,0.0,0.0
16487.854,0.0,0.0,0.0,0.0
16508.83,0.0,0.0,0.0,0.0
16529.807,0.0,0.0,0.0,0.0
16550.785,0.0,0.0,0.0,0.0
16571.762,0.0,0.0,0.0,0.0
16592.738,0.0,0.0,0.0,0.0
16613.715,0.0,0.0,0.0,0.0
16634.691,0.0,0.0,0.0,0.0
16655.668,0.0,0.0,0.0,0.0
16676.646,0.0,0.0,0.0,0.0
16697.623,0.0,0.0,0.0,0.0
16718.6,0.0,0.0,0.0,0.0
16739.576,0.0,0.0,0.0,0.0
16760.553,0.0,0.0,0.0,0.0
16781.531,0.0,0.0,0.0,0.0
16802.508,0.0,0.0,0.0,0.0
16823.484,0.0,0.0,0.0,0.0
16844.46,0.0,0.0,0.0,0.0
16865.438,0.0,0.0,0.0,0.0
16886.414,0.0,0.0,0.0,0.0
16907.393,0.0,0.0,0.0,0.0
16928.37,0.0,0.0,0.0,0.0
16949.346,0.0,0.0,0.0,0.0
16970.322,0.0,0.0,0.0,0.0
16991.299,0.0,0.0,0.0,0.0
17012.277,0.0,0.0,0.0,0.0
17033.254,0.0,0.0,0.0,0.0
17054.23,0.0,0.0,0.0,0.0
17075.207,0.0,0.0,0.0,0.0
17096.184,0.0,0.0,0.0,0.0
17117.16,0.0,0.0,0.0,0.0
17138.139,0.0,0.0,0.0,0.0
17159.115,0.0,0.0,0.0,0.0
17180.092,0.0,0.0,0.0,0.0
17201.068,0.0,0.0,0.0,0.0
17222.045,0.0,0.0,0.0,0.0
17243.023,0.0,0.0,0.0,0.0
17264.0,0.0,0.0,0.0,0.0
17284.977,0.0,0.0,0.0,0.0
17305.953,0.0,0.0,0.0,0.0
17326.93,0.0,0.0,0.0,0.0
17347.906,0.0,0.0,0.0,0.0
17368.885,0.0,0.0,0.0,0.0
17389.861,0.0,0.0,0.0,0.0
17410.838,0.0,0.0,0.0,0.0
17431.814,0.0,0.0,0.0,0.0
17452.791,0.0,0.0,0.0,0.0
17473.768,0.0,0.0,0.0,0.0
17494.746,0.0,0.0,0.0,0.0
17515.723,0.0,0.0,0.0,0.0
17536.7,0.0,0.0,0.0,0.0
17557.676,0.0,0.0,0.0,0.0
17578.652,0.0,0.0,0.0,0.0
17599.63,0.0,0.0,0.0,0.0
17620.607,0.0,0.0,0.0,0.0
17641.584,0.0,0.0,0.0,0.0
17662.56,0.0,0.0,0.0,0.0
17683.537,0.0,0.0,0.0,0.0
17704.514,0.0,0.0,0.0,0.0
17725.492,0.0,0.0,0.0,0.0
17746.469,0.0,0.0,0.0,0.0
17767.445,0.0,0.0,0.0,0.0
17788.422,0.0,0.0,0.0,0.0
17809.398,0.0,0.0,0.0,0.0
17830.377,0.0,0.0,0.0,0.0
17851.354,0.0,0.0,0.0,0.0
17872.33,0.0,0.0,0.0,0.0
17893.307,0.0,0.0,0.0,0.0
17914.283,0.0,0.0,0.0,0.0
17935.26,0.0,0.0,0.0,0.0
17956.238,0.0,0.0,0.0,0.0
17977.215,0.0,0.0,0.0,0.0
17998.191,-0.28239632,0.0,0.0,0.0
18019.168,-1.0081749,0.0,0.0,0.0
18040.145,-1.7339668,0.0,0.0,0.0
18061.123,-2.4598207,0.0,0.0,0.0
18082.1,-3.1856194,0.0,0.0,0.0
18103.076,-3.9114103,0.0,0.0,0.0
18124.053,-4.637188,0.0,0.0,0.0
18145.03,-5.36298,0.0,0.0,0.0
18166.006,-6.0887594,0.0,0.0,0.0
18186.984,-6.8146133,0.0,0.0,0.0
18207.96,-7.5404234,0.0,0.0,0.0
18228.938,-8.266203,0.0,0.0,0.0
18249.914,-8.991993,0.0,0.0,0.0
18270.89,-9.717784,0.0,0.0,0.0
18291.867,-10.443563,0.0,0.0,0.0
18312.846,-11.169436,0.0,0.0,0.0
18333.822,-11.895228,0.0,0.0,0.0
18354.799,-12.621008,0.0,0.0,0.0
18375.775,-13.346797,0.0,0.0,0.0
18396.752,-14.0725765,0.0,0.0,0.0
18417.73,-14.798451,0.0,0.0,0.0
18438.707,-15.524241,0.0,0.0,0.0
18459.684,-16.250021,0.0,0.0,0.0
18480.66,-17.05423,0.0,0.0,0.0
18501.637,-17.881222,0.0,0.0,0.0
18522.613,-18.708248,0.0,0.0,0.0
18543.592,-19.535324,0.0,0.0,0.0
18564.568,-20.362312,0.0,0.0,0.0
18585.545,-21.189316,0.0,0.0,0.0
18606.521,-22.016304,0.0,0.0,0.0
18627.498,-22.843307,0.0,0.0,0.0
18648.477,-23.670406,0.0,0.0,0.0
18669.453,-24.497396,0.0,0.0,0.0
18690.43,-25.324398,0.0,0.0,0.0
18711.406,-26.151388,0.0,0.0,0.0
18732.383,-26.97839,0.0,0.0,0.0
18753.36,-27.805405,0.0,0.0,0.0
18774.338,-28.63248,0.0,0.0,0.0
18795.314,-29.459482,0.0,0.0,0.0
18816.291,-30.28647,0.0,0.0,0.0
18837.268,-31.113472,0.0,0.0,0.0
18858.244,-31.940487,0.0,0.0,0.0
18879.22,-32.76749,0.0,0.0,0.0
18900.2,-33.594563,0.0,0.0,0.0
18921.176,-34.421555,0.0,0.0,0.0
18942.152,-35.248554,0.0,0.0,0.0
18963.129,-36.075546,0.0,0.0,0.0
18984.105,-36.902573,0.0,0.0,0.0
19005.084,-37.729645,0.0,0.0,0.0
19026.06,-38.556637,0.0,0.0,0.0
19047.037,-39.38364,0.0,0.0,0.0
19068.014,-40.21063,0.0,0.0,0.0
19088.99,-41.037655,0.0,0.0,0.0
19109.967,-41.76816,0.0,0.0,0.0
19130.945,-42.274265,0.0,0.0,0.0
19151.922,-42.78032,0.0,0.0,0.0
19172.898,-43.286373,0.0,0.0,0.0
19193.875,-43.792454,0.0,0.0,0.0
19214.852,-44.298508,0.0,0.0,0.0
19235.83,-44.80461,0.0,0.0,0.0
19256.807,-45.310665,0.0,0.0,0.0
19277.783,-45.81672,0.0,0.0,0.0
19298.76,-46.322773,0.0,0.0,0.0
19319.736,-46.828854,0.0,0.0,0.0
19340.713,-47.334908,0.0,0.0,0.0
19361.691,-47.84101,0.0,0.0,0.0
19382.668,-48.347065,0.0,0.0,0.0
19403.645,-48.853123,0.0,0.0,0.0
19424.621,-49.3592,0.0,0.0,0.0
19445.598,-49.865253,0.0,0.0,0.0
19466.576,-50.371357,0.0,0.0,0.0
19487.553,-50.877415,0.0,0.0,0.0
19508.53,-51.38347,0.0,0.0,0.0
19529.506,-51.889523,0.0,0.0,0.0
19550.482,-52.395603,0.0,0.0,0.0
19571.459,-52.901657,0.0,0.0,0.0
19592.438,-53.40776,0.0,0.0,0.0
19613.414,-53.913815,0.0,0.0,0.0
19634.39,-54.41987,0.0,0.0,0.0
19655.367,-54.92595,0.0,0.0,0.0
19676.344,-55.432003,0.0,0.0,0.0
19697.32,-55.938057,0.0,0.0,0.0
19718.299,-56.44416,0.0,0.0,0.0
19739.275,-56.950214,0.0,0.0,0.0
19760.252,-57.456295,0.0,0.0,0.0
19781.229,-57.96235,0.0,0.0,0.0
19802.205,-58.468403,0.0,0.0,0.0
19823.184,-58.982098,0.0,0.0,0.0
19844.16,-59.589363,0.0,0.0,0.0
19865.137,-60.196655,0.0,0.0,0.0
19886.113,-60.803925,0.0,0.0,0.0
19907.09,-61.41119,0.0,0.0,0.0
19928.066,-62.018456,0.0,0.0,0.0
19949.045,-62.62578,0.0,0.0,0.0
19970.021,-63.233044,0.0,0.0,0.0
19990.998,-63.84034,0.0,0.0,0.0
20011.975,-64.4476,0.0,0.0,0.0
20032.951,-65.05487,0.0,0.0,0.0
20053.93,-65.66219,0.0,0.0,0.0
20074.906,-66.26946,0.0,0.0,0.0
20095.883,-66.876755,0.0,0.0,0.0
20116.86,-67.484024,0.0,0.0,0.0
20137.836,-68.091286,0.0,0.0,0.0
20158.812,-68.698555,0.0,0.0,0.0
20179.791,-18.315956,0.0,0.0,0.0
20200.768,-18.11353,0.0,0.0,0.0
20221.744,-17.911102,0.0,0.0,0.0
20242.72,-17.70868,0.0,0.0,0.0
20263.697,-17.50626,0.0,0.0,0.0
20284.676,-17.303818,0.0,0.0,0.0
20305.652,-17.10139,0.0,0.0,0.0
20326.629,-16.898964,0.0,0.0,0.0
20347.605,-16.696537,0.0,0.0,0.0
20368.582,-16.494118,0.0,0.0,0.0
20389.559,-16.291695,0.0,0.0,0.0
20410.537,-16.08926,0.0,0.0,0.0
20431.514,-15.886826,0.0,0.0,0.0
20452.49,-15.684399,0.0,0.0,0.0
20473.467,-15.481979,0.0,0.0,0.0
20494.443,-15.279552,0.0,0.0,0.0
20515.42,-15.077137,0.0,0.0,0.0
20536.398,-14.874695,0.0,0.0,0.0
20557.375,-14.672264,0.0,0.0,0.0
20578.352,-14.469841,0.0,0.0,0.0
20599.328,-14.267426,0.0,0.0,0.0
20620.305,-14.064995,0.0,0.0,0.0
20641.283,-13.862556,0.0,0.0,0.0
20662.26,-13.660126,0.0,0.0,0.0
20683.236,-13.457703,0.0,0.0,0.0
20704.213,-13.25528,0.0,0.0,0.0
20725.19,-13.052856,0.0,0.0,0.0
20746.166,-12.850441,0.0,0.0,0.0
20767.145,-12.647987,0.0,0.0,0.0
20788.121,-12.445564,0.0,0.0,0.0
20809.098,-12.243141,0.0,0.0,0.0
20830.074,-12.040718,0.0,0.0,0.0
20851.05,-11.838303,0.0,0.0,0.0
20872.03,-11.635857,0.0,0.0,0.0
20893.006,-11.433418,0.0,0.0,0.0
20913.982,-11.231003,0.0,0.0,0.0
20934.959,-11.02858,0.0,0.0,0.0
20955.936,-10.826157,0.0,0.0,0.0
20976.912,-10.6237335,0.0,0.0,0.0
20997.89,-10.421288,0.0,0.0,0.0
21018.867,-10.218864,0.0,0.0,0.0
21039.844,-10.016449,0.0,0.0,0.0
21060.82,-9.814018,0.0,0.0,0.0
21081.797,-9.611603,0.0,0.0,0.0
21102.775,-9.409149,0.0,0.0,0.0
21123.752,-9.206726,0.0,0.0,0.0
21144.729,-9.004303,0.0,0.0,0.0
21165.705,-8.80188,0.0,0.0,0.0
21186.682,-8.637421,0.0,0.0,0.0
21207.658,-8.5362015,0.0,0.0,0.0
21228.637,-8.434982,0.0,0.0,0.0
21249.613,-8.333771,0.0,0.0,0.0
21270.59,-8.232559,0.0,0.0,0.0
21291.566,-8.131355,0.0,0.0,0.0
21312.543,-8.030136,0.0,0.0,0.0
21333.52,-7.9289246,0.0,0.0,0.0
21354.498,-7.8276978,0.0,0.0,0.0
21375.475,-7.726494,0.0,0.0,0.0
21396.451,-7.6252747,0.0,0.0,0.0
21417.428,-7.5240707,0.0,0.0,0.0
21438.404,-7.422859,0.0,0.0,0.0
21459.383,-7.3216324,0.0,0.0,0.0
21480.36,-7.220421,0.0,0.0,0.0
21501.336,-7.1192093,0.0,0.0,0.0
21522.312,-7.0179977,0.0,0.0,0.0
21543.29,-6.9167786,0.0,0.0,0.0
21564.266,-6.8155746,0.0,0.0,0.0
21585.244,-6.714348,0.0,0.0,0.0
21606.22,-6.613144,0.0,0.0,0.0
21627.197,-6.5119324,0.0,0.0,0.0
21648.174,-6.410713,0.0,0.0,0.0
21669.15,-6.3095016,0.0,0.0,0.0
21690.129,-6.2082825,0.0,0.0,0.0
21711.105,-6.107071,0.0,0.0,0.0
21732.082,-6.005867,0.0,0.0,0.0
21753.059,-5.904648,0.0,0.0,0.0
21774.035,-5.8034363,0.0,0.0,0.0
21795.012,-5.702217,0.0,0.0,0.0
21815.99,-5.6010056,0.0,0.0,0.0
21836.967,-5.4997864,0.0,0.0,0.0
21857.943,-5.3985825,0.0,0.0,0.0
21878.92,-5.297371,0.0,0.0,0.0
21899.896,-5.1961517,0.0,0.0,0.0
21920.875,-5.0949326,0.0,0.0,0.0
21941.852,-4.993721,0.0,0.0,0.0
21962.828,-4.8925095,0.0,0.0,0.0
21983.805,-4.791298,0.0,0.0,0.0
22004.781,-4.6900864,0.0,0.0,0.0
22025.758,-4.588875,0.0,0.0,0.0
22046.736,-4.4876556,0.0,0.0,0.0
22067.713,-4.386444,0.0,0.0,0.0
22088.69,-4.2852325,0.0,0.0,0.0
22109.666,-4.184021,0.0,0.0,0.0
22130.643,-4.082794,0.0,0.0,0.0
22151.62,-3.9815903,0.0,0.0,0.0
22172.598,-3.880371,0.0,0.0,0.0
22193.574,-3.7791595,0.0,0.0,0.0
22214.55,-3.677948,0.0,0.0,0.0
22235.527,-3.5767365,0.0,0.0,0.0
22256.504,-3.4755096,0.0,0.0,0.0
22277.482,-3.3743134,0.0,0.0,0.0
22298.459,-3.2730865,0.0,0.0,0.0
22319.436,-3.171875,0.0,0.0,0.0
22340.412,-3.0706635,0.0,0.0,0.0
22361.389,-2.969452,0.0,0.0,0.0
22382.365,-2.8682404,0.0,0.0,0.0
22403.344,-2.7670288,0.0,0.0,0.0
22424.32,-2.665802,0.0,0.0,0.0
22445.297,-2.5645905,0.0,0.0,0.0
22466.273,-2.463379,0.0,0.0,0.0
22487.25,-2.3621826,0.0,0.0,0.0
22508.229,-2.2609558,0.0,0.0,0.0
22529.205,-2.1597443,0.0,0.0,0.0
22550.182,-2.1268616,0.0,0.0,0.0
22571.158,-2.1268616,0.0,0.0,0.0
22592.135,-2.1268768,0.0,0.0,0.0
22613.111,-2.1268768,0.0,0.0,0.0
22634.09,-2.1268616,0.0,0.0,0.0
22655.066,-2.1268616,0.0,0.0,0.0
22676.043,-2.1268616,0.0,0.0,0.0
22697.02,-2.1268616,0.0,0.0,0.0
22717.996,-2.1268768,0.0,0.0,0.0
22738.975,-2.1268616,0.0,0.0,0.0
22759.951,-2.1268616,0.0,0.0,0.0
22780.928,-2.1268616,0.0,0.0,0.0
22801.904,-2.1268616,0.0,0.0,0.0
22822.88,-2.1268768,0.0,0.0,0.0
22843.857,-2.1268616,0.0,0.0,0.0
22864.836,-2.1268616,0.0,0.0,0.0
22885.812,-2.1268768,0.0,0.0,0.0
22906.79,-2.1268616,0.0,0.0,0.0
22927.766,-2.1268768,0.0,0.0,0.0
22948.742,-2.1268768,0.0,0.0,0.0
22969.719,-2.1268616,0.0,0.0,0.0
22990.697,-2.1268616,0.0,0.0,0.0
23011.674,-2.1268616,0.0,0.0,0.0
23032.65,-2.1268768,0.0,0.0,0.0
23053.627,-2.1268768,0.0,0.0,0.0
23074.604,-2.1268616,0.0,0.0,0.0
23095.582,-2.1268616,0.0,0.0,0.0
23116.559,-2.1268616,0.0,0.0,0.0
23137.535,-2.1268616,0.0,0.0,0.0
23158.512,-2.1268768,0.0,0.0,0.0
23179.488,-2.1268616,0.0,0.0,0.0
23200.465,-2.1268616,0.0,0.0,0.0
23221.443,-2.1268768,0.0,0.0,0.0
23242.42,-2.1268616,0.0,0.0,0.0
23263.396,-2.1268768,0.0,0.0,0.0
23284.373,-2.1268616,0.0,0.0,0.0
23305.35,-2.1268616,0.0,0.0,0.0
23326.328,-2.1268768,0.0,0.0,0.0
23347.305,-2.1268616,0.0,0.0,0.0
23368.281,-2.1268768,0.0,0.0,0.0
23389.258,-2.1268768,0.0,0.0,0.0
23410.234,-2.1268616,0.0,0.0,0.0
23431.21,-2.1268768,0.0,0.0,0.0
23452.19,-2.1268616,0.0,0.0,0.0
23473.166,-2.1268768,0.0,0.0,0.0
23494.143,-2.1268768,0.0,0.0,0.0
23515.12,-2.1268616,0.0,0.0,0.0
23536.096,-2.1268768,0.0,0.0,0.0
23557.074,-2.1268768,0.0,0.0,0.0
23578.05,-2.1268616,0.0,0.0,0.0
23599.027,-2.1268768,0.0,0.0,0.0
23620.004,-2.1268616,0.0,0.0,0.0
23640.98,-2.1268616,0.0,0.0,0.0
23661.957,-2.1268768,0.0,0.0,0.0
23682.936,-2.1268616,0.0,0.0,0.0
23703.912,-2.1268768,0.0,0.0,0.0
23724.889,-2.1268616,0.0,0.0,0.0
23745.865,-2.1268616,0.0,0.0,0.0
23766.842,-2.1268768,0.0,0.0,0.0
23787.818,-2.1268616,0.0,0.0,0.0
23808.797,-2.1268768,0.0,0.0,0.0
23829.773,-2.1268768,0.0,0.0,0.0
23850.75,-2.1268616,0.0,0.0,0.0
23871.727,-2.1268768,0.0,0.0,0.0
23892.703,-2.1268616,0.0,0.0,0.0
23913.682,-2.2256012,0.0,0.0,0.0
23934.658,-2.3267975,0.0,0.0,0.0
23955.635,-2.428009,0.0,0.0,0.0
23976.611,-2.5292358,0.0,0.0,0.0
23997.588,-2.6304321,0.0,0.0,0.0
24018.564,-2.731659,0.0,0.0,0.0
24039.543,-2.8328705,0.0,0.0,0.0
24060.52,-2.934082,0.0,0.0,0.0
24081.496,-3.0352936,0.0,0.0,0.0
24102.473,-3.1365051,0.0,0.0,0.0
24123.45,-3.237732,0.0,0.0,0.0
24144.428,-3.3389435,0.0,0.0,0.0
24165.404,-3.440155,0.0,0.0,0.0
24186.38,-3.5413513,0.0,0.0,0.0
24207.357,-3.6425781,0.0,0.0,0.0
24228.334,-3.7437897,0.0,0.0,0.0
24249.31,-3.8450012,0.0,0.0,0.0
24270.29,-3.946228,0.0,0.0,0.0
24291.266,-4.0474243,0.0,0.0,0.0
24312.242,-4.148651,0.0,0.0,0.0
24333.219,-4.2498474,0.0,0.0,0.0
24354.195,-4.351074,0.0,0.0,0.0
24375.174,-4.452286,0.0,0.0,0.0
24396.15,-4.5534973,0.0,0.0,0.0
24417.127,-4.654724,0.0,0.0,0.0
24438.104,-4.7559204,0.0,0.0,0.0
24459.08,-4.857147,0.0,0.0,0.0
24480.057,-4.9583435,0.0,0.0,0.0
24501.035,-5.0595703,0.0,0.0,0.0
24522.012,-5.160782,0.0,0.0,0.0
24542.988,-5.2619934,0.0,0.0,0.0
24563.965,-5.36322,0.0,0.0,0.0
24584.941,-5.4644165,0.0,0.0,0.0
24605.918,-5.565628,0.0,0.0,0.0
24626.896,-5.6668396,0.0,0.0,0.0
24647.873,-5.7680664,0.0,0.0,0.0
24668.85,-5.869278,0.0,0.0,0.0
24689.826,-5.9704895,0.0,0.0,0.0
24710.803,-6.071701,0.0,0.0,0.0
24731.781,-6.1729126,0.0,0.0,0.0
24752.758,-6.2741394,0.0,0.0,0.0
24773.734,-6.3753357,0.0,0.0,0.0
24794.71,-6.4765625,0.0,0.0,0.0
24815.688,-6.577774,0.0,0.0,0.0
24836.664,-6.6789703,0.0,0.0,0.0
24857.643,-6.7802124,0.0,0.0,0.0
24878.62,-6.8814087,0.0,0.0,0.0
24899.596,-6.9826202,0.0,0.0,0.0
24920.572,-7.083832,0.0,0.0,0.0
24941.549,-7.1850433,0.0,0.0,0.0
24962.527,-7.28627,0.0,0.0,0.0
24983.504,-7.3874817,0.0,0.0,0.0
25004.48,-7.951416,0.0,0.0,0.0
25025.457,-8.05368,0.0,0.0,0.0
25046.434,-8.155945,0.0,0.0,0.0
25067.41,-8.258194,0.0,0.0,0.0
25088.389,-8.360474,0.0,0.0,0.0
25109.365,-8.462738,0.0,0.0,0.0
25130.342,-8.565002,0.0,0.0,0.0
25151.318,-8.667252,0.0,0.0,0.0
25172.295,-8.807175,0.0,0.0,0.0
25193.273,-8.950348,0.0,0.0,0.0
25214.25,-9.093506,0.0,0.0,0.0
25235.227,-9.236664,0.0,0.0,0.0
25256.203,-9.379852,0.0,0.0,0.0
25277.18,-9.52301,0.0,0.0,0.0
25298.156,-9.666168,0.0,0.0,0.0
25319.135,-9.809341,0.0,0.0,0.0
25340.111,-9.952515,0.0,0.0,0.0
25361.088,-10.095673,0.0,0.0,0.0
25382.064,-10.238831,0.0,0.0,0.0
25403.041,-10.382019,0.0,0.0,0.0
25424.018,-10.525177,0.0,0.0,0.0
25444.996,-10.668335,0.0,0.0,0.0
25465.973,-10.811493,0.0,0.0,0.0
25486.95,-10.954681,0.0,0.0,0.0
25507.926,-11.097839,0.0,0.0,0.0
25528.902,-11.240997,0.0,0.0,0.0
25549.88,-11.384186,0.0,0.0,0.0
25570.857,-11.527374,0.0,0.0,0.0
25591.834,-11.670532,0.0,0.0,0.0
25612.81,-11.81369,0.0,0.0,0.0
25633.787,-11.956879,0.0,0.0,0.0
25654.764,-12.100037,0.0,0.0,0.0
25675.742,-12.243195,0.0,0.0,0.0
25696.719,-12.386353,0.0,0.0,0.0
25717.695,-12.529541,0.0,0.0,0.0
25738.672,-12.672699,0.0,0.0,0.0
25759.648,-12.815857,0.0,0.0,0.0
25780.627,-12.959015,0.0,0.0,0.0
25801.604,-13.102203,0.0,0.0,0.0
25822.58,-13.245361,0.0,0.0,0.0
25843.557,-13.388519,0.0,0.0,0.0
25864.533,-13.531708,0.0,0.0,0.0
25885.51,-13.674866,0.0,0.0,0.0
25906.488,-13.818024,0.0,0.0,0.0
25927.465,-13.961182,0.0,0.0,0.0
25948.441,-14.10437,0.0,0.0,0.0
25969.418,-14.247528,0.0,0.0,0.0
25990.395,-14.390686,0.0,0.0,0.0
26011.373,-14.5338745,0.0,0.0,0.0
26032.35,-14.677063,0.0,0.0,0.0
26053.326,-14.820221,0.0,0.0,0.0
26074.303,-14.963348,0.0,0.0,0.0
26095.28,-15.106537,0.0,0.0,0.0
26116.256,-15.249695,0.0,0.0,0.0
26137.234,-15.392883,0.0,0.0,0.0
26158.21,-15.536041,0.0,0.0,0.0
26179.188,-15.67923,0.0,0.0,0.0
26200.164,-15.822388,0.0,0.0,0.0
26221.14,-15.965546,0.0,0.0,0.0
26242.117,-16.108704,0.0,0.0,0.0
26263.096,-16.251892,0.0,0.0,0.0
26284.072,-16.39505,0.0,0.0,0.0
26305.049,-16.538208,0.0,0.0,0.0
26326.025,-16.681396,0.0,0.0,0.0
26347.002,-16.824554,0.0,0.0,0.0
26367.98,-16.967712,0.0,0.0,0.0
26388.957,-17.11087,0.0,0.0,0.0
26409.934,-17.254059,0.0,0.0,0.0
26430.91,-17.397217,0.0,0.0,0.0
26451.887,-17.540375,0.0,0.0,0.0
26472.863,-17.683533,0.0,0.0,0.0
26493.842,-17.826721,0.0,0.0,0.0
26514.818,-17.96988,0.0,0.0,0.0
26535.795,-18.113037,0.0,0.0,0.0
26556.771,-18.256226,0.0,0.0,0.0
26577.748,-18.399384,0.0,0.0,0.0
26598.727,-18.542572,0.0,0.0,0.0
26619.703,-18.68573,0.0,0.0,0.0
26640.68,-18.828918,0.0,0.0,0.0
26661.656,-18.972076,0.0,0.0,0.0
26682.633,-19.115234,0.0,0.0,0.0
26703.61,-19.258362,0.0,0.0,0.0
26724.588,-19.40158,0.0,0.0,0.0
26745.564,-19.544739,0.0,0.0,0.0
26766.541,-19.687897,0.0,0.0,0.0
26787.518,-19.831085,0.0,0.0,0.0
26808.494,-19.974243,0.0,0.0,0.0
26829.473,-20.117401,0.0,0.0,0.0
26850.45,-20.26056,0.0,0.0,0.0
26871.426,-20.403748,0.0,0.0,0.0
26892.402,-20.546875,0.0,0.0,0.0
26913.379,-20.690063,0.0,0.0,0.0
26934.355,-20.833221,0.0,0.0,0.0
26955.334,-20.97641,0.0,0.0,0.0
26976.31,-21.119598,0.0,0.0,0.0
26997.287,-21.262756,0.0,0.0,0.0
27018.264,-21.405884,0.0,0.0,0.0
27039.24,-21.549042,0.0,0.0,0.0
27060.217,-21.69223,0.0,0.0,0.0
27081.195,-21.835419,0.0,0.0,0.0
27102.172,-21.978577,0.0,0.0,0.0
27123.148,-22.121735,0.0,0.0,0.0
27144.125,-22.264923,0.0,0.0,0.0
27165.102,-22.408081,0.0,0.0,0.0
27186.08,-22.551239,0.0,0.0,0.0
27207.057,-22.694427,0.0,0.0,0.0
27228.033,-22.837585,0.0,0.0,0.0
27249.01,-22.980743,0.0,0.0,0.0
27269.986,-23.123901,0.0,0.0,0.0
27290.963,-23.26709,0.0,0.0,0.0
27311.941,-23.410248,0.0,0.0,0.0
27332.918,-23.553406,0.0,0.0,0.0
27353.895,-23.696564,0.0,0.0,0.0
27374.871,-23.839752,0.0,0.0,0.0
27395.848,-23.98291,0.0,0.0,0.0
27416.826,-24.126068,0.0,0.0,0.0
27437.803,-24.269257,0.0,0.0,0.0
27458.78,-24.412415,0.0,0.0,0.0
27479.756,-24.555573,0.0,0.0,0.0
27500.732,-24.69873,0.0,0.0,0.0
27521.709,-24.841919,0.0,0.0,0.0
27542.688,-24.985107,0.0,0.0,0.0
27563.664,-25.128265,0.0,0.0,0.0
27584.64,-25.271423,0.0,0.0,0.0
27605.617,-25.414612,0.0,0.0,0.0
27626.594,-25.55777,0.0,0.0,0.0
27647.572,-25.700928,0.0,0.0,0.0
27668.549,-25.844116,0.0,0.0,0.0
27689.525,-25.986786,0.0,0.0,0.0
27710.502,-26.12918,0.0,0.0,0.0
27731.479,-26.271637,0.0,0.0,0.0
27752.455,-26.414062,0.0,0.0,0.0
27773.434,-26.556488,0.0,0.0,0.0
27794.41,-26.698914,0.0,0.0,0.0
27815.387,-26.84134,0.0,0.0,0.0
27836.363,-26.983765,0.0,0.0,0.0
27857.34,-27.12622,0.0,0.0,0.0
27878.316,-27.268646,0.0,0.0,0.0
27899.295,-27.411102,0.0,0.0,0.0
27920.271,-27.553528,0.0,0.0,0.0
27941.248,-27.695953,0.0,0.0,0.0
27962.225,-27.838379,0.0,0.0,0.0
27983.201,-27.980804,0.0,0.0,0.0
28004.18,-28.12326,0.0,0.0,0.0
28025.156,-28.265717,0.0,0.0,0.0
28046.133,-28.408112,0.0,0.0,0.0
28067.11,-28.550568,0.0,0.0,0.0
28088.086,-28.692993,0.0,0.0,0.0
28109.062,-28.835419,0.0,0.0,0.0
28130.041,-28.977844,0.0,0.0,0.0
28151.018,-29.1203,0.0,0.0,0.0
28171.994,-29.262695,0.0,0.0,0.0
28192.97,-29.405151,0.0,0.0,0.0
28213.947,-29.547577,0.0,0.0,0.0
28234.926,-29.690033,0.0,0.0,0.0
28255.902,-29.832458,0.0,0.0,0.0
28276.879,-29.974884,0.0,0.0,0.0
28297.855,-30.11734,0.0,0.0,0.0
28318.832,-30.259735,0.0,0.0,0.0
28339.809,-30.402191,0.0,0.0,0.0
28360.787,-30.544617,0.0,0.0,0.0
28381.764,-30.687042,0.0,0.0,0.0
28402.74,-30.829468,0.0,0.0,0.0
28423.717,-30.971924,0.0,0.0,0.0
28444.693,-31.11435,0.0,0.0,0.0
28465.672,-31.256805,0.0,0.0,0.0
28486.648,-31.399231,0.0,0.0,0.0
28507.625,-31.541656,0.0,0.0,0.0
28528.602,-31.684082,0.0,0.0,0.0
28549.578,-31.826508,0.0,0.0,0.0
28570.555,-31.968933,0.0,0.0,0.0
28591.533,-32.11139,0.0,0.0,0.0
28612.51,-32.253845,0.0,0.0,0.0
28633.486,-32.39627,0.0,0.0,0.0
28654.463,-32.538696,0.0,0.0,0.0
28675.44,-32.68112,0.0,0.0,0.0
28696.416,-32.823547,0.0,0.0,0.0
28717.395,-32.965973,0.0,0.0,0.0
28738.371,-33.1084,0.0,0.0,0.0
28759.348,-33.250854,0.0,0.0,0.0
28780.324,-33.39328,0.0,0.0,0.0
28801.3,-33.535706,0.0,0.0,0.0
28822.28,-33.67816,0.0,0.0,0.0
28843.256,-33.820587,0.0,0.0,0.0
28864.232,-33.963013,0.0,0.0,0.0
28885.209,-34.10544,0.0,0.0,0.0
28906.186,-34.247864,0.0,0.0,0.0
28927.162,-34.39032,0.0,0.0,0.0
28948.14,-34.532776,0.0,0.0,0.0
28969.117,-34.6752,0.0,0.0,0.0
28990.094,-34.817627,0.0,0.0,0.0
29011.07,-34.960052,0.0,0.0,0.0
29032.047,-35.10251,0.0,0.0,0.0
29053.025,-35.244904,0.0,0.0,0.0
29074.002,-35.38736,0.0,0.0,0.0
29094.979,-35.529785,0.0,0.0,0.0
29115.955,-35.67221,0.0,0.0,0.0
29136.932,-35.814636,0.0,0.0,0.0
29157.908,-35.95706,0.0,0.0,0.0
29178.887,-36.099518,0.0,0.0,0.0
29199.863,-36.241943,0.0,0.0,0.0
29220.84,-36.3844,0.0,0.0,0.0
29241.816,-36.526794,0.0,0.0,0.0
29262.793,-36.66925,0.0,0.0,0.0
29283.771,-36.811676,0.0,0.0,0.0
29304.748,-36.954132,0.0,0.0,0.0
29325.725,-37.096527,0.0,0.0,0.0
29346.701,-37.238983,0.0,0.0,0.0
29367.678,-37.38144,0.0,0.0,0.0
29388.654,-37.523834,0.0,0.0,0.0
29409.633,-37.66629,0.0,0.0,0.0
29430.61,-37.808716,0.0,0.0,0.0
29451.586,-37.95114,0.0,0.0,0.0
29472.562,-38.093567,0.0,0.0,0.0
29493.54,-38.235992,0.0,0.0,0.0
29514.516,-38.378418,0.0,0.0,0.0
29535.494,-38.520905,0.0,0.0,0.0
29556.47,-38.66333,0.0,0.0,0.0
29577.447,-38.805756,0.0,0.0,0.0
29598.424,-38.94818,0.0,0.0,0.0
29619.4,-39.090607,0.0,0.0,0.0
29640.379,-39.233063,0.0,0.0,0.0
29661.355,-39.375458,0.0,0.0,0.0
29682.332,-39.517914,0.0,0.0,0.0
29703.309,-39.66037,0.0,0.0,0.0
29724.285,-39.802765,0.0,0.0,0.0
29745.262,-39.94519,0.0,0.0,0.0
29766.24,-40.087646,0.0,0.0,0.0
29787.217,-40.230072,0.0,0.0,0.0
29808.193,-40.372498,0.0,0.0,0.0
29829.17,-40.514954,0.0,0.0,0.0
29850.146,-40.65738,0.0,0.0,0.0
29871.125,-40.799835,0.0,0.0,0.0
29892.102,-40.94226,0.0,0.0,0.0
29913.078,-41.084686,0.0,0.0,0.0
29934.055,-41.22711,0.0,0.0,0.0
29955.031,-41.369537,0.0,0.0,0.0
29976.008,-41.511993,0.0,0.0,0.0
29996.986,-41.65442,0.0,0.0,0.0
30017.963,-41.796844,0.0,0.0,0.0
30038.94,-41.93927,0.0,0.0,0.0
30059.916,-42.081696,0.0,0.0,0.0
30080.893,-42.22412,0.0,0.0,0.0
30101.871,-42.366608,0.0,0.0,0.0
30122.848,-42.509003,0.0,0.0,0.0
30143.824,-42.65146,0.0,0.0,0.0
30164.8,-42.793884,0.0,0.0,0.0
30185.777,-42.93631,0.0,0.0,0.0
30206.754,-43.078735,0.0,0.0,0.0
30227.732,-43.22119,0.0,0.0,0.0
30248.709,-43.363586,0.0,0.0,0.0
30269.686,-43.506042,0.0,0.0,0.0
30290.662,-43.6485,0.0,0.0,0.0
30311.639,-43.790924,0.0,0.0,0.0
30332.615,-43.93335,0.0,0.0,0.0
30353.594,-44.075775,0.0,0.0,0.0
30374.57,-44.2182,0.0,0.0,0.0
30395.547,-44.360626,0.0,0.0,0.0
30416.523,-44.50305,0.0,0.0,0.0
30437.5,-44.645508,0.0,0.0,0.0
30458.479,-44.787964,0.0,0.0,0.0
30479.455,-44.93039,0.0,0.0,0.0
30500.432,-45.072815,0.0,0.0,0.0
30521.408,-45.21524,0.0,0.0,0.0
30542.385,-45.357666,0.0,0.0,0.0
30563.361,-45.500122,0.0,0.0,0.0
30584.34,-45.642517,0.0,0.0,0.0
30605.316,-45.784973,0.0,0.0,0.0
30626.293,-45.92743,0.0,0.0,0.0
30647.27,-46.069855,0.0,0.0,0.0
30668.246,-46.21228,0.0,0.0,0.0
30689.225,-46.354706,0.0,0.0,0.0
30710.201,-46.49716,0.0,0.0,0.0
30731.178,-46.639557,0.0,0.0,0.0
30752.154,-46.782013,0.0,0.0,0.0
30773.13,-46.92444,0.0,0.0,0.0
30794.107,-47.066833,0.0,0.0,0.0
30815.086,-47.20935,0.0,0.0,0.0
30836.062,-47.351776,0.0,0.0,0.0
30857.04,-47.49417,0.0,0.0,0.0
30878.016,-47.636597,0.0,0.0,0.0
30898.992,-47.779053,0.0,0.0,0.0
30919.969,-47.921448,0.0,0.0,0.0
30940.947,-48.063904,0.0,0.0,0.0
30961.924,-48.20636,0.0,0.0,0.0
30982.9,-48.348816,0.0,0.0,0.0
31003.877,-48.49118,0.0,0.0,0.0
31024.854,-48.633636,0.0,0.0,0.0
31045.832,-48.776062,0.0,0.0,0.0
31066.809,-48.918518,0.0,0.0,0.0
31087.785,-49.060944,0.0,0.0,0.0
31108.762,-49.2034,0.0,0.0,0.0
31129.738,-49.345764,0.0,0.0,0.0
31150.715,-49.48822,0.0,0.0,0.0
31171.693,-49.630676,0.0,0.0,0.0
31192.67,-49.7731,0.0,0.0,0.0
31213.646,-49.915558,0.0,0.0,0.0
31234.623,-50.057983,0.0,0.0,0.0
31255.6,-50.20038,0.0,0.0,0.0
31276.578,-50.342865,0.0,0.0,0.0
31297.555,-50.48529,0.0,0.0,0.0
31318.531,-50.627686,0.0,0.0,0.0
31339.508,-50.77011,0.0,0.0,0.0
31360.484,-50.912567,0.0,0.0,0.0
31381.46,-51.055023,0.0,0.0,0.0
31402.44,-51.19745,0.0,0.0,0.0
31423.416,-51.339905,0.0,0.0,0.0
31444.393,-51.48233,0.0,0.0,0.0
31465.37,-51.624725,0.0,0.0,0.0
31486.346,-51.76715,0.0,0.0,0.0
31507.324,-51.909607,0.0,0.0,0.0
31528.3,-52.052032,0.0,0.0,0.0
31549.277,-52.19449,0.0,0.0,0.0
31570.254,-52.336945,0.0,0.0,0.0
31591.23,-52.47931,0.0,0.0,0.0
31612.207,-52.621765,0.0,0.0,0.0
31633.186,-52.76419,0.0,0.0,0.0
31654.162,-52.906616,0.0,0.0,0.0
31675.139,-53.049072,0.0,0.0,0.0
31696.115,-53.191498,0.0,0.0,0.0
31717.092,-53.333954,0.0,0.0,0.0
31738.068,-53.47635,0.0,0.0,0.0
31759.047,-53.618835,0.0,0.0,0.0
31780.023,-53.76123,0.0,0.0,0.0
31801.0,-53.903656,0.0,0.0,0.0
31821.977,-54.046112,0.0,0.0,0.0
31842.953,-54.188538,0.0,0.0,0.0
31863.932,-54.330963,0.0,0.0,0.0
31884.908,-54.47342,0.0,0.0,0.0
31905.885,-54.615875,0.0,0.0,0.0
31926.861,-54.75824,0.0,0.0,0.0
31947.838,-54.900696,0.0,0.0,0.0
31968.814,-55.04315,0.0,0.0,0.0
31989.793,-55.185547,0.0,0.0,0.0
32010.77,-55.328003,0.0,0.0,0.0
32031.746,-55.47046,0.0,0.0,0.0
32052.723,-55.612915,0.0,0.0,0.0
32073.7,-55.75531,0.0,0.0,0.0
32094.678,-55.897705,0.0,0.0,0.0
32115.654,-56.04016,0.0,0.0,0.0
32136.63,-56.182617,0.0,0.0,0.0
32157.607,-56.325012,0.0,0.0,0.0
32178.584,-56.46747,0.0,0.0,0.0
32199.56,-56.609863,0.0,0.0,0.0
32220.54,-56.75238,0.0,0.0,0.0
32241.516,-56.894775,0.0,0.0,0.0
32262.492,-57.03717,0.0,0.0,0.0
32283.469,-57.179626,0.0,0.0,0.0
32304.445,-57.322083,0.0,0.0,0.0
32325.424,-57.464478,0.0,0.0,0.0
32346.4,-57.606934,0.0,0.0,0.0
32367.377,-57.74939,0.0,0.0,0.0
32388.354,-57.891785,0.0,0.0,0.0
32409.33,-58.03424,0.0,0.0,0.0
32430.307,-58.176697,0.0,0.0,0.0
32451.285,-58.31909,0.0,0.0,0.0
32472.262,-58.461548,0.0,0.0,0.0
32493.238,-58.604004,0.0,0.0,0.0
32514.215,-58.7464,0.0,0.0,0.0
32535.191,-58.888794,0.0,0.0,0.0
32556.168,-59.03125,0.0,0.0,0.0
32577.146,-59.173706,0.0,0.0,0.0
32598.123,-59.316162,0.0,0.0,0.0
32619.1,-59.45862,0.0,0.0,0.0
32640.076,-59.601013,0.0,0.0,0.0
32661.053,-59.74347,0.0,0.0,0.0
32682.031,-59.885864,0.0,0.0,0.0
32703.008,-60.02826,0.0,0.0,0.0
32723.984,-60.170776,0.0,0.0,0.0
32744.96,-60.313232,0.0,0.0,0.0
32765.938,-60.455627,0.0,0.0,0.0
32786.914,-60.598083,0.0,0.0,0.0
32807.89,-60.740417,0.0,0.0,0.0
32828.867,-60.882812,0.0,0.0,0.0
32849.848,-61.02527,-0.12800208,0.0,0.0
32870.824,-61.167786,-0.5370255,0.0,0.0
32891.8,-61.31018,-0.946088,0.0,0.0
32912.777,-61.452698,-1.3551115,0.0,0.0
32933.754,-61.595154,-1.764174,0.0,0.0
32954.73,-61.73755,-2.1731975,0.0,0.0
32975.707,-61.879944,-2.58226,0.0,0.0
32996.684,-62.02234,-2.9912834,0.0,0.0
33017.66,-62.164734,-3.4003458,0.0,0.0
33038.637,-62.30719,-3.8093693,0.0,0.0
33059.613,-62.449646,-4.218432,0.0,0.0
33080.59,-62.59204,-4.627455,0.0,0.0
33101.57,-62.73456,-5.036596,0.0,0.0
33122.547,-62.877014,-5.445619,0.0,0.0
33143.523,-63.01941,-5.854682,0.0,0.0
33164.5,-63.161865,-6.2637053,0.0,0.0
33185.477,-63.30426,-6.6727676,0.0,0.0
33206.453,-63.446716,-7.081791,0.0,0.0
33227.43,-63.58905,-7.490854,0.0,0.0
33248.406,-63.731506,-7.899877,0.0,0.0
33269.383,-63.8739,-8.30894,0.0,0.0
33290.36,-64.01642,-8.717963,0.0,0.0
33311.336,-64.158875,-9.127026,0.0,0.0
33332.316,-64.30139,-9.536127,0.0,0.0
33353.293,-64.44379,-9.945189,0.0,0.0
33374.27,-64.58612,-10.354213,0.0,0.0
33395.246,-64.72858,-10.763275,0.0,0.0
33416.223,-64.87103,-11.172299,0.0,0.0
33437.2,-65.01343,-11.581362,0.0,0.0
33458.176,-65.15588,-11.990385,0.0,0.0
33479.152,-65.29828,-12.399447,0.0,0.0
33500.13,-65.440735,-12.808471,0.0,0.0
33521.105,-65.58319,-13.217533,0.0,0.0
33542.082,-65.72565,-13.626556,0.0,0.0
33563.062,-65.8681,-14.035697,0.0,0.0
33584.04,-66.0105,-14.444721,0.0,0.0
33605.016,-66.152954,-14.853784,0.0,0.0
33625.992,-66.29535,-15.262807,0.0,0.0
33646.97,-66.437805,-15.671869,0.0,0.0
33667.945,-66.58014,-16.080893,0.0,0.0
33688.92,-66.72266,-16.489956,0.0,0.0
33709.9,-66.86511,-16.89898,0.0,0.0
33730.875,-67.00751,-17.30804,0.0,0.0
33751.85,-67.150024,-17.717064,0.0,0.0
33772.83,-67.29248,-18.126127,0.0,0.0
33793.81,-67.434875,-18.535229,0.0,0.0
33814.785,-67.57727,-18.944292,0.0,0.0
33835.76,-67.719666,-19.353315,0.0,0.0
33856.74,-67.86206,-19.762377,0.0,0.0
33877.715,-68.00452,-20.1714,0.0,0.0
33898.69,-68.14703,-20.580463,0.0,0.0
33919.668,-68.28943,-20.989487,0.0,0.0
33940.645,-68.431885,-21.398548,0.0,0.0
33961.62,-68.57434,-21.807573,0.0,0.0
33982.598,-68.716736,-22.216635,0.0,0.0
34003.574,-68.85919,-22.625658,0.0,0.0
34024.555,-69.00159,-23.0348,0.0,0.0
34045.53,-69.14398,-23.443823,0.0,0.0
34066.508,-69.28644,-23.852884,0.0,0.0
34087.484,-69.428894,-24.261908,0.0,0.0
34108.46,-69.57129,-24.67097,0.0,0.0
34129.438,-69.713745,-25.079994,0.0,0.0
34150.414,-69.85626,-25.489058,0.0,0.0
34171.39,-69.99866,-25.89808,0.0,0.0
34192.367,-70.14105,-26.33542,0.0,0.0
34213.344,-70.28345,-26.8467,0.0,0.0
34234.32,-70.4259,-27.358028,0.0,0.0
34255.3,-70.5683,-27.869406,0.0,0.0
34276.277,-70.710754,-28.380733,0.0,0.0
34297.254,-70.85321,-28.892014,0.0,0.0
34318.23,-70.99567,-29.403341,0.0,0.0
34339.207,-71.13812,-29.91462,0.0,0.0
34360.184,-71.28052,-30.42595,0.0,0.0
34381.16,-71.42297,-30.937227,0.0,0.0
34402.137,-71.56537,-31.448555,0.0,0.0
34423.113,-71.707825,-31.959835,0.0,0.0
34444.09,-71.85028,-32.471165,0.0,0.0
34465.066,-71.992676,-32.98244,0.0,0.0
34486.047,-72.13507,-33.49387,0.0,0.0
34507.023,-72.27759,-34.005146,0.0,0.0
34528.0,-72.41998,-34.516476,0.0,0.0
34548.977,-72.56244,-35.027756,0.0,0.0
34569.953,-72.704895,-35.53908,0.0,0.0
34590.93,-72.84735,-36.05036,0.0,0.0
34611.906,-72.989746,-36.56169,0.0,0.0
34632.883,-73.1322,-37.07297,0.0,0.0
34653.86,-73.274536,-37.584297,0.0,0.0
34674.836,-73.41699,-38.095577,0.0,0.0
34695.812,-73.55939,-38.606907,0.0,0.0
34716.79,-73.701904,-39.118183,0.0,0.0
34737.77,-73.84436,-39.629612,0.0,0.0
34758.746,-73.98682,-40.14089,0.0,0.0
34779.723,-74.12927,-40.652218,0.0,0.0
34800.7,-74.27173,-41.163498,0.0,0.0
34821.676,-74.41406,-41.674824,0.0,0.0
34842.652,-74.55646,-42.186104,0.0,0.0
34863.63,-74.69891,-42.697433,0.0,0.0
34884.605,-74.84131,-43.208714,0.0,0.0
34905.582,-74.983765,-43.72004,0.0,0.0
34926.56,-75.12622,-44.23132,0.0,0.0
34947.535,-75.268616,-44.74265,0.0,0.0
34968.516,-75.41113,-45.254025,0.0,0.0
34989.492,-75.55359,-45.765305,0.0,0.0
35010.47,-75.695984,-46.27663,0.0,0.0
35031.445,-75.83838,-46.78796,0.0,0.0
35052.42,-75.980835,-47.29924,0.0,0.0
35073.4,-76.12317,-47.81052,0.0,0.0
35094.375,-76.265625,-48.321846,0.0,0.0
35115.35,-76.40814,-48.833176,0.0,0.0
35136.33,-76.55054,-49.344456,0.0,0.0
35157.305,-76.69299,-49.855732,0.0,0.0
35178.28,-76.83545,-50.36706,0.0,0.0
35199.26,-76.977905,-50.878437,0.0,0.0
35220.24,-77.12024,-51.389767,0.0,0.0
35241.215,-77.262695,-51.901047,0.0,0.0
35262.19,-77.40515,-52.412373,0.0,0.0
35283.168,-77.54755,-52.923653,0.0,0.0
35304.145,-77.69,-53.434982,0.0,0.0
35325.12,-77.83246,-53.946262,0.0,0.0
35346.098,-77.97485,-54.45759,0.0,0.0
35367.074,-78.11731,-54.96887,0.0,0.0
35388.05,-78.259766,-55.480198,0.0,0.0
35409.027,-78.40222,-55.991474,0.0,0.0
35430.008,-78.54462,-56.502903,0.0,0.0
35450.984,-78.68707,-57.01418,0.0,0.0
35471.96,-78.82947,-57.52551,0.0,0.0
35492.938,-78.971924,-58.03679,0.0,0.0
35513.914,-79.11432,-58.548115,0.0,0.0
35534.89,-79.256775,-59.08396,0.0,0.0
35555.867,-79.39923,-59.697556,0.0,0.0
35576.844,-79.54169,-60.311092,0.0,0.0
35597.82,-79.68414,-60.924683,0.0,0.0
35618.797,-79.8266,-61.53822,0.0,0.0
35639.773,-79.96893,-62.151814,0.0,0.0
35660.754,-80.11145,-62.765465,0.0,0.0
35681.73,-80.253845,-63.37906,0.0,0.0
35702.707,-80.39624,-63.992596,0.0,0.0
35723.684,-80.5387,-64.606186,0.0,0.0
35744.66,-80.68115,-65.21973,0.0,0.0
35765.637,-80.82355,-65.83332,0.0,0.0
35786.613,-80.966,-66.44685,0.0,0.0
35807.59,-81.10846,-67.06045,0.0,0.0
35828.566,-81.250854,-67.67398,0.0,0.0
35849.543,-81.39331,-68.287575,0.0,0.0
35870.52,-81.535706,-68.90111,0.0,0.0
35891.5,-81.6781,-18.246307,0.0,0.0
35912.477,-81.82056,-18.041794,0.0,0.0
35933.453,-81.96301,-17.837265,0.0,0.0
35954.43,-82.10541,-17.632751,0.0,0.0
35975.406,-82.24786,-17.428219,0.0,0.0
35996.383,-82.39032,-17.223705,0.0,0.0
36017.36,-82.532776,-17.019173,0.0,0.0
36038.336,-82.67517,-16.814667,0.0,0.0
36059.312,-82.817566,-16.610138,0.0,0.0
36080.29,-82.96002,-16.405624,0.0,0.0
36101.266,-83.10248,-16.201092,0.0,0.0
36122.246,-83.244934,-15.996536,0.0,0.0
36143.223,-83.38739,-15.792004,0.0,0.0
36164.2,-83.529785,-15.587498,0.0,0.0
36185.176,-83.67224,-15.382969,0.0,0.0
36206.152,-83.8147,-15.178455,0.0,0.0
36227.13,-83.95709,-14.973923,0.0,0.0
36248.105,-84.09949,-14.769409,0.0,0.0
36269.082,-84.24194,-14.56488,0.0,0.0
36290.06,-84.38434,-14.360367,0.0,0.0
36311.035,-84.526794,-14.15583,0.0,0.0
36332.01,-84.66925,-13.951324,0.0,0.0
36352.99,-84.811646,-13.746796,0.0,0.0
36373.97,-84.95416,-13.542244,0.0,0.0
36394.945,-85.09656,-13.3377075,0.0,0.0
36415.92,-85.23895,-13.133202,0.0,0.0
36436.9,-85.38141,-12.928665,0.0,0.0
36457.875,-85.523865,-12.724159,0.0,0.0
36478.85,-85.66632,-12.51963,0.0,0.0
36499.83,-85.808716,-12.315117,0.0,0.0
36520.805,-85.95117,-12.11058,0.0,0.0
36541.78,-86.09357,-11.906067,0.0,0.0
36562.758,-86.23602,-11.701538,0.0,0.0
36583.734,-86.37848,-11.497025,0.0,0.0
36604.715,-86.520874,-11.292458,0.0,0.0
36625.69,-86.66333,-11.087944,0.0,0.0
36646.668,-86.805725,-10.883415,0.0,0.0
36667.645,-86.94818,-10.678902,0.0,0.0
36688.62,-87.09064,-10.474373,0.0,0.0
36709.598,-87.23303,-10.269867,0.0,0.0
36730.574,-87.37543,-10.0653305,0.0,0.0
36751.55,-87.51788,-9.860817,0.0,0.0
36772.527,-87.66034,-9.656288,0.0,0.0
36793.504,-87.802734,-9.451775,0.0,0.0
36814.48,-87.94519,-9.247246,0.0,0.0
36835.46,-88.08771,-9.042694,0.0,0.0
36856.438,-88.2301,-8.838165,0.0,0.0
36877.414,-88.37256,-8.6545105,0.0,0.0
36898.39,-88.51495,-8.552254,0.0,0.0
36919.367,-88.65735,-8.449989,0.0,0.0
36940.344,-88.799805,-8.347725,0.0,0.0
36961.32,-88.94226,-8.245468,0.0,0.0
36982.297,-89.084656,-8.143204,0.0,0.0
37003.273,-89.22711,-8.040947,0.0,0.0
37024.25,-89.36957,-7.9386826,0.0,0.0
37045.227,-89.51196,-7.8364334,0.0,0.0
37066.207,-89.65442,-7.734146,0.0,0.0
37087.184,-89.796814,-7.6318893,0.0,0.0
37108.16,-89.93927,-7.5296173,0.0,0.0
37129.137,-90.081726,-7.4273605,0.0,0.0
37150.113,-90.22418,-7.325096,0.0,0.0
37171.09,-90.36658,-7.2228394,0.0,0.0
37192.066,-90.50903,-7.120575,0.0,0.0
37213.043,-90.65143,-7.018326,0.0,0.0
37234.02,-90.79382,-6.916054,0.0,0.0
37254.996,-90.93634,-6.813797,0.0,0.0
37275.973,-91.078735,-6.7115326,0.0,0.0
37296.953,-91.22119,-6.6092606,0.0,0.0
37317.93,-91.36359,-6.507004,0.0,0.0
37338.906,-91.50604,-6.4047318,0.0,0.0
37359.883,-91.6485,-6.302475,0.0,0.0
37380.86,-91.79089,-6.200218,0.0,0.0
37401.836,-91.93335,-6.0979614,0.0,0.0
37422.812,-92.075806,-5.995697,0.0,0.0
37443.79,-92.2182,-5.893425,0.0,0.0
37464.766,-92.360596,-5.791168,0.0,0.0
37485.742,-92.50305,-5.6889114,0.0,0.0
37506.72,-92.64551,-5.5866547,0.0,0.0
37527.7,-92.787964,-5.4843826,0.0,0.0
37548.676,-92.93042,-5.3821106,0.0,0.0
37569.652,-93.072815,-5.279854,0.0,0.0
37590.63,-93.21527,-5.1775894,0.0,0.0
37611.605,-93.35773,-5.0753326,0.0,0.0
37632.582,-93.50012,-4.973068,0.0,0.0
37653.56,-93.64258,-4.8708115,0.0,0.0
37674.535,-93.78497,-4.768547,0.0,0.0
37695.51,-93.92743,-4.6662903,0.0,0.0
37716.49,-94.069824,-4.564026,0.0,0.0
37737.465,-94.21228,-4.461769,0.0,0.0
37758.44,-94.354675,-4.3595047,0.0,0.0
37779.42,-94.49713,-4.257225,0.0,0.0
37800.4,-94.63959,-4.1549683,0.0,0.0
37821.375,-94.78198,-4.0527115,0.0,0.0
37842.35,-94.92444,-3.9504395,0.0,0.0
37863.33,-95.066895,-3.848175,0.0,0.0
37884.305,-95.20929,-3.745926,0.0,0.0
37905.28,-95.351685,-3.6436615,0.0,0.0
37926.258,-95.4942,-3.541397,0.0,0.0
37947.234,-95.6366,-3.439148,0.0,0.0
37968.21,-95.77905,-3.3368683,0.0,0.0
37989.188,-95.92151,-3.2346191,0.0,0.0
38010.168,-96.0639,-3.1323395,0.0,0.0
38031.145,-96.20636,-3.030075,0.0,0.0
38052.12,-96.348816,-2.9278107,0.0,0.0
38073.098,-96.49121,-2.8255615,0.0,0.0
38094.074,-96.63367,-2.723297,0.0,0.0
38115.05,-96.77606,-2.6210327,0.0,0.0
38136.027,-96.91846,-2.5187683,0.0,0.0
38157.004,-97.06091,-2.4165192,0.0,0.0
38177.98,-97.20337,-2.3142395,0.0,0.0
38198.957,-97.345764,-2.2119904,0.0,0.0
38219.934,-97.48822,-2.1268616,0.0,0.0
38240.914,-97.63074,-2.1268616,0.0,0.0
38261.89,-97.77307,-2.1268768,0.0,0.0
38282.867,-97.91559,-2.1268616,0.0,0.0
38303.844,-98.05798,-2.1268768,0.0,0.0
38324.82,-98.20044,-2.1268616,0.0,0.0
38345.797,-98.342834,-2.1268616,0.0,0.0
38366.773,-98.48529,-2.1268768,0.0,0.0
38387.75,-98.627686,-2.1268616,0.0,0.0
38408.727,-98.77014,-2.1268768,0.0,0.0
38429.703,-98.9126,-2.1268616,0.0,0.0
38450.68,-99.05499,-2.1268768,0.0,0.0
38471.66,-99.19745,-2.1268768,0.0,0.0
38492.637,-99.33984,-2.1268616,0.0,0.0
38513.613,-99.4823,-2.1268616,0.0,0.0
38534.59,-99.624756,-2.1268768,0.0,0.0
38555.566,-99.76715,-2.1268616,0.0,0.0
38576.543,-99.909546,-2.1268768,0.0,0.0
38597.52,-100.052,-2.1268616,0.0,0.0
38618.496,-100.19446,-2.1268768,0.0,0.0
38639.473,-100.33685,-2.1268616,0.0,0.0
38660.45,-100.47931,-2.1268616,0.0,0.0
38681.426,-100.621765,-2.1268768,0.0,0.0
38702.406,-100.76422,-2.1268616,0.0,0.0
38723.383,-100.90668,-2.1268616,0.0,0.0
38744.36,-101.04907,-2.1268768,0.0,0.0
38765.336,-101.19153,-2.1268616,0.0,0.0
38786.312,-101.33392,-2.1268768,0.0,0.0
38807.29,-101.47638,-2.1268616,0.0,0.0
38828.266,-101.618835,-2.1268768,0.0,0.0
38849.242,-101.76123,-2.1268768,0.0,0.0
38870.22,-101.90369,-2.1268616,0.0,0.0
38891.195,-102.04608,-2.1268768,0.0,0.0
38912.17,-102.18854,-2.1268616,0.0,0.0
38933.152,-102.33093,-2.1268616,0.0,0.0
38954.13,-102.47339,-2.1268768,0.0,0.0
38975.105,-102.615845,-2.1268616,0.0,0.0
38996.082,-102.7583,-2.1268768,0.0,0.0
39017.06,-102.90076,-2.1268616,0.0,0.0
39038.035,-103.04315,-2.1268768,0.0,0.0
39059.01,-103.18561,-2.1268768,0.0,0.0
39079.99,-103.328,-2.1268616,0.0,0.0
39100.965,-103.47046,-2.1268768,0.0,0.0
39121.94,-103.612854,-2.1268616,0.0,0.0
39142.918,-103.75531,-2.1268768,0.0,0.0
39163.9,-103.897766,-2.1268768,0.0,0.0
39184.875,-104.04016,-2.1268616,0.0,0.0
39205.85,-104.18262,-2.1268768,0.0,0.0
39226.83,-104.32501,-2.1268616,0.0,0.0
39247.805,-104.46747,-2.1268768,0.0,0.0
39268.78,-104.609924,-2.1268768,0.0,0.0
39289.758,-104.75232,-2.1268616,0.0,0.0
39310.734,-104.894714,-2.1268768,0.0,0.0
39331.71,-105.03717,-2.1268616,0.0,0.0
39352.688,-105.17963,-2.1268768,0.0,0.0
39373.664,-105.32208,-2.1268616,0.0,0.0
39394.64,-105.46448,-2.1268616,0.0,0.0
39415.62,-105.60693,-2.1268768,0.0,0.0
39436.598,-105.74939,-2.1268616,0.0,0.0
39457.574,-105.891846,-2.1268616,0.0,0.0
39478.55,-106.03424,-2.1268768,0.0,0.0
39499.527,-106.1767,-2.1268616,0.0,0.0
39520.504,-106.31909,-2.1268768,0.0,0.0
39541.48,-106.46155,-2.1268616,0.0,0.0
39562.457,-106.604004,-2.1403198,0.0,0.0
39583.434,-106.7464,-2.242569,0.0,0.0
39604.41,-106.888794,-2.344818,0.0,0.0
39625.387,-107.03125,-2.4470825,0.0,0.0
39646.367,-107.173706,-2.5493622,0.0,0.0
39667.344,-107.3161,-2.6516266,0.0,0.0
39688.32,-107.45862,-2.753891,0.0,0.0
39709.297,-107.60101,-2.8561401,0.0,0.0
39730.273,-107.74347,-2.9584045,0.0,0.0
39751.25,-107.885864,-3.060669,0.0,0.0
39772.227,-108.02826,-3.1629333,0.0,0.0
39793.203,-108.170715,-3.2651978,0.0,0.0
39814.18,-108.31317,-3.367447,0.0,0.0
39835.156,-108.45563,-3.4697113,0.0,0.0
39856.133,-108.59802,-3.5719757,0.0,0.0
39877.113,-108.74048,-3.67424,0.0,0.0
39898.09,-108.88287,-3.7765045,0.0,0.0
39919.066,-109.02533,-3.878769,0.0,0.0
39940.043,-109.167786,-3.9810333,0.0,0.0
39961.02,-109.31018,-4.0832977,0.0,0.0
39981.996,-109.45264,-4.185562,0.0,0.0
40002.973,-109.59503,-4.2878113,0.0,0.0
40023.95,-109.73749,-4.3900604,0.0,0.0
40044.926,-109.879944,-4.49234,0.0,0.0
40065.902,-110.02234,-4.594589,0.0,0.0
40086.88,-110.164795,-4.696869,0.0,0.0
40107.86,-110.30725,-4.7991333,0.0,0.0
40128.836,-110.44971,-4.9013977,0.0,0.0
40149.812,-110.5921,-5.003662,0.0,0.0
40170.79,-110.73456,-5.1059265,0.0,0.0
40191.766,-110.87695,-5.208191,0.0,0.0
40212.742,-111.01941,-5.31044,0.0,0.0
40233.72,-111.161865,-5.412689,0.0,0.0
40254.695,-111.30426,-5.514969,0.0,0.0
40275.67,-111.44672,-5.617218,0.0,0.0
40296.65,-111.58911,-5.7194977,0.0,0.0
40317.625,-111.73157,-5.821747,0.0,0.0
40338.605,-111.87396,-5.9240265,0.0,0.0
40359.582,-112.01642,-6.026291,0.0,0.0
40380.56,-112.158875,-6.1285553,0.0,0.0
40401.535,-112.30133,-6.2308044,0.0,0.0
40422.51,-112.443726,-6.333069,0.0,0.0
40443.49,-112.58612,-6.435318,0.0,0.0
40464.465,-112.72858,-6.5375977,0.0,0.0
40485.44,-112.87103,-6.639847,0.0,0.0
40506.418,-113.01349,-6.7421265,0.0,0.0
40527.395,-113.15588,-6.8443756,0.0,0.0
40548.37,-113.29834,-6.9466248,0.0,0.0
40569.35,-113.440796,-7.0489197,0.0,0.0
40590.33,-113.58319,-7.151184,0.0,0.0
40611.305,-113.72565,-7.253433,0.0,0.0
40632.28,-113.86804,-7.3556976,0.0,0.0
40653.258,-114.0105,-7.457947,0.0,0.0
40674.234,-114.152954,-7.5602264,0.0,0.0
40695.21,-114.29535,-7.6624756,0.0,0.0
40716.188,-114.437805,-7.76474,0.0,0.0
40737.164,-114.5802,-7.8670044,0.0,0.0
40758.14,-114.72266,-7.9692535,0.0,0.0
40779.117,-114.86511,-8.071518,0.0,0.0
40800.098,-115.00757,-8.173798,0.0,0.0
40821.074,-115.14996,-8.276047,0.0,0.0
40842.05,-115.29242,-8.378326,0.0,0.0
40863.027,-115.434875,-8.480576,0.0,0.0
40884.004,-115.57727,-8.582855,0.0,0.0
40904.98,-115.71973,-8.688995,0.0,0.0
40925.957,-115.86212,-8.832169,0.0,0.0
40946.934,-116.00458,-8.975311,0.0,0.0
40967.91,-116.14703,-9.1184845,0.0,0.0
40988.887,-116.28943,-9.261658,0.0,0.0
41009.863,-116.43182,-9.404831,0.0,0.0
41030.84,-116.57428,-9.548004,0.0,0.0
41051.82,-116.716736,-9.691177,0.0,0.0
41072.797,-116.85913,-9.834335,0.0,0.0
41093.773,-117.00159,-9.977524,0.0,0.0
41114.75,-117.14398,-10.120682,0.0,0.0
41135.727,-117.28644,-10.263824,0.0,0.0
41156.703,-117.428894,-10.406982,0.0,0.0
41177.68,-117.57129,-10.550171,0.0,0.0
41198.656,-117.713745,-10.693329,0.0,0.0
41219.633,-117.8562,-10.836487,0.0,0.0
41240.61,-117.9986,-10.979645,0.0,0.0
41261.586,-118.14099,-11.122833,0.0,0.0
41282.566,-118.28351,-11.266022,0.0,0.0
41303.543,-118.425964,-11.40921,0.0,0.0
41324.52,-118.56836,-11.552338,0.0,0.0
41345.496,-118.710815,-11.695526,0.0,0.0
41366.473,-118.85321,-11.838684,0.0,0.0
41387.45,-118.99567,-11.981873,0.0,0.0
41408.426,-119.13812,-12.125,0.0,0.0
41429.402,-119.28052,-12.268188,0.0,0.0
41450.38,-119.42297,-12.411346,0.0,0.0
41471.355,-119.56537,-12.554504,0.0,0.0
41492.332,-119.707825,-12.697693,0.0,0.0
41513.312,-119.85028,-12.840851,0.0,0.0
41534.29,-119.99274,-12.984009,-1.7588501,0.0
41555.266,-120.13513,-13.127197,-3.628296,0.0
41576.242,-120.27759,-13.270355,-5.4977417,0.0
41597.22,-120.420044,-13.413513,-7.3671265,0.0
41618.195,-120.56238,-13.556671,-9.236572,0.0
41639.17,-120.704895,-13.69986,-11.106018,0.0
41660.15,-120.84729,-13.843018,-12.975464,0.0
41681.125,-120.989746,-13.986176,-14.844849,0.0
41702.1,-121.1322,-14.1293335,-16.714294,0.0
41723.08,-121.2746,-14.272522,-18.58374,0.0
41744.06,-121.41699,-14.41571,-20.453491,0.0
41765.035,-121.55945,-14.558899,-22.322937,0.0
41786.01,-121.701904,-14.702026,-24.192383,0.0
41806.99,-121.8443,-14.845215,-26.061829,0.0
41827.965,-121.986755,-14.988373,-27.931274,0.0
41848.94,-122.12915,-15.131531,-29.80072,0.0
41869.918,-122.27161,-15.274689,-31.670105,0.0
41890.895,-122.41406,-15.417847,-33.53955,0.0
41911.87,-122.55646,-15.561035,-35.408997,0.0
41932.848,-122.69885,-15.704193,-37.278442,0.0
41953.824,-122.84131,-15.847382,-39.147827,0.0
41974.805,-122.983826,-15.99054,-41.01758,0.0
41995.78,-123.12628,-16.133698,-42.886963,0.0
42016.758,-123.26874,-16.276886,-44.75641,0.0
42037.734,-123.41107,-16.420044,-46.625854,0.0
42058.71,-123.55359,-16.563202,-48.4953,0.0
42079.688,-123.695984,-16.70636,-50.364746,0.0
42100.664,-123.83838,-16.849548,-52.23419,0.0
42121.64,-123.980896,-16.992706,-54.103638,0.0
42142.617,-124.12323,-17.135864,-55.973083,0.0
42163.594,-124.265625,-17.279022,-57.84247,0.0
42184.57,-124.40814,-17.42221,-59.711914,0.0
42205.55,-124.5506,-17.5654,-61.581665,0.0
42226.527,-124.69299,-17.708557,-63.45111,0.0
42247.504,-124.83551,-17.851715,-65.32056,0.0
42268.48,-124.977905,-17.994873,-67.18994,0.0
42289.457,-125.12024,-18.138062,-69.05939,0.0
42310.434,-125.26276,-18.28122,-70.92883,0.0
42331.41,-125.40515,-18.424377,-72.79828,0.0
42352.387,-125.54755,-18.567535,-74.667725,0.0
42373.363,-125.69006,-18.710724,-75.73859,0.0
42394.34,-125.83246,-18.853882,-75.885376,0.0
42415.316,-125.97485,-18.99704,-76.03223,0.0
42436.297,-126.11737,-19.140228,-76.17908,0.0
42457.273,-126.259766,-19.283386,-76.32593,0.0
42478.25,-126.40216,-19.426544,-76.47278,0.0
42499.227,-126.54468,-19.569733,-76.61957,0.0
42520.203,-126.68707,-19.71286,-76.76642,0.0
42541.18,-126.82941,-19.856049,-76.91321,0.0
42562.156,-126.971924,-19.999207,-77.06006,0.0
42583.133,-127.11432,-20.142395,-77.20691,0.0
42604.11,-127.256714,-20.285553,-77.35376,0.0
42625.086,-127.39923,-20.42871,-77.50061,0.0
42646.062,-127.541565,-20.571869,-77.6474,0.0
42667.04,-127.68408,-20.715057,-77.79425,0.0
42688.02,-127.8266,-20.858246,-77.94116,0.0
42708.996,-127.968994,-21.001404,-78.08795,0.0
42729.973,-128.11139,-21.144562,-78.2348,0.0
42750.95,-128.25385,-21.28775,-78.38165,0.0
42771.926,-128.39624,-21.430908,-78.5285,0.0
42792.902,-128.53876,-21.574036,-78.675354,0.0
42813.88,-128.68115,-21.717224,-78.82214,0.0
42834.855,-128.82355,-21.860382,-78.968994,0.0
42855.832,-128.966,-22.00357,-79.115845,0.0
42876.81,-129.1084,-22.146729,-79.262695,0.0
42897.785,-129.2508,-22.289886,-79.409546,0.0
42918.766,-129.39325,-22.433075,-79.5564,0.0
42939.742,-129.53577,-22.576233,-79.70325,0.0
42960.72,-129.6781,-22.719421,-79.85004,0.0
42981.695,-129.82062,-22.862549,-79.99689,0.0
43002.67,-129.96301,-23.005737,-80.14374,0.0
43023.65,-130.10541,-23.148895,-80.29059,0.0
43044.625,-130.24792,-23.292084,-80.43738,0.0
43065.6,-130.39032,-23.435242,-80.58417,0.0
43086.58,-130.53271,-23.5784,-80.73102,0.0
43107.555,-130.67517,-23.721558,-80.87787,0.0
43128.53,-130.81757,-23.864746,-81.02472,0.0
43149.51,-130.96008,-24.007935,-81.17157,0.0
43170.49,-131.10254,-24.151093,-81.31842,0.0
43191.465,-131.24493,-24.29425,-81.46527,0.0
43212.44,-131.38733,-24.437408,-81.61206,0.0
43233.418,-131.52985,-24.580597,-81.75891,0.0
43254.395,-131.67218,-24.723755,-81.90576,0.0
43275.37,-131.81458,-24.866913,-82.05261,0.0
43296.348,-131.95709,-25.01007,-82.19946,0.0
43317.324,-132.09949,-25.15326,-82.34625,0.0
43338.3,-132.242,-25.296417,-82.4931,0.0
43359.277,-132.3844,-25.439545,-82.63995,0.0
43380.258,-132.52686,-25.582764,-82.786804,0.0
43401.234,-132.66925,-25.725922,-82.933655,0.0
43422.21,-132.81177,-25.86911,-83.080505,0.0
43443.188,-132.95416,-26.012238,-83.227356,0.0
43464.164,-133.09662,-26.155426,-83.374146,0.0
43485.14,-133.23901,-26.298584,-83.520996,0.0
43506.117,-133.38141,-26.441772,-83.66785,0.0
43527.094,-133.52393,-26.58493,-83.8147,0.0
43548.07,-133.66632,-26.728088,-83.96155,0.0
43569.047,-133.80865,-26.871246,-84.10828,0.0
43590.023,-133.95117,-27.014435,-84.25513,0.0
43611.004,-134.09363,-27.157623,-84.40198,0.0
43631.98,-134.23602,-27.30075,-84.54883,0.0
43652.957,-134.37842,-27.44394,-84.69568,0.0
43673.934,-134.52087,-27.587097,-84.84253,0.0
43694.91,-134.66327,-27.730286,-84.98938,0.0
43715.887,-134.80579,-27.873444,-85.13617,0.0
43736.863,-134.94818,-28.016571,-85.28302,0.0
43757.84,-135.09058,-28.15976,-85.42987,0.0
43778.816,-135.23303,-28.302917,-85.57672,0.0
43799.793,-135.37543,-28.446106,-85.72357,0.0
43820.77,-135.51782,-28.589233,-85.87036,0.0
43841.75,-135.66034,-28.732452,-86.01727,0.0
43862.727,-135.80286,-28.87561,-86.16412,0.0
43883.703,-135.94519,-29.018799,-86.31091,0.0
43904.68,-136.0877,-29.161926,-86.45776,0.0
43925.656,-136.2301,-29.305115,-86.604614,0.0
43946.633,-136.3725,-29.448273,-86.751465,0.0
43967.61,-136.51501,-29.591461,-86.898315,0.0
43988.586,-136.65735,-29.73462,-87.045105,0.0
44009.562,-136.79987,-29.877777,-87.191956,0.0
44030.54,-136.94226,-30.020935,-87.338806,0.0
44051.516,-137.08466,-30.164093,-87.48566,0.0
44072.496,-137.22711,-30.307312,-87.63251,0.0
44093.473,-137.36963,-30.45044,-87.77936,0.0
44114.45,-137.51202,-30.593628,-87.92615,0.0
44135.426,-137.65442,-30.736786,-88.07294,0.0
44156.402,-137.79688,-30.879944,-88.21979,0.0
44177.38,-137.93927,-31.023132,-88.36664,0.0
44198.355,-138.08179,-31.16626,-88.51349,0.0
44219.332,-138.22418,-31.309448,-88.66034,0.0
44240.31,-138.36658,-31.452606,-88.80713,0.0
44261.285,-138.5091,-31.595795,-88.95398,0.0
44282.26,-138.65143,-31.738922,-89.10083,0.0
44303.24,-138.79382,-31.88211,-89.24768,0.0
44324.22,-138.93628,-32.0253,-89.39453,0.0
44345.195,-139.0788,-32.168488,-89.54138,0.0
44366.17,-139.22119,-32.311615,-89.68823,0.0
44387.15,-139.36365,-32.454773,-89.83502,0.0
44408.125,-139.50604,-32.59796,-89.98187,0.0
44429.1,-139.64844,-32.74115,-90.12872,0.0
44450.08,-139.79095,-32.884308,-90.27557,0.0
44471.055,-139.93335,-33.027435,-90.422424,0.0
44492.03,-140.07568,-33.170624,-90.569214,0.0
44513.008,-140.2182,-33.31378,-90.716064,0.0
44533.984,-140.3606,-33.45697,-90.862915,0.0
44554.965,-140.50311,-33.60013,-91.009766,0.0
44575.94,-140.64551,-33.743286,-91.15662,0.0
44596.918,-140.78796,-33.886475,-91.30347,0.0
44617.895,-140.93036,-34.029633,-91.45032,0.0
44638.87,-141.07288,-34.17282,-91.597046,0.0
44659.848,-141.21527,-34.31595,-91.7439,0.0
44680.824,-141.35767,-34.459106,-91.89075,0.0
44701.8,-141.50012,-34.602295,-92.0376,0.0
44722.777,-141.64252,-34.745453,-92.18445,0.0
44743.754,-141.78503,-34.88861,-92.33124,0.0
44764.73,-141.92743,-35.03177,-92.47809,0.0
44785.71,-142.06989,-35.174988,-92.62494,0.0
44806.688,-142.21228,-35.318146,-92.77179,0.0
44827.664,-142.35474,-35.461334,-92.91864,0.0
44848.64,-142.49713,-35.60446,-93.06549,0.0
44869.617,-142.63953,-35.74765,-93.21234,0.0
44890.594,-142.78204,-35.89081,-93.35913,0.0
44911.57,-142.92444,-36.033997,-93.50598,0.0
44932.547,-143.06696,-36.177124,-93.65283,0.0
44953.523,-143.20935,-36.320312,-93.79968,0.0
44974.5,-143.35168,-36.46347,-93.94653,0.0
44995.477,-143.4942,-36.60663,-94.09332,0.0
45016.457,-143.63666,-36.749817,-94.240234,0.0
45037.434,-143.77905,-36.892975,-94.387085,0.0
45058.41,-143.92145,-37.036163,-94.533875,0.0
45079.387,-144.06396,-37.17932,-94.680725,0.0
45100.363,-144.2063,-37.32248,-94.827576,0.0
45121.34,-144.34882,-37.465637,-94.97443,0.0
45142.316,-144.49121,-37.608795,-95.12128,0.0
45163.293,-144.6336,-37.751984,-95.268005,0.0
45184.27,-144.77612,-37.89514,-95.414856,0.0
45205.246,-144.91846,-38.0383,-95.56171,0.0
45226.223,-145.06091,-38.181458,-95.70856,0.0
45247.203,-145.20337,-38.324677,-95.85541,0.0
45268.18,-145.34583,-38.467834,-96.00226,0.0
45289.156,-145.48828,-38.611023,-96.14911,0.0
45310.133,-145.63074,-38.75415,-96.2959,0.0
45331.11,-145.77307,-38.89734,-96.44275,0.0
45352.086,-145.91553,-39.040497,-96.5896,0.0
45373.062,-146.05798,-39.183685,-96.73645,0.0
45394.04,-146.20044,-39.326813,-96.8833,0.0
45415.016,-146.3429,-39.46997,-97.03009,0.0
45435.992,-146.48523,-39.61316,-97.17694,0.0
45456.97,-146.62769,-39.756317,-97.32379,0.0
45477.95,-146.77014,-39.899475,-97.47064,0.0
45498.926,-146.9126,-40.042664,-97.61749,0.0
45519.902,-147.05505,-40.18582,-97.76434,0.0
45540.88,-147.19739,-40.32901,-97.911194,0.0
45561.855,-147.33997,-40.472168,-98.05798,0.0
45582.832,-147.4823,-40.615326,-98.204834,0.0
45603.81,-147.62476,-40.758484,-98.351685,0.0
45624.785,-147.76721,-40.901672,-98.498535,0.0
45645.76,-147.90955,-41.04483,-98.645386,0.0
45666.74,-148.05212,-41.18799,-98.792175,0.0
45687.715,-148.19446,-41.331146,-98.939026,0.0
45708.695,-148.33691,-41.474365,-99.085815,0.0
45729.67,-148.47937,-41.617523,-99.232666,0.0
45750.65,-148.62183,-41.76071,-99.37952,0.0
45771.625,-148.76416,-41.90384,-99.52637,0.0
45792.6,-148.90662,-42.046997,-99.67322,0.0
45813.58,-149.04907,-42.190186,-99.82001,0.0
45834.555,-149.19153,-42.333344,-99.96686,0.0
45855.53,-149.33398,-42.4765,-100.11371,0.0
45876.508,-149.47644,-42.61966,-100.26056,0.0
45897.484,-149.61877,-42.762848,-100.40741,0.0
45918.46,-149.76123,-42.906006,-100.5542,0.0
45939.438,-149.90369,-43.049133,-100.70105,0.0
45960.418,-150.04614,-43.192352,-100.8479,0.0
45981.395,-150.18848,-43.33551,-100.99475,0.0
46002.37,-150.33105,-43.4787,-101.1416,0.0
46023.348,-150.47339,-43.621857,-101.28845,0.0
46044.324,-150.61584,-43.765015,-101.4353,0.0
46065.3,-150.7583,-43.908173,-101.58209,0.0
46086.277,-150.90063,-44.05136,-101.72894,0.0
46107.254,-151.04321,-44.19452,-101.87579,0.0
46128.23,-151.18555,-44.337677,-102.022644,0.0
46149.207,-151.328,-44.480835,-102.169495,0.0
46170.184,-151.47046,-44.624023,-102.316284,0.0
46191.164,-151.61292,-44.767212,-102.463196,0.0
46212.14,-151.75537,-44.91037,-102.61005,0.0
46233.117,-151.89783,-45.053528,-102.756775,0.0
46254.094,-152.04016,-45.196686,-102.903625,0.0
46275.07,-152.18262,-45.339874,-103.050476,0.0
46296.047,-152.32507,-45.483032,-103.19733,0.0
46317.023,-152.46753,-45.62619,-103.34418,0.0
46338.0,-152.60999,-45.76935,-103.49097,0.0
46358.977,-152.75232,-45.912506,-103.63782,0.0
46379.953,-152.89478,-46.055695,-103.78467,0.0
46400.93,-153.03723,-46.198853,-103.93152,0.0
46421.91,-153.17969,-46.34204,-104.07837,0.0
46442.887,-153.32202,-46.4852,-104.22522,0.0
46463.863,-153.46448,-46.628387,-104.37207,0.0
46484.84,-153.60693,-46.771545,-104.51886,0.0
46505.816,-153.74939,-46.914734,-104.66571,0.0
46526.793,-153.89185,-47.05786,-104.81256,0.0
46547.77,-154.0343,-47.20105,-104.95941,0.0
46568.746,-154.17664,-47.344177,-105.10626,0.0
46589.723,-154.31909,-47.487366,-105.25305,0.0
46610.7,-154.46155,-47.630554,-105.3999,0.0
46631.676,-154.60388,-47.773743,-105.54675,0.0
46652.656,-154.74634,-47.9169,-105.6936,0.0
46673.633,-154.88892,-48.06006,-105.840454,0.0
46694.61,-155.03125,-48.203217,-105.987305,0.0
46715.586,-155.1737,-48.346405,-106.134155,0.0
46736.562,-155.31616,-48.489502,-106.280945,0.0
46757.54,-155.4585,-48.63269,-106.427795,0.0
46778.516,-155.60107,-48.77588,-106.574585,0.0
46799.492,-155.74341,-48.919037,-106.721436,0.0
46820.47,-155.88586,-49.062195,-106.868286,0.0
46841.445,-156.02832,-49.205383,-107.015076,0.0
46862.42,-156.17065,-49.34851,-107.16193,0.0
46883.402,-156.31323,-49.49173,-107.30878,0.0
46904.38,-156.45557,-49.63492,-107.45563,0.0
46925.355,-156.59814,-49.778046,-107.60248,0.0
46946.332,-156.74048,-49.921234,-107.74933,0.0
46967.31,-156.88293,-50.06436,-107.89618,0.0
46988.285,-157.02539,-50.20755,-108.04297,0.0
47009.26,-157.16772,-50.350677,-108.18982,0.0
47030.24,-157.3103,-50.493866,-108.33667,0.0
47051.215,-157.45264,-50.637054,-108.48352,0.0
47072.19,-157.5951,-50.780243,-108.63037,0.0
47093.168,-157.73755,-50.92337,-108.77716,0.0
47114.15,-157.88,-51.06659,-108.92407,0.0
47135.125,-158.02234,-51.209717,-109.07086,0.0
47156.1,-158.1648,-51.352875,-109.21771,0.0
47177.08,-158.30725,-51.496094,-109.36456,0.0
47198.055,-158.44958,-51.63919,-109.51141,0.0
47219.03,-158.59216,-51.78241,-109.658264,0.0
47240.008,-158.7345,-51.925568,-109.80505,0.0
47260.984,-158.87695,-52.068726,-109.951904,0.0
47281.96,-159.01941,-52.211884,-110.098755,0.0
47302.938,-159.16174,-52.35501,-110.245544,0.0
47323.914,-159.30432,-52.4982,-110.392426,0.0
47344.895,-159.44678,-52.64142,-110.539276,0.0
47365.87,-159.58911,-52.784607,-110.68613,0.0
47386.848,-159.73157,-52.927734,-110.83298,0.0
47407.824,-159.87402,-53.070923,-110.97974,0.0
47428.8,-160.01648,-53.21405,-111.12662,0.0
47449.777,-160.15894,-53.35724,-111.27344,0.0
47470.754,-160.30127,-53.500366,-111.42032,0.0
47491.73,-160.44373,-53.643555,-111.56714,0.0
47512.707,-160.58618,-53.786743,-111.71393,0.0
47533.684,-160.72864,-53.92993,-111.86078,0.0
47554.66,-160.8711,-54.07306,-112.00763,0.0
47575.637,-161.01343,-54.216248,-112.15445,0.0
47596.617,-161.156,-54.359406,-112.3013,0.0
47617.594,-161.29834,-54.502563,-112.44815,0.0
47638.57,-161.44067,-54.645782,-112.595,0.0
47659.547,-161.58325,-54.78888,-112.74179,0.0
47680.523,-161.72559,-54.932068,-112.88864,0.0
47701.5,-161.86816,-55.075256,-113.03552,0.0
47722.477,-162.0105,-55.218384,-113.18234,0.0
47743.453,-162.15295,-55.361572,-113.32922,0.0
47764.43,-162.29541,-55.5047,-113.47598,0.0
47785.406,-162.43774,-55.64789,-113.62286,0.0
47806.383,-162.58032,-55.791077,-113.769714,0.0
47827.363,-162.72266,-55.934265,-113.916595,0.0
47848.34,-162.86511,-56.077454,-114.063324,0.0
47869.316,-163.00745,-56.22058,-114.210175,0.0
47890.293,-163.15002,-56.36371,-114.357025,0.0
47911.27,-163.29236,-56.506897,-114.503815,0.0
47932.246,-163.43481,-56.650024,-114.650665,0.0
47953.223,-163.57727,-56.793213,-114.797516,0.0
47974.2,-163.7196,-56.9364,-114.94437,0.0
47995.176,-163.86218,-57.07959,-115.09125,0.0
48016.152,-164.00452,-57.222717,-115.23801,0.0
48037.13,-164.14697,-57.365906,-115.38489,0.0
48058.11,-164.28943,-57.509094,-115.53177,0.0
48079.086,-164.43188,-57.652283,-115.67859,0.0
48100.062,-164.57434,-57.79547,-115.82547,0.0
48121.04,-164.71667,-57.9386,-115.97232,0.0
48142.016,-164.85925,-58.081787,-116.11917,0.0
48162.992,-165.00159,-58.224976,-116.26596,0.0
48183.97,-165.14404,-58.368103,-116.41281,0.0
48204.945,-165.2865,-58.51123,-116.55966,0.0
48225.92,-165.42883,-58.65442,-116.70651,0.0
48246.9,-165.57141,-58.797546,-116.85336,0.0
48267.875,-165.71375,-58.940796,-117.00015,0.0
48288.855,-165.8562,-59.083984,-117.14703,0.0
48309.832,-165.99854,-59.22711,-117.29379,0.0
48330.81,-166.14111,-59.3703,-117.440674,0.0
48351.785,-166.28345,-59.513428,-117.587494,0.0
48372.76,-166.42603,-59.656616,-117.734314,0.0
48393.74,-166.56836,-59.799744,-117.881195,0.0
48414.715,-166.71082,-59.942932,-118.027985,0.0
48435.69,-166.85327,-60.08612,-118.174835,0.0
48456.668,-166.9956,-60.22931,-118.321686,0.0
48477.645,-167.13818,-60.372437,-118.46854,0.0
48498.62,-167.28052,-60.515625,-118.61539,0.0
48519.6,-167.42297,-60.658752,-118.76221,0.0
48540.58,-167.56543,-60.80194,-118.90906,0.0
48561.555,-167.70776,-60.94513,-119.05591,0.0
48582.53,-167.85022,-61.088257,-119.2027,0.0
48603.508,-167.99268,-61.231445,-119.34949,0.0
48624.484,-168.13513,-61.374634,-119.4964,0.0
48645.46,-168.27759,-61.51776,-119.64319,0.0
48666.438,-168.41992,-61.66095,-119.79004,0.0
48687.414,-168.56238,-61.804077,-119.93689,0.0
48708.39,-168.70483,-61.947266,-120.08374,0.0
48729.367,-168.84729,-62.090454,-120.23059,0.0
48750.348,-168.98975,-62.233643,-120.37744,0.0
48771.324,-169.1322,-62.37677,-120.52429,0.0
48792.3,-169.27454,-62.51996,-120.67114,0.0
48813.277,-169.41711,-62.663086,-120.81799,0.0
48834.254,-169.55945,-62.806274,-120.96478,0.0
48855.23,-169.7019,-62.9494,-121.11163,0.0
48876.207,-169.84436,-63.09259,-121.258484,0.0
48897.184,-169.9867,-63.23578,-121.405396,0.0
48918.16,-170.12927,-63.378967,-121.552124,0.0
48939.137,-170.2716,-63.522095,-121.69885,0.0
48960.113,-170.41406,-63.665283,-121.8457,0.0
48981.094,-170.5564,-63.80847,-121.992615,0.0
49002.07,-170.69897,-63.9516,-122.139404,0.0
49023.047,-170.84131,-64.09485,-122.286316,0.0
49044.023,-170.98376,-64.237976,-122.433105,-1.006958
49065.0,-171.12622,-64.381165,-122.58002,-2.8764038
49085.977,-171.26868,-64.52429,-122.72681,-4.7457886
49106.953,-171.41113,-64.66748,-122.87366,-6.6152344
49127.93,-171.55347,-64.81067,-123.02051,-8.48468
49148.906,-171.69592,-64.953735,-123.16736,-10.354126
49169.883,-171.83838,-65.096924,-123.31421,-12.223572
49190.86,-171.98083,-65.24011,-123.46094,-14.093018
49211.836,-172.12329,-65.3833,-123.60785,-15.962463
49232.816,-172.26562,-65.52649,-123.75476,-17.832214
49253.793,-172.4082,-65.66962,-123.90149,-19.70166
49274.77,-172.55054,-65.812805,-124.0484,-21.571045
49295.746,-172.693,-65.95599,-124.19519,-23.44049
49316.723,-172.83545,-66.09918,-124.3421,-25.309937
49337.7,-172.97778,-66.24231,-124.48877,-27.179382
49358.676,-173.12036,-66.3855,-124.63574,-29.048767
49379.652,-173.2627,-66.528625,-124.78253,-30.918213
49400.63,-173.40515,-66.671814,-124.92944,-32.78766
49421.605,-173.5476,-66.81494,-125.07623,-34.657104
49442.582,-173.68994,-66.95813,-125.22302,-36.52649
49463.562,-173.83252,-67.10132,-125.369995,-38.3963
49484.54,-173.97485,-67.24451,-125.51672,-40.265686
49505.516,-174.11743,-67.387634,-125.663574,-42.13513
49526.492,-174.25977,-67.53082,-125.810425,-44.004578
49547.47,-174.40222,-67.67395,-125.957275,-45.874023
49568.445,-174.54456,-67.81714,-126.104126,-47.74341
49589.42,-174.68713,-67.96033,-126.25098,-49.612854
49610.4,-174.82947,-68.103455,-126.397766,-51.4823
49631.375,-174.97192,-68.24664,-126.54468,-53.351746
49652.35,-175.11438,-68.38983,-126.69147,-55.22113
49673.33,-175.25684,-68.53296,-126.83838,-57.090576
49694.31,-175.39905,-68.67615,-126.98523,-58.96039
49715.285,-175.54175,-68.819275,-127.13196,-60.829834
49736.26,-175.68396,-68.96246,-127.27881,-62.69928
49757.24,-175.82666,-69.10565,-127.42566,-64.568665
49778.215,-175.96887,-69.24884,-127.57251,-66.43811
49799.19,-176.11133,-69.39197,-127.71936,-68.307556
49820.168,-176.25378,-69.53516,-127.86621,-70.177
49841.145,-176.39624,-69.67828,-128.01306,-72.04639
49862.12,-176.5387,-69.82147,-128.15979,-73.03485
49883.098,-176.68103,-69.9646,-128.30664,-73.1817
49904.074,-176.82373,-70.10779,-128.45349,-73.32855
49925.055,-176.96606,-70.25104,-128.60034,-73.4754
49946.03,-177.10828,-70.394165,-128.74725,-73.62225
49967.008,-177.25098,-70.53735,-128.89404,-73.769104
49987.984,-177.39319,-70.68048,-129.04102,-73.91589
50008.96,-180.24658,-72.11926,-129.18762,-74.06268
50029.938,-180.39062,-72.263916,-129.3346,-74.20953
50050.914,-180.53491,-72.40857,-129.48132,-74.356384
50071.89,-180.67908,-72.55322,-129.6283,-74.503235
50092.867,-180.82324,-72.697876,-129.77502,-74.650085
50113.844,-180.96753,-72.84241,-129.922,-74.796875
50134.82,-181.11157,-72.98706,-130.06873,-74.943726
50155.8,-181.25598,-73.131775,-130.21558,-75.090576
50176.777,-181.40015,-73.27637,-130.36243,-75.23743
50197.754,-181.54431,-73.42102,-130.50928,-75.38428
50218.73,-181.68848,-73.565674,-130.65613,-75.53113
50239.707,-181.83264,-73.710266,-130.80298,-75.67798
50260.684,-181.97693,-73.85492,-130.9497,-75.82477
50281.66,-182.12122,-73.99951,-131.09668,-75.97162
50302.637,-182.26526,-74.144165,-131.24341,-76.11847
50323.613,-182.40942,-74.28882,-131.39038,-76.26532
50344.59,-182.55371,-74.43347,-131.53711,-76.41217
50365.566,-182.69775,-74.578064,-131.68396,-76.55896
50386.547,-182.84204,-74.72272,-131.83087,-76.70587
50407.523,-182.98608,-74.86737,-131.9776,-76.85266
50428.5,-183.13037,-75.012024,-132.12451,-76.99951
50449.477,-183.27466,-75.15662,-132.2713,-77.14636
50470.453,-183.4187,-75.30127,-132.41821,-77.29321
50491.43,-183.56311,-75.44592,-132.565,-77.44006
50512.406,-183.70715,-75.590576,-132.71179,-77.58679
50533.383,-183.85132,-75.73523,-132.85864,-77.73364
50554.36,-183.9956,-75.87982,-133.0055,-77.88049
50575.336,-184.13977,-76.024475,-133.15234,-78.02734
50596.312,-184.28394,-76.16907,-133.2992,-78.174194
50617.29,-184.42822,-76.31366,-133.44604,-78.320984
50638.27,-184.57239,-76.458374,-133.5929,-78.467896
50659.246,-184.71667,-76.60303,-133.73975,-78.614685
50680.223,-184.86084,-76.74762,-133.88654,-78.761536
50701.2,-185.00488,-76.89227,-134.03345,-78.90839
50722.176,-185.14929,-77.03693,-134.18018,-79.05524
50743.152,-185.29333,-77.18152,-134.32715,-79.20209
50764.13,-185.43762,-77.32617,-134.47388,-79.34888
50785.105,-185.58179,-77.470825,-134.62067,-79.49573
50806.082,-185.72583,-77.61542,-134.76758,-79.64258
50827.06,-185.87012,-77.76007,-134.91443,-79.78943
50848.035,-186.01428,-77.904724,-135.06128,-79.93628
50869.016,-186.15857,-78.04938,-135.20813,-80.08313
50889.992,-186.30273,-78.19403,-135.35492,-80.22998
50910.97,-186.4469,-78.33862,-135.50183,-80.37683
50931.945,-186.59119,-78.48328,-135.64856,-80.52362
50952.92,-186.73535,-78.62793,-135.79547,-80.67047
50973.9,-186.87952,-78.77252,-135.94226,-80.81732
50994.875,-187.02368,-78.917175,-136.08917,-80.96417
51015.85,-187.16785,-79.06177,-136.23596,-81.11102
51036.83,-187.31201,-79.20642,-136.38281,-81.25775
51057.805,-187.4563,-79.351074,-136.52954,-81.4046
51078.78,-187.60059,-79.49567,-136.67651,-81.55145
51099.76,-187.74463,-79.64032,-136.82336,-81.6983
51120.74,-187.88892,-79.78497,-136.9701,-81.84515
51141.715,-188.03296,-79.92963,-137.11707,-81.992004
51162.69,-188.17737,-80.07428,-137.2638,-82.138855
51183.668,-188.32141,-80.21887,-137.4107,-82.285645
51204.645,-188.46558,-80.363525,-137.5575,-82.432495
51225.62,-188.60986,-80.50818,-137.7044,-82.579346
51246.598,-188.75403,-80.65277,-137.8512,-82.7262
51267.574,-188.8982,-80.797424,-137.99811,-82.87305
51288.55,-189.04248,-80.94208,-138.14484,-83.01984
51309.527,-189.18665,-81.08673,-138.29163,-83.16669
51330.508,-189.33093,-81.231384,-138.43848,-83.31354
51351.484,-189.4751,-81.37604,-138.58545,-83.46039
51372.46,-189.61914,-81.52063,-138.73218,-83.60724
51393.438,-189.76355,-81.66528,-138.87915,-83.75409
51414.414,-189.9076,-81.80994,-139.02588,-83.90094
51435.39,-190.05188,-81.95453,-139.17273,-84.04773
51456.367,-190.19617,-82.09912,-139.31952,-84.19458
51477.344,-190.34009,-82.243774,-139.46643,-84.34143
51498.32,-190.48438,-82.38843,-139.61322,-84.48828
51519.297,-190.62866,-82.53308,-139.76013,-84.63513
51540.273,-190.77283,-82.67767,-139.90686,-84.78192
51561.254,-190.91699,-82.82233,-140.05383,-84.92883
51582.23,-191.06104,-82.96698,-140.20062,-85.07556
51603.207,-191.20544,-83.11157,-140.34741,-85.22241
51624.184,-191.34961,-83.256226,-140.49432,-85.36926
51645.16,-191.49365,-83.40088,-140.64111,-85.51611
51666.137,-191.63794,-83.54553,-140.78802,-85.662964
51687.113,-191.7821,-83.690186,-140.93481,-85.80975
51708.09,-191.92627,-83.83478,-141.08167,-85.956604
51729.066,-192.07056,-83.97943,-141.22845,-86.103455
51750.043,-192.21472,-84.12402,-141.37537,-86.250305
51771.02,-192.35876,-84.26868,-141.52216,-86.397156
51792.0,-192.50317,-84.41333,-141.669,-86.54401
51812.977,-192.64722,-84.55798,-141.81592,-86.69086
51833.953,-192.79163,-84.70264,-141.96265,-86.83765
51854.93,-192.93567,-84.84729,-142.1095,-86.9845
51875.906,-193.07996,-84.99182,-142.25635,-87.13135
51896.883,-193.22424,-85.136475,-142.4032,-87.2782
51917.86,-193.36829,-85.28113,-142.55005,-87.42505
51938.836,-193.51245,-85.42578,-142.69678,-87.57184
51959.812,-193.65674,-85.570435,-142.84369,-87.71869
51980.79,-193.8009,-85.71509,-142.99048,-87.86554
52001.766,-193.94507,-85.85968,-143.13739,-88.01239
52022.746,-194.08911,-86.00433,-143.28424,-88.15924
52043.723,-194.2334,-86.14899,-143.43103,-88.30609
52064.7,-194.37769,-86.29358,-143.57794,-88.45294
52085.676,-194.52185,-86.43823,-143.72473,-88.59979
52106.652,-194.66614,-86.582886,-143.87158,-88.74652
52127.63,-194.81018,-86.72754,-144.01837,-88.89337
52148.605,-194.95447,-86.87219,-144.16528,-89.04022
52169.582,-195.09863,-87.01672,-144.31207,-89.18707
52190.56,-195.24292,-87.16144,-144.45898,-89.33392
52211.535,-195.38708,-87.30609,-144.60571,-89.48071
52232.51,-195.53113,-87.45062,-144.75269,-89.62756
52253.49,-195.67542,-87.595276,-144.89941,-89.774414
52274.47,-195.8197,-87.73999,-145.04626,-89.921265
52295.445,-195.96387,-87.88458,-145.19312,-90.068115
52316.42,-196.10803,-88.029236,-145.33997,-90.214966
52337.4,-196.2522,-88.17383,-145.48682,-90.36182
52358.375,-196.39636,-88.31848,-145.63367,-90.508606
52379.35,-196.54053,-88.463135,-145.7804,-90.65546
52400.33,-196.68481,-88.60773,-145.92725,-90.80231
52421.305,-196.82898,-88.75238,-146.0741,-90.94916
52442.28,-196.97314,-88.89703,-146.22095,-91.09601
52463.258,-197.11731,-89.04169,-146.3678,-91.2428
52484.234,-197.2616,-89.18634,-146.51465,-91.38965
52505.215,-197.40576,-89.33093,-146.6615,-91.5365
52526.19,-197.54993,-89.475586,-146.80835,-91.68335
52547.168,-197.69421,-89.62024,-146.9552,-91.8302
52568.145,-197.83838,-89.76489,-147.10193,-91.97705
52589.12,-197.98254,-89.909546,-147.2489,-92.1239
52610.098,-198.12671,-90.05414,-147.39563,-92.27069
52631.074,-198.271,-90.19879,-147.5426,-92.41754
52652.05,-198.41516,-90.34338,-147.68933,-92.56433
52673.027,-198.55933,-90.487976,-147.83618,-92.71118
52694.004,-198.70349,-90.63263,-147.98303,-92.85803
52714.98,-198.84766,-90.77728,-148.12988,-93.00482
52735.96,-198.99194,-90.921936,-148.27673,-93.15173
52756.938,-199.13611,-91.06659,-148.42358,-93.29852
52777.914,-199.2804,-91.21124,-148.57043,-93.44537
52798.89,-199.42444,-91.355835,-148.71729,-93.592224
52819.867,-199.56873,-91.50049,-148.86414,-93.739075
52840.844,-199.71289,-91.64514,-149.01086,-93.885925
52861.82,-199.85718,-91.789734,-149.15784,-94.032715
52882.797,-200.00122,-91.93439,-149.30457,-94.179565
52903.773,-200.14539,-92.07904,-149.45154,-94.326416
52924.75,-200.28967,-92.223694,-149.59827,-94.47327
52945.727,-200.43396,-92.368286,-149.745,-94.62012
52966.707,-200.57812,-92.51294,-149.89185,-94.76697
52987.684,-200.72229,-92.65759,-150.03882,-94.91382
53008.66,-200.86646,-92.802246,-150.18555,-95.06061
53029.637,-201.01062,-92.94684,-150.33246,-95.20746
53050.613,-201.15479,-93.09149,-150.47925,-95.35431
53071.59,-201.29907,-93.236084,-150.62616,-95.50116
53092.566,-201.44324,-93.38074,-150.77295,-95.64801
53113.543,-201.5874,-93.52539,-150.91986,-95.7948
53134.52,-201.73157,-93.66998,-151.06665,-95.94165
53155.496,-201.87585,-93.81464,-151.21356,-96.0885
53176.473,-202.02002,-93.95929,-151.36023,-96.23529
53197.453,-202.1643,-94.10394,-151.50714,-96.38214
53218.43,-202.30847,-94.248535,-151.65405,-96.52899
53239.406,-202.45251,-94.39319,-151.80072,-96.67584
53260.383,-202.5968,-94.53784,-151.94775,-96.82269
53281.36,-202.74097,-94.682495,-152.09442,-96.96948
53302.336,-202.88525,-94.82709,-152.24146,-97.11633
53323.312,-203.0293,-94.97174,-152.38812,-97.26318
53344.29,-203.17358,-95.116394,-152.53503,-97.410034
53365.266,-203.31775,-95.26105,-152.68195,-97.556885
53386.242,-203.46191,-95.40564,-152.82874,-97.703674
53407.22,-203.6062,-95.55029,-152.97565,-97.850525
53428.2,-203.75037,-95.69495,-153.12244,-97.997375
53449.176,-203.89465,-95.8396,-153.26917,-98.144226
53470.152,-204.0387,-95.98425,-153.41602,-98.29108
53491.13,-204.18298,-96.128845,-153.5628,-98.43793
53512.105,-204.32715,-96.27344,-153.70972,-98.58478
53533.082,-204.47144,-96.41809,-153.8565,-98.73157
53554.06,-204.61548,-96.562744,-154.00342,-98.87842
53575.035,-204.75964,-96.7074,-154.15009,-99.02527
53596.01,-204.90393,-96.85199,-154.29712,-99.17212
53616.99,-205.04822,-96.99664,-154.44379,-99.31897
53637.965,-205.19238,-97.1413,-154.59082,-99.46576
53658.945,-205.33655,-97.28589,-154.73767,-99.61267
53679.92,-205.48071,-97.43054,-154.8844,-99.75946
53700.9,-205.62488,-97.575195,-155.03137,-99.90631
53721.875,-205.76904,-97.71985,-155.1781,-100.0531
53742.85,-205.91333,-97.8645,-155.32495,-100.19995
53763.83,-206.0575,-98.009094,-155.4718,-100.3468
53784.805,-206.20166,-98.15375,-155.61859,-100.49359
53805.78,-206.34583,-98.29834,-155.7655,-100.64044
53826.758,-206.48999,-98.44299,-155.9123,-100.78729
53847.734,-206.63428,-98.587585,-156.05908,-100.93414
53868.71,-206.77856,-98.73224,-156.206,-101.08099
53889.688,-206.9226,-98.87689,-156.35278,-101.22778
53910.668,-207.06677,-99.02161,-156.49963,-101.374695
53931.645,-207.21106,-99.16614,-156.64667,-101.521484
53952.62,-207.35522,-99.31079,-156.79333,-101.668335
53973.598,-207.49951,-99.455444,-156.9403,-101.815186
53994.574,-207.64355,-99.6001,-157.08704,-101.962036
54015.55,-207.78784,-99.74475,-157.23376,-102.10889
54036.527,-207.932,-99.88934,-157.38074,-102.25568
54057.504,-208.07617,-100.034,-157.52747,-102.40253
54078.48,-208.22046,-100.17865,-157.67438,-102.54938
54099.457,-208.36462,-100.3233,-157.82117,-102.69623
54120.434,-208.50879,-100.467896,-157.96796,-102.84308
54141.414,-208.65295,-100.61255,-158.11493,-102.98993
54162.39,-208.79724,-100.7572,-158.26172,-103.13678
54183.367,-208.9414,-100.901855,-158.40863,-103.28357
54204.344,-209.0857,-101.04651,-158.55542,-103.43042
54225.32,-209.22974,-101.19104,-158.70233,-103.57727
54246.297,-209.3739,-101.335754,-158.849,-103.72406
54267.273,-209.51819,-101.48041,-158.99597,-103.87091
54288.25,-209.66248,-101.62494,-159.1427,-104.0177
54309.227,-209.80664,-101.76959,-159.28967,-104.16455
54330.203,-209.95068,-101.914246,-159.43634,-104.3114
54351.18,-210.09497,-102.0589,-159.58325,-104.45825
54372.16,-210.23914,-102.20355,-159.73022,-104.6051
54393.137,-210.3833,-102.348145,-159.87701,-104.75195
54414.113,-210.52759,-102.4928,-160.0238,-104.8988
54435.09,-210.67175,-102.63745,-160.17072,-105.045654
54456.066,-210.81592,-102.78204,-160.3175,-105.192444
54477.043,-210.96008,-102.9267,-160.46442,-105.339294
54498.02,-211.10425,-103.07135,-160.6112,-105.486145
54518.996,-211.24854,-103.216,-160.758,-105.632996
54539.973,-211.3927,-103.36066,-160.90479,-105.77985
54560.95,-211.53687,-103.50525,-161.05164,-105.926636
54581.926,-211.68115,-103.64984,-161.19849,-106.07349
54602.906,-211.82532,-103.794556,-161.34528,-106.22034
54623.883,-211.96948,-103.93921,-161.49219,-106.36719
54644.86,-212.11377,-104.0838,-161.63898,-106.51404
54665.836,-212.25781,-104.228455,-161.78589,-106.66089
54686.812,-212.4021,-104.37311,-161.93268,-106.80774
54707.79,-212.54626,-104.5177,-162.07959,-106.95453
54728.766,-212.69043,-104.66229,-162.22638,-107.10138
54749.742,-212.83472,-104.806946,-162.37317,-107.24823
54770.72,-212.97888,-104.9516,-162.52008,-107.39508
54791.695,-213.12305,-105.09625,-162.66687,-107.54187
54812.67,-213.26721,-105.240906,-162.81372,-107.68863
54833.652,-213.4115,-105.38556,-162.96057,-107.83557
54854.63,-213.55566,-105.53015,-163.10742,-107.98239
54875.605,-213.69983,-105.674805,-163.25427,-108.12921
54896.582,-213.844,-105.81946,-163.40112,-108.27609
54917.56,-213.98816,-105.96405,-163.54785,-108.42294
54938.535,-214.13232,-106.1087,-163.69482,-108.56979
54959.51,-214.27673,-106.25336,-163.84155,-108.71658
54980.49,-214.4209,-106.39801,-163.98853,-108.863434
55001.465,-214.56506,-106.5426,-164.13525,-109.010284
55022.44,-214.70923,-106.687195,-164.2821,-109.157135
55043.418,-214.8534,-106.83185,-164.42896,-109.303986
55064.4,-214.99756,-106.97656,-164.5758,-109.450806
55085.375,-215.14185,-107.121155,-164.72253,-109.59766
55106.35,-215.28601,-107.26581,-164.8695,-109.744415
55127.33,-215.43018,-107.4104,-165.01624,-109.8913
55148.305,-215.57434,-107.55505,-165.16321,-110.03812
55169.28,-215.7185,-107.69971,-165.30994,-110.185
55190.258,-215.8628,-107.8443,-165.45679,-110.33182
55211.234,-216.00696,-107.98895,-165.60364,-110.47861
55232.21,-216.15112,-108.133606,-165.75049,-110.62546
55253.188,-216.29541,-108.27826,-165.89734,-110.77231
55274.164,-216.43945,-108.42285,-166.04419,-110.91916
55295.145,-216.58374,-108.567505,-166.19104,-111.06604
55316.12,-216.7279,-108.71216,-166.33777,-111.21283
55337.098,-216.87207,-108.85681,-166.48474,-111.35968
55358.074,-217.01636,-109.00122,-166.63147,-111.50647
55379.05,-217.1604,-109.14545,-166.77844,-111.65332
55400.027,-217.30469,-109.28961,-166.92517,-111.80014
55421.004,-217.44897,-109.43384,-167.07202,-111.94702
55441.98,-217.59314,-109.578,-167.21887,-112.09384
55462.957,-217.7373,-109.72223,-167.36572,-112.24063
55483.934,-217.88147,-109.866455,-167.51257,-112.38748
55504.91,-218.02563,-110.01062,-167.65942,-112.53433
55525.887,-218.16992,-110.154785,-167.80615,-112.68118
55546.867,-218.31409,-110.29901,-167.95312,-112.82803
55567.844,-218.45825,-110.44318,-168.09998,-112.974915
55588.82,-218.60254,-110.5874,-168.2467,-113.121765
55609.797,-218.74658,-110.73163,-168.39355,-113.268616
55630.773,-218.89099,-110.87579,-168.5404,-113.415405
55651.75,-219.03503,-111.02002,-168.68726,-113.562256
55672.727,-219.17932,-111.164185,-168.8341,-113.70911
55693.703,-219.32349,-111.30835,-168.98083,-113.85599
55714.68,-219.46753,-111.452576,-169.1278,-114.00281
55735.656,-219.61182,-111.59674,-169.27454,-114.14963
55756.633,-219.75598,-111.74097,-169.42151,-114.29648
55777.613,-219.90027,-111.88519,-169.56836,-114.44333
55798.59,-220.04443,-112.02936,-169.71509,-114.59018
55819.566,-220.1886,-112.173584,-169.86194,-114.737
55840.543,-220.33276,-112.31775,-170.00879,-114.88388
55861.52,-220.47705,-112.461975,-170.15564,-115.03064
55882.496,-220.62122,-112.60614,-170.30249,-115.17743
55903.473,-220.76538,-112.750305,-170.44934,-115.32428
55924.45,-220.90967,-112.89447,-170.59607,-115.47113
55945.426,-221.05371,-113.0387,-170.74304,-115.61798
55966.402,-221.198,-113.18286,-170.88977,-115.76483
55987.38,-221.34216,-113.32709,-171.03674,-115.91165
56008.36,-221.48633,-113.47131,-171.1836,-116.05856
56029.336,-221.63062,-113.61554,-171.33032,-116.20535
56050.312,-221.77466,-113.759705,-171.4773,-116.3522
56071.29,-221.91895,-113.90387,-171.62402,-116.49902
56092.266,-222.06311,-114.048035,-171.77087,-116.645874
56113.242,-222.2074,-114.19226,-171.91772,-116.792725
56134.22,-222.35156,-114.33649,-172.06445,-116.939575
56155.195,-222.49573,-114.48065,-172.21143,-117.086365
56176.17,-222.6399,-114.62488,-172.35815,-117.233215
56197.15,-222.78418,-114.76904,-172.505,-117.380066
56218.125,-222.92834,-114.91327,-172.65186,-117.52692
56239.105,-223.07251,-115.057434,-172.7987,-117.673706
56260.082,-223.2168,-115.20166,-172.94556,-117.82056
56281.06,-223.36084,-115.345825,-173.0924,-117.96741
56302.035,-223.50525,-115.49005,-173.23926,-118.11426
56323.01,-223.64929,-115.63428,-173.38611,-118.26111
56343.99,-223.79358,-115.77844,-173.53296,-118.40796
56364.965,-223.93774,-115.92261,-173.67969,-118.55481
56385.94,-224.08179,-116.06683,-173.82666,-118.70154
56406.918,-224.22607,-116.211,-173.97339,-118.84839
56427.895,-224.37024,-116.355225,-174.12036,-118.99524
56448.87,-224.51453,-116.49939,-174.26709,-119.14209
56469.85,-224.65869,-116.643616,-174.41394,-119.28894
56490.83,-224.80286,-116.78784,-174.56079,-119.43579
56511.805,-224.94702,-116.93201,-174.70764,-119.58264
56532.78,-225.09131,-117.07617,-174.85449,-119.72937
56553.758,-225.23547,-117.2204,-175.00134,-119.87622
56574.734,-225.37964,-117.36456,-175.1482,-120.02307
56595.71,-225.52393,-117.50873,-175.29492,-120.16992
56616.688,-225.66809,-117.652954,-175.4419,-120.31677
56637.664,-225.81226,-117.79712,-175.58862,-120.46362
56658.64,-225.95642,-117.941345,-175.73547,-120.61047
56679.617,-226.10059,-118.08551,-175.88232,-120.757324
56700.598,-226.24487,-118.2298,-176.02917,-120.904175
56721.574,-226.38892,-118.37396,-176.17603,-121.051025
56742.55,-226.5332,-118.51813,-176.32288,-121.197876
56763.527,-226.67737,-118.66229,-176.4696,-121.34473
56784.504,-226.82166,-118.80652,-176.61658,-121.49158
56805.48,-226.96582,-118.95068,-176.7633,-121.63843
56826.457,-227.10999,-119.09491,-176.91028,-121.78528
56847.434,-227.25415,-119.239136,-177.057,-121.93213
56868.41,-227.39844,-119.3833,-177.20386,-122.07898
56889.387,-227.5426,-119.52753,-177.35071,-122.22583
56910.363,-227.68677,-119.67169,-177.49756,-122.37244
56931.344,-227.83105,-119.81586,-177.64441,-122.51941
56952.32,-227.9751,-119.96008,-177.79126,-122.6662
56973.297,-228.1195,-120.10431,-177.93811,-122.81311
56994.273,-228.26355,-120.248474,-178.08484,-122.9599
57015.25,-228.40784,-120.3927,-178.23181,-123.10681
57036.227,-228.552,-120.536865,-178.37854,-123.25366
57057.203,-228.69604,-120.68109,-178.52551,-123.40039
57078.18,-228.84033,-120.82526,-178.67224,-123.54724
57099.156,-228.9845,-120.96948,-178.81909,-123.69409
57120.133,-229.12878,-121.11365,-178.96594,-123.84094
57141.11,-229.27283,-121.25787,-179.1128,-123.98779
57162.086,-229.41711,-121.40204,-179.25964,-124.13464
57183.066,-229.56128,-121.546265,-179.4065,-124.281494
57204.043,-229.70557,-121.69043,-179.55322,-124.42822
57225.02,-229.84973,-121.834656,-179.7002,-124.575134
57245.996,-229.9939,-121.97882,-179.84692,-124.721924
57266.973,-230.13806,-122.12305,-179.99377,-124.868774
57287.95,-230.28235,-122.26721,-180.14062,-125.015625
57308.926,-230.42651,-122.41138,-180.28748,-125.162476
57329.902,-230.57068,-122.5556,-180.43433,-125.309326
57350.88,-230.71484,-122.69977,-180.58118,-125.45618
57371.855,-230.85901,-122.843994,-180.7279,-125.60303
57392.832,-231.0033,-122.98816,-180.87488,-125.74988
57413.812,-231.14746,-123.132385,-181.02173,-125.89673
57434.79,-231.29163,-123.27661,-181.16846,-126.04352
57455.766,-231.43591,-123.420715,-181.31543,-126.19037
57476.742,-231.58008,-123.565,-181.46216,-126.33716
57497.72,-231.72424,-123.70917,-181.60913,-126.48407
57518.695,-231.86841,-123.85339,-181.75586,-126.63086
57539.67,-232.0127,-123.99756,-181.90271,-126.77777
57560.65,-232.15686,-124.14172,-182.04956,-126.92444
57581.625,-232.30103,-124.28595,-182.19641,-127.07141
57602.6,-232.44519,-124.430115,-182.34326,-127.21814
57623.58,-232.58948,-124.5744,-182.49011,-127.36511
57644.56,-232.73376,-124.71857,-182.63696,-127.51196
57665.535,-232.8778,-124.86273,-182.78369,-127.65869
57686.51,-233.0221,-125.0069,-182.93066,-127.805664
57707.49,-233.16626,-125.15112,-183.0774,-127.95239
57728.465,-233.31042,-125.29529,-183.22424,-128.09918
57749.44,-233.45459,-125.439575,-183.3711,-128.2461
57770.418,-233.59875,-125.58368,-183.51782,-128.39288
57791.395,-233.74292,-125.72797,-183.6648,-128.5398
57812.37,-233.88708,-125.87213,-183.81152,-128.68652
57833.348,-234.03137,-126.01636,-183.9585,-128.83344
57854.324,-234.17554,-126.16052,-184.10522,-128.98022
57875.305,-234.31982,-126.30475,-184.25208,-129.12708
57896.28,-234.46399,-126.44885,-184.39905,-129.27405
57917.258,-234.60815,-126.59314,-184.54578,-129.42078
57938.234,-234.75232,-126.737305,-184.69263,-129.56769
57959.21,-234.8966,-126.88141,-184.83948,-129.71448
57980.188,-235.04077,-127.025696,-184.98633,-129.86133
58001.164,-235.18494,-127.1698,-185.13318,-130.00806
58022.14,-235.3291,-127.31409,-185.28003,-130.15503
58043.117,-235.47327,-127.45819,-185.42676,-130.30182
58064.094,-235.61755,-127.60248,-185.57373,-130.44873
58085.07,-235.7616,-127.74664,-185.72046,-130.59546
58106.05,-235.906,-127.89087,-185.86731,-130.74243
58127.027,-236.05017,-128.03497,-186.01428,-130.88916
58148.004,-236.19434,-128.17926,-186.16101,-131.03601
58168.98,-236.3385,-128.32336,-186.30786,-131.18286
58189.957,-236.48267,-128.46765,-186.45471,-131.32971
58210.934,-236.62695,-128.61182,-186.60156,-131.47656
58231.91,-236.77112,-128.75604,-186.74841,-131.62335
58252.887,-236.91528,-128.9002,-186.89514,-131.77014
58273.863,-237.05945,-129.04437,-187.04199,-131.91705
58294.84,-237.20374,-129.1886,-187.18884,-132.06384
58315.816,-237.34778,-129.33276,-187.3357,-132.21075
58336.797,-237.49207,-129.47699,-187.48254,-132.35754
58357.773,-237.63635,-129.62122,-187.6294,-132.5044
58378.75,-237.7804,-129.76538,-187.77625,-132.65125
58399.727,-237.92468,-129.90955,-187.9231,-132.7981
58420.703,-238.06885,-130.05377,-188.06995,-132.94495
58441.68,-238.21313,-130.19794,-188.21667,-133.0918
58462.656,-238.35718,-130.34222,-188.36365,-133.23865
58483.633,-238.50134,-130.48633,-188.51038,-133.38538
58504.61,-238.64563,-130.63062,-188.65735,-133.53229
58525.586,-238.7898,-130.77478,-188.80408,-133.67908
58546.562,-238.93408,-130.91888,-188.95093,-133.82599
58567.543,-239.07825,-131.06311,-189.0979,-133.97284
58588.52,-239.22241,-131.2074,-189.24463,-134.11963
58609.496,-239.36658,-131.3515,-189.39148,-134.26654
58630.473,-239.51086,-131.49579,-189.53833,-134.41327
58651.45,-239.65503,-131.63995,-189.68518,-134.56018
58672.426,-239.7992,-131.78406,-189.83203,-134.70697
58693.402,-239.94336,-131.92834,-189.97888,-134.85388
58714.38,-240.08752,-132.07245,-190.12561,-135.00067
58735.355,-240.23181,-132.21674,-190.27258,-135.14758
58756.332,-240.37585,-132.36084,-190.41931,-135.29431
58777.31,-240.52026,-132.505,-190.56628,-135.44128
58798.285,-240.6643,-132.64929,-190.71301,-135.58801
58819.266,-240.80847,-132.79352,-190.85986,-135.73486
58840.242,-240.95276,-132.93762,-191.00659,-135.88165
58861.22,-241.09692,-133.08191,-191.15356,-136.02856
58882.195,-241.24121,-133.22601,-191.3003,-136.1753
58903.17,-241.38525,-133.3703,-191.44727,-136.32227
58924.15,-241.52954,-133.51447,-191.594,-136.469
58945.125,-241.6737,-133.65857,-191.74084,-136.61597
58966.1,-241.81787,-133.80286,-191.8877,-136.7627
58987.08,-241.96204,-133.94702,-192.03455,-136.90955
59008.055,-242.10632,-134.09125,-192.1814,-137.05634
59029.03,-242.25049,-134.23541,-192.32825,-137.20325
59050.01,-242.39465,-134.37964,-192.4751,-137.3501
59070.99,-242.53894,-134.52386,-192.62195,-137.49689
59091.965,-242.6831,-134.66803,-192.7688,-137.6438
59112.94,-242.8274,-134.8122,-192.91553,-137.79059
59133.918,-242.97144,-134.95642,-193.0625,-137.9375
59154.895,-243.1156,-135.10059,-193.20923,-138.08423
59175.87,-243.25989,-135.24487,-193.3562,-138.23114
59196.848,-243.40405,-135.38898,-193.50293,-138.37793
59217.824,-243.54834,-135.53314,-193.64978,-138.52484
59238.8,-243.69238,-135.67737,-193.79663,-138.67163
59259.777,-243.83667,-135.82153,-193.94348,-138.81848
59280.758,-243.98083,-135.96576,-194.09033,-138.9654
59301.734,-244.12512,-136.11005,-194.23718,-139.11212
59322.71,-244.26929,-136.25421,-194.38391,-139.25891
59343.688,-244.41345,-136.39844,-194.53076,-139.40582
59364.664,-244.55762,-136.5426,-194.67761,-139.55261
59385.64,-244.70178,-136.6867,-194.82446,-139.69952
59406.617,-244.84595,-136.83093,-194.97131,-139.84625
59427.594,-244.99011,-136.9751,-195.11816,-139.99316
59448.57,-245.13452,-137.11926,-195.2649,-140.13995
59469.547,-245.27856,-137.26349,-195.41187,-140.28687
59490.523,-245.42285,-137.40765,-195.5586,-140.43372
59511.504,-245.56702,-137.55188,-195.70544,-140.5805
59532.48,-245.71118,-137.69617,-195.85242,-140.72742
59553.457,-245.85547,-137.84027,-195.99915,-140.87415
59574.434,-245.99951,-137.98456,-196.14612,-141.02106
59595.41,-246.1438,-138.12866,-196.29285,-141.16785
59616.387,-246.28796,-138.27283,-196.4397,-141.31476
59637.363,-246.43213,-138.41711,-196.58655,-141.46155
59658.34,-246.5763,-138.56122,-196.7334,-141.6084
59679.316,-246.72058,-138.7055,-196.88025,-141.75519
59700.293,-246.86475,-138.84967,-197.0271,-141.9021
59721.27,-247.00891,-138.9939,-197.17383,-142.04889
59742.25,-247.1532,-139.13812,-197.3208,-142.19574
59763.227,-247.29736,-139.28229,-197.46765,-142.34265
59784.203,-247.44165,-139.42639,-197.61438,-142.48944
59805.18,-247.5857,-139.57068,-197.76135,-142.63629
59826.156,-247.72986,-139.71484,-197.90808,-142.78308
59847.133,-247.87415,-139.85907,-198.05505,-142.93
59868.11,-248.01831,-140.00323,-198.20178,-143.07678
59889.086,-248.1626,-140.1474,-198.34851,-143.22357
59910.062,-248.30664,-140.29163,-198.49548,-143.37042
59931.04,-248.45093,-140.43579,-198.64221,-143.51721
59952.016,-248.5951,-140.58002,-198.78918,-143.66412
59972.996,-248.73938,-140.72424,-198.93604,-143.81104
59993.973,-248.88342,-140.86841,-199.08276,-143.95776
60014.95,-249.02771,-141.0127,-199.22961,-144.10474
60035.926,-249.17188,-141.15686,-199.37646,-144.25146
60056.902,-249.31604,-141.30096,-199.52332,-144.39832
60077.88,-249.4602,-141.44519,-199.67017,-144.5451
60098.855,-249.60437,-141.58936,-199.81702,-144.69202
60119.832,-249.74866,-141.73358,-199.96375,-144.83875
60140.81,-249.89282,-141.87775,-200.11072,-144.98572
60161.785,-250.03711,-142.02191,-200.25745,-145.13245
60182.76,-250.18115,-142.16614,-200.40442,-145.27942
60203.742,-250.32544,-142.31042,-200.55127,-145.42627
60224.72,-250.46973,-142.45453,-200.698,-145.573
60245.695,-250.61377,-142.59875,-200.84497,-145.71997
60266.67,-250.75806,-142.74292,-200.9917,-145.8667
60287.65,-250.90222,-142.88708,-201.13855,-146.01355
60308.625,-251.04639,-143.03131,-201.2854,-146.1604
60329.6,-251.19055,-143.17548,-201.43225,-146.30725
60350.58,-251.33484,-143.31976,-201.5791,-146.4541
60371.555,-251.479,-143.46387,-201.72595,-146.60095
60392.53,-251.62317,-143.60815,-201.87268,-146.74768
60413.508,-251.76733,-143.75232,-202.01953,-146.89453
60434.484,-251.91162,-143.89655,-202.16638,-147.04138
60455.465,-252.05579,-144.04065,-202.31323,-147.18823
60476.44,-252.19995,-144.18494,-202.46008,-147.33508
60497.418,-252.34412,-144.32904,-202.60693,-147.48193
60518.395,-252.48828,-144.47333,-202.75366,-147.62866
60539.37,-252.63257,-144.6175,-202.90063,-147.77563
60560.348,-252.77686,-144.76172,-203.04736,-147.92236
60581.324,-252.92102,-144.90588,-203.19434,-148.06927
60602.3,-253.06519,-145.05005,-203.34106,-148.21606
60623.277,-253.20935,-145.19421,-203.48792,-148.36285
60644.254,-253.35352,-145.33838,-203.63477,-148.50977
60665.23,-253.49768,-145.48267,-203.78162,-148.65656
60686.21,-253.64197,-145.62683,-203.92847,-148.80353
60707.188,-253.78613,-145.771,-204.07532,-148.95032
60728.164,-253.9303,-145.91516,-204.22217,-149.09723
60749.14,-254.07446,-146.05945,-204.36902,-149.24402
60770.117,-254.21863,-146.20361,-204.51587,-149.39087
60791.094,-254.36292,-146.3479,-204.6626,-149.5376
60812.07,-254.50708,-146.49207,-204.80957,-149.68457
60833.047,-254.65137,-146.63623,-204.9563,-149.8313
60854.023,-254.79541,-146.7804,-205.10327,-149.97827
60875.0,-254.9397,-146.92456,-205.25,-150.12494
60895.977,-255.08386,-147.06885,-205.39685,-150.27185
60916.957,-255.22803,-147.21301,-205.54382,-150.41882
60937.934,-255.37231,-147.35718,-205.69055,-150.56561
60958.91,-255.51648,-147.50146,-205.83728,-150.71228
60979.887,-255.66064,-147.64563,-205.98425,-150.85931
61000.863,-255.80481,-147.7898,-206.13098,-151.00598
61021.84,-255.9491,-147.93396,-206.27795,-151.15302
61042.816,-256.09326,-148.07812,-206.42468,-151.29968
61063.793,-256.23743,-148.22241,-206.57153,-151.44653
61084.77,-256.3816,-148.36658,-206.71838,-151.59338
61105.746,-256.52588,-148.51074,-206.86523,-151.74023
61126.723,-256.67004,-148.6549,-207.01208,-151.88702
61147.703,-256.8142,-148.7992,-207.15894,-152.03387
61168.68,-256.9585,-148.94336,-207.30579,-152.18079
61189.656,-257.10254,-149.08752,-207.45251,-152.32758
61210.633,-257.24683,-149.23169,-207.59949,-152.47449
61231.61,-257.391,-149.37598,-207.74622,-152.62128
61252.586,-257.53528,-149.52014,-207.89319,-152.76819
61273.562,-257.67944,-149.6643,-208.03992,-152.91498
61294.54,-257.8236,-149.80847,-208.18677,-153.06177
61315.516,-257.96777,-149.95264,-208.33362,-153.20868
61336.492,-258.11194,-150.09692,-208.48047,-153.35547
61357.47,-258.25623,-150.24109,-208.62732,-153.50232
61378.45,-258.4004,-150.38525,-208.77417,-153.64917
61399.426,-258.54456,-150.52954,-208.92102,-153.79596
61420.402,-258.68872,-150.6737,-209.06787,-153.94287
61441.38,-258.8329,-150.81787,-209.21472,-154.08978
61462.355,-258.97717,-150.96216,-209.36145,-154.23645
61483.332,-259.12134,-151.1062,-209.5083,-154.38336
61504.31,-259.26562,-151.25049,-209.65515,-154.53015
61525.285,-259.40967,-151.39465,-209.802,-154.67706
61546.26,-259.55396,-151.53894,-209.94885,-154.82385
61567.24,-259.69812,-151.6831,-210.09558,-154.97064
61588.215,-259.8424,-151.82727,-210.24255,-155.11755
61609.195,-259.98657,-151.97144,-210.3894,-155.26434
61630.17,-260.13074,-152.11572,-210.53613,-155.41113
61651.15,-260.2749,-152.25989,-210.6831,-155.55804
61672.125,-260.41907,-152.40405,-210.82983,-155.70483
61693.1,-260.56335,-152.54822,-210.97668,-155.85162
61714.08,-260.70752,-152.69238,-211.12354,-155.99854
61735.055,-260.85168,-152.83667,-211.27039,-156.14545
61756.03,-260.99585,-152.98083,-211.41724,-156.29224
61777.008,-261.14014,-153.125,-211.56409,-156.43915
61797.984,-261.2843,-153.26917,-211.71082,-156.58582
61818.96,-261.42847,-153.41345,-211.85779,-156.73285
61839.938,-261.57263,-153.55762,-212.00452,-156.87952
61860.918,-261.7168,-153.70178,-212.15137,-157.0263
61881.895,-261.86108,-153.84595,-212.29834,-157.17334
61902.87,-262.00525,-153.99023,-212.44507,-157.32
61923.848,-262.14954,-154.1344,-212.59204,-157.46704
61944.824,-262.2937,-154.27856,-212.73877,-157.61371
61965.8,-262.43787,-154.42273,-212.88562,-157.76062
61986.777,-262.58203,-154.56702,-213.03247,-157.90741
62007.754,-262.7262,-154.71118,-213.1792,-158.0542
62028.73,-262.87048,-154.85535,-213.32617,-158.20123
62049.707,-263.01453,-154.99963,-213.4729,-158.3479
62070.684,-263.1588,-155.14368,-213.61975,-158.49481
62091.664,-263.30298,-155.28796,-213.76672,-158.64172
62112.64,-263.44714,-155.43213,-213.91345,-158.78845
62133.617,-263.59143,-155.5763,-214.0603,-158.9353
62154.594,-263.7356,-155.72046,-214.20715,-159.08209
62175.57,-263.87988,-155.86475,-214.354,-159.229
62196.547,-264.02405,-156.00891,-214.50085,-159.3758
62217.523,-264.1682,-156.1532,-214.6477,-159.5227
62238.5,-264.31238,-156.29736,-214.79443,-159.66937
62259.477,-264.45654,-156.44153,-214.9414,-159.8164
62280.453,-264.6007,-156.5857,-215.08813,-159.96307
62301.43,-264.745,-156.72986,-215.2351,-160.1101
62322.41,-264.88916,-156.87402,-215.38196,-160.25696
62343.387,-265.03333,-157.01831,-215.52869,-160.40369
62364.363,-265.1776,-157.16248,-215.67554,-160.55054
62385.34,-265.32178,-157.30676,-215.82239,-160.69739
62406.316,-265.46594,-157.45093,-215.96924,-160.84424
62427.293,-265.6101,-157.5951,-216.11609,-160.99109
62448.27,-265.7544,-157.73926,-216.26294,-161.13794
62469.246,-265.89856,-157.88342,-216.40967,-161.28467
62490.223,-266.04272,-158.02771,-216.55664,-161.43164
62511.2,-266.1869,-158.17175,-216.70337,-161.57837
62532.176,-266.33118,-158.31604,-216.85022,-161.72522
62553.156,-266.47534,-158.4602,-216.99707,-161.87207
62574.133,-266.6195,-158.60449,-217.14392,-162.01892
62595.11,-266.7638,-158.74866,-217.29077,-162.16577
62616.086,-266.90796,-158.89282,-217.43762,-162.31262
62637.062,-267.05212,-159.03699,-217.58435,-162.45935
62658.04,-267.1963,-159.18127,-217.73132,-162.60632
62679.016,-267.34045,-159.32544,-217.87805,-162.75305
62699.992,-267.48474,-159.4696,-218.02502,-162.90002
62720.97,-267.62878,-159.61377,-218.17175,-163.04675
62741.945,-267.77307,-159.75793,-218.3186,-163.1936
62762.92,-267.91724,-159.90222,-218.46545,-163.34045
62783.902,-268.06152,-160.04639,-218.6123,-163.4873
62804.88,-268.2057,-160.19055,-218.75916,-163.63416
62825.855,-268.34985,-160.33472,-218.906,-163.781
62846.832,-268.49402,-160.479,-219.05286,-163.92786
62867.81,-268.6383,-160.62317,-219.19958,-164.07458
62888.785,-268.78247,-160.76746,-219.34656,-164.22156
62909.76,-268.92664,-160.9115,-219.49329,-164.36829
62930.74,-269.0708,-161.05579,-219.64026,-164.51526
62951.715,-269.21497,-161.19995,-219.78699,-164.66199
62972.69,-269.35925,-161.34412,-219.93384,-164.80884
62993.668,-269.5033,-161.4884,-220.08069,-164.95569
63014.65,-269.64758,-161.63257,-220.22754,-165.10254
63035.625,-269.79187,-161.77673,-220.37439,-165.24939
63056.6,-269.93604,-161.92102,-220.52124,-165.39624
63077.58,-270.0802,-162.06519,-220.66797,-165.54297
63098.555,-270.22437,-162.20935,-220.81494,-165.68994
63119.53,-270.36865,-162.35352,-220.96167,-165.83667
63140.508,-270.51282,-162.49768,-221.10852,-165.98352
63161.484,-270.65698,-162.64197,-221.25537,-166.13037
63182.46,-270.80115,-162.78601,-221.40222,-166.27722
63203.438,-270.94543,-162.9303,-221.54907,-166.42407
63224.414,-271.08948,-163.07446,-221.69592,-166.57092
63245.395,-271.23376,-163.21875,-221.84277,-166.71777
63266.37,-271.37805,-163.36292,-221.98962,-166.86462
63287.348,-271.52222,-163.50708,-222.13647,-167.01147
63308.324,-271.66638,-163.65125,-222.2832,-167.1582
63329.3,-271.81055,-163.79553,-222.43018,-167.30518
63350.277,-271.9547,-163.93958,-222.5769,-167.4519
63371.254,-272.09888,-164.08386,-222.72388,-167.59888
63392.23,-272.24304,-164.22803,-222.8706,-167.7456
63413.207,-272.38733,-164.3722,-223.01746,-167.89246
63434.184,-272.5315,-164.51648,-223.1643,-168.0393
63455.16,-272.67566,-164.66064,-223.31116,-168.18616
63476.137,-272.81995,-164.80481,-223.45801,-168.33301
63497.117,-272.9641,-164.9491,-223.60486,-168.47986
63518.094,-273.10828,-165.09326,-223.75171,-168.62671
63539.07,-273.25256,-165.23743,-223.89844,-168.77344
63560.047,-273.39673,-165.38159,-224.04541,-168.92041
63581.023,-273.5409,-165.52576,-224.19214,-169.06714
63602.0,-273.68506,-165.67004,-224.33899,-169.21399
63622.977,-273.82922,-165.81421,-224.48584,-169.36084
63643.953,-273.9735,-165.95837,-224.63257,-169.50757
63664.93,-274.11755,-166.10266,-224.77954,-169.65454
63685.906,-274.26184,-166.2467,-224.92627,-169.80127
63706.883,-274.406,-166.39099,-225.07324,-169.94824
63727.863,-274.5503,-166.53528,-225.2201,-170.0951
63748.84,-274.69446,-166.67932,-225.36682,-170.24182
63769.816,-274.83862,-166.82361,-225.5138,-170.3888
63790.793,-274.9829,-166.96777,-225.66052,-170.53552
63811.77,-275.12708,-167.11194,-225.80737,-170.68237
63832.746,-275.27124,-167.25623,-225.95422,-170.82922
63853.723,-275.4154,-167.40027,-226.10107,-170.97607
63874.7,-275.5597,-167.54456,-226.24792,-171.12292
63895.676,-275.70374,-167.68872,-226.39478,-171.26978
63916.652,-275.8479,-167.83289,-226.5415,-171.4165
63937.63,-275.9923,-167.97705,-226.68848,-171.56348
63958.61,-276.13647,-168.12134,-226.83533,-171.71033
63979.586,-276.28064,-168.2655,-226.98206,-171.85706
64000.562,-276.4248,-168.40979,-227.12903,-172.00403
64021.54,-276.56897,-168.55383,-227.27576,-172.15076
64042.516,-276.71326,-168.69812,-227.4226,-172.2976
64063.492,-276.85742,-168.84229,-227.56946,-172.44446
64084.47,-277.0016,-168.98645,-227.71631,-172.59131
64105.445,-277.14575,-169.13074,-227.86316,-172.73816
64126.42,-277.28992,-169.27478,-228.00989,-172.88489
64147.4,-277.4342,-169.41907,-228.15674,-173.03174
64168.375,-277.57837,-169.56323,-228.30359,-173.17859
64189.355,-277.72266,-169.7074,-228.45044,-173.32544
64210.332,-277.86682,-169.85168,-228.59729,-173.47229
64231.31,-278.01038,-169.99585,-228.74414,-173.61914
64252.285,-278.15222,-170.14001,-228.89099,-173.76599
64273.26,-278.2942,-170.2843,-229.03784,-173.91284
64294.24,-278.4364,-170.42847,-229.1847,-174.0597
64315.215,-278.57825,-170.57263,-229.33142,-174.20642
64336.19,-278.72034,-170.7168,-229.4784,-174.3534
64357.168,-278.86218,-170.86096,-229.62512,-174.50012
64378.145,-279.00415,-171.00525,-229.7721,-174.6471
64399.12,-279.14612,-171.14941,-229.91882,-174.79382
64420.1,-279.2881,-171.29358,-230.06567,-174.94067
64441.08,-279.4303,-171.43787,-230.21265,-175.08765
64462.055,-279.57227,-171.58203,-230.35938,-175.23438
64483.03,-279.71423,-171.7262,-230.50623,-175.38123
64504.008,-279.85608,-171.87048,-230.65308,-175.52808
64524.984,-279.99817,-172.01453,-230.79993,-175.67493
64545.96,-280.14026,-172.15881,-230.94678,-175.82178
64566.938,-280.28223,-172.30298,-231.09363,-175.96863
64587.914,-280.4242,-172.44727,-231.24036,-176.11536
64608.89,-280.56604,-172.59131,-231.38733,-176.26233
64629.867,-280.70813,-172.73547,-231.53406,-176.40906
64650.848,-280.8501,-172.87976,-231.68091,-176.55591
64671.824,-280.9923,-173.02405,-231.82776,-176.70276
64692.8,-281.13416,-173.16809,-231.97461,-176.84961
64713.777,-281.27612,-173.31238,-232.12134,-176.99634
64734.754,-281.4181,-173.45654,-232.26831,-177.14331
64755.73,-281.56006,-173.60071,-232.41504,-177.29004
64776.707,-281.70203,-173.74487,-232.56201,-177.43701
64797.684,-281.84412,-173.88904,-232.70874,-177.58374
64818.66,-281.9862,-174.03333,-232.85559,-177.73059
64839.637,-282.12805,-174.17749,-233.00244,-177.87744
64860.613,-282.27002,-174.32178,-233.14929,-178.02429
64881.594,-282.412,-174.46582,-233.29614,-178.17114
64902.57,-282.55396,-174.6101,-233.443,-178.318
64923.547,-282.69617,-174.75427,-233.58984,-178.46484
64944.523,-282.83813,-174.89844,-233.7367,-178.6117
64965.5,-282.9801,-175.04272,-233.88354,-178.75854
64986.477,-283.12195,-175.18689,-234.03027,-178.90527
65007.453,-283.26392,-175.33093,-234.17725,-179.05225
65028.43,-283.40613,-175.47522,-234.32397,-179.19897
65049.406,-283.5481,-175.6195,-234.47095,-179.34595
65070.383,-283.69006,-175.76367,-234.61768,-179.49268
65091.36,-283.8319,-175.90796,-234.76453,-179.63953
65112.336,-283.974,-176.052,-234.91138,-179.78638
65133.316,-284.11597,-176.19641,-235.05823,-179.93323
65154.293,-284.2578,-176.34045,-235.20508,-180.08008
65175.27,-284.40002,-176.48462,-235.35193,-180.22693
65196.246,-284.542,-176.6289,-235.49866,-180.37366
65217.223,-284.68396,-176.77307,-235.64551,-180.52051
65238.2,-284.82593,-176.91724,-235.79236,-180.66736
65259.176,-284.9679,-177.06152,-235.93921,-180.81421
65280.152,-285.11,-177.20557,-236.08606,-180.96106
65301.13,-285.25195,-177.34985,-236.23291,-181.10791
65322.105,-285.39392,-177.49414,-236.37964,-181.25464
65343.082,-285.5359,-177.63818,-236.52661,-181.40161
65364.062,-285.67786,-177.78235,-236.67346,-181.54846
65385.04,-285.81982,-177.92651,-236.82019,-181.69519
65406.016,-285.96204,-178.0708,-236.96716,-181.84216
65426.992,-286.104,-178.21509,-237.11389,-181.98889
65447.97,-286.24585,-178.35901,-237.26086,-182.13586
65468.945,-286.38782,-178.5033,-237.4076,-182.2826
65489.92,-286.5298,-178.64758,-237.55444,-182.42944
65510.9,-286.67175,-178.79175,-237.7013,-182.5763
65531.875,-286.81396,-178.93604,-237.84814,-182.72314
65552.85,-286.95593,-179.08008,-237.995,-182.87
65573.83,-287.09778,-179.22424,-238.14185,-183.01685
65594.805,-287.23975,-179.36853,-238.28857,-183.16357
65615.78,-287.3817,-179.51282,-238.43555,-183.31055
65636.76,-287.52393,-179.65686,-238.58228,-183.45728
65657.734,-287.6659,-179.80115,-238.72925,-183.60425
65678.71,-287.80774,-179.94531,-238.87598,-183.75098
65699.695,-287.9497,-180.08936,-239.02295,-183.89795
65720.67,-288.0918,-180.23376,-239.16968,-184.04468
65741.65,-288.23376,-180.37805,-239.31653,-184.19153
65762.625,-288.37573,-180.5221,-239.46338,-184.33838
65783.6,-288.51758,-180.66638,-239.6101,-184.4851
65804.58,-288.65967,-180.81067,-239.75708,-184.63208
65825.555,-288.80176,-180.95459,-239.90381,-184.77881
65846.53,-288.94373,-181.09888,-240.05078,-184.92578
65867.51,-289.0857,-181.24316,-240.19751,-185.07251
65888.484,-289.22754,-181.3872,-240.34436,-185.21936
65909.46,-289.36963,-181.5315,-240.49121,-185.36621
65930.44,-289.51172,-181.67578,-240.63806,-185.51306
65951.414,-289.6537,-181.81982,-240.78491,-185.65991
65972.39,-289.79565,-181.96411,-240.93176,-185.80676
65993.37,-289.93762,-182.1084,-241.07849,-185.95349
66014.34,-290.0796,-182.25232,-241.22546,-186.10046
66035.32,-290.22168,-182.3966,-241.3722,-186.2472
66056.3,-290.36365,-182.5409,-241.51917,-186.39417
66077.27,-290.5056,-182.68494,-241.6659,-186.5409
66098.25,-290.64758,-182.82922,-241.81274,-186.68774
66119.23,-290.78955,-182.97351,-241.9596,-186.8346
66140.2,-290.93176,-183.11743,-242.10645,-186.98145
66161.18,-291.07373,-183.26172,-242.2533,-187.1283
66182.164,-291.21558,-183.40625,-242.40015,-187.27515
66203.14,-291.35767,-183.55017,-242.547,-187.422
66224.12,-291.49963,-183.69446,-242.69385,-187.56885
66245.09,-291.6416,-183.83875,-242.8407,-187.7157
66266.07,-291.78345,-183.98279,-242.98743,-187.86243
66287.05,-291.92554,-184.12695,-243.13428,-188.00928
66308.02,-292.06763,-184.27124,-243.28113,-188.15613
66329.0,-292.2096,-184.4154,-243.42798,-188.30298
66349.98,-292.35156,-184.55957,-243.57483,-188.44983
66370.95,-292.4934,-184.70386,-243.72168,-188.59668
66391.93,-292.6355,-184.84802,-243.86841,-188.74341
66412.91,-292.7776,-184.99219,-244.01538,-188.89038
66433.88,-292.91956,-185.13647,-244.16211,-189.03711
66454.86,-293.06152,-185.28052,-244.30908,-189.18408
66475.836,-293.20337,-185.4248,-244.45361,-189.33081
66496.81,-293.34546,-185.56909,-244.59778,-189.47766
66517.79,-293.4873,-185.71313,-244.74207,-189.62451
66538.766,-293.62952,-185.8573,-244.88623,-189.77136
66559.74,-293.77148,-186.00159,-245.0304,-189.91821
66580.72,-293.91345,-186.14575,-245.17456,-190.06506
66601.695,-294.05542,-186.2898,-245.31885,-190.21179
66622.67,-294.19727,-186.4342,-245.46301,-190.35876
66643.66,-294.33948,-186.57837,-245.6073,-190.50562
66664.63,-294.48145,-186.72253,-245.75146,-190.65247
66685.61,-294.62354,-186.86682,-245.89563,-190.79932
66706.586,-294.7655,-187.01086,-246.0398,-190.94617
66727.56,-294.90747,-187.15515,-246.18408,-191.0929
66748.54,-295.04932,-187.29944,-246.32812,-191.23987
66769.516,-295.1914,-187.4436,-246.47241,-191.3866
66790.49,-295.33325,-187.58765,-246.61658,-191.53357
66811.47,-295.47546,-187.73193,-246.76074,-191.6803
66832.445,-295.61743,-187.8761,-246.90503,-191.82703
66853.42,-295.75928,-188.02026,-247.0492,-191.974
66874.4,-295.90137,-188.16455,-247.19336,-192.12073
66895.375,-296.0432,-188.3086,-247.33752,-192.2677
66916.35,-296.18542,-188.45288,-247.48181,-192.41443
66937.33,-296.3274,-188.59717,-247.62598,-192.56128
66958.305,-296.46924,-188.74133,-247.77014,-192.70813
66979.28,-296.61133,-188.88538,-247.9143,-192.85498
67000.26,-296.75317,-189.02966,-248.0586,-193.00183
67021.234,-296.89514,-189.17383,-248.20264,-193.14868
67042.21,-297.03735,-189.31787,-248.34705,-193.29541
67063.19,-297.1792,-189.4624,-248.49109,-193.44238
67084.164,-297.3213,-189.60645,-248.63538,-193.58911
67105.15,-297.46338,-189.75061,-248.77954,-193.73608
67126.125,-297.60535,-189.8949,-248.9237,-193.88281
67147.1,-297.7473,-190.03894,-249.06787,-194.02979
67168.08,-297.88916,-190.1831,-249.21216,-194.17651
67189.055,-298.03125,-190.32751,-249.35632,-194.32349
67210.03,-298.17334,-190.47168,-249.50049,-194.47021
67231.01,-298.3153,-190.61572,-249.64465,-194.61707
67251.984,-298.45728,-190.76001,-249.78894,-194.76392
67272.96,-298.59912,-190.90417,-249.9331,-194.91077
67293.94,-298.7411,-191.04834,-250.0774,-195.05762
67314.914,-298.8833,-191.19275,-250.22144,-195.20447
67335.89,-299.02527,-191.33679,-250.36572,-195.3512
67356.87,-299.16724,-191.48083,-250.50989,-195.49805
67377.84,-299.30908,-191.62524,-250.65417,-195.6449
67398.82,-299.45105,-191.76941,-250.79822,-195.79175
67419.8,-299.59326,-191.91345,-250.94238,-195.9386
67440.77,-299.73523,-192.05774,-251.08667,-196.08533
67461.75,-299.8772,-192.2019,-251.23071,-196.2323
67482.73,-300.01904,-192.34595,-251.375,-196.37903
67503.7,-300.161,-192.49036,-251.51917,-196.526
67524.68,-300.30298,-192.63452,-251.66345,-196.67273
67545.66,-300.44507,-192.77869,-251.80762,-196.81958
67566.63,-300.58716,-192.92297,-251.95178,-196.96643
67587.62,-300.72925,-193.06714,-252.09607,-197.1134
67608.59,-300.87122,-193.2113,-252.24023,-197.26013
67629.57,-301.01318,-193.35547,-252.38452,-197.40698
67650.55,-301.15503,-193.49976,-252.52856,-197.55383
67671.52,-301.29712,-193.6438,-252.67273,-197.70068
67692.5,-301.4392,-193.78809,-252.81702,-197.84753
67713.48,-301.58118,-193.93225,-252.9613,-197.99438
67734.45,-301.72314,-194.07642,-253.10547,-198.14111
67755.43,-301.865,-194.2207,-253.24951,-198.28809
67776.41,-302.00708,-194.36487,-253.3938,-198.43481
67797.38,-302.14893,-194.50903,-253.53796,-198.58179
67818.36,-302.29114,-194.65332,-253.68213,-198.72852
67839.336,-302.4331,-194.79736,-253.8263,-198.87537
67860.31,-302.57495,-194.94165,-253.97058,-199.02222
67881.29,-302.71704,-195.08582,-254.11475,-199.16895
67902.266,-302.8589,-195.2301,-254.25891,-199.31592
67923.24,-303.0011,-195.37415,-254.40308,-199.46265
67944.22,-303.14307,-195.51831,-254.54736,-199.6095
67965.195,-303.2849,-195.6626,-254.69153,-199.75635
67986.17,-303.42688,-195.80688,-254.8357,-199.9032
68007.15,-303.56885,-195.95105,-254.97986,-200.05005
68028.125,-303.71082,-196.0951,-255.12415,-200.1969
68049.11,-303.8529,-196.23938,-255.26831,-200.34375
68070.086,-303.99512,-196.38367,-255.4126,-200.4906
68091.06,-304.1371,-196.52783,-255.55664,-200.63745
68112.04,-304.27905,-196.672,-255.70093,-200.7843
68133.016,-304.4209,-196.81616,-255.8451,-200.93103
68153.99,-304.563,-196.96045,-255.98926,-201.078
68174.97,-304.70483,-197.10449,-256.13354,-201.22473
68195.945,-304.84705,-197.24878,-256.2777,-201.3717
68216.92,-304.989,-197.39294,-256.42188,-201.51843
68237.9,-305.13086,-197.53723,-256.56604,-201.66528
68258.875,-305.27295,-197.6814,-256.7102,-201.81213
68279.85,-305.4148,-197.82544,-256.8545,-201.95898
68300.83,-305.55676,-197.96973,-256.99866,-202.10583
68321.805,-305.69897,-198.11389,-257.14282,-202.25269
68342.78,-305.84082,-198.25818,-257.287,-202.39941
68363.76,-305.9829,-198.40222,-257.43115,-202.54639
68384.734,-306.12476,-198.54651,-257.57544,-202.69312
68405.71,-306.26672,-198.6908,-257.7196,-202.83997
68426.69,-306.40894,-198.83496,-257.8639,-202.98682
68447.664,-306.55078,-198.97913,-258.00793,-203.13354
68468.64,-306.69287,-199.12329,-258.15222,-203.28052
68489.62,-306.83472,-199.26746,-258.2964,-203.42725
68510.6,-306.9768,-199.41174,-258.44067,-203.57422
68531.58,-307.11877,-199.55591,-258.58484,-203.72095
68552.555,-307.26074,-199.70007,-258.729,-203.86792
68573.53,-307.40295,-199.84424,-258.87317,-204.01465
68594.51,-307.54492,-199.98853,-259.01733,-204.16162
68615.484,-307.68677,-200.13257,-259.16162,-204.30835
68636.46,-307.82874,-200.27698,-259.3058,-204.4552
68657.44,-307.9707,-200.42114,-259.44995,-204.60205
68678.414,-308.11267,-200.5653,-259.59424,-204.7489
68699.39,-308.25488,-200.70947,-259.73828,-204.89575
68720.37,-308.39673,-200.85364,-259.88257,-205.0426
68741.34,-308.53882,-200.9978,-260.02673,-205.18933
68762.32,-308.68066,-201.14209,-260.17102,-205.3363
68783.3,-308.82263,-201.28625,-260.31506,-205.48303
68804.27,-308.96484,-201.43042,-260.45923,-205.63
68825.25,-309.1067,-201.57458,-260.60352,-205.77673
68846.23,-309.24878,-201.71875,-260.7478,-205.92358
68867.2,-309.39062,-201.86304,-260.89197,-206.07043
68888.18,-309.5326,-202.0072,-261.03613,-206.21729
68909.16,-309.67456,-202.15149,-261.1803,-206.36414
68930.13,-309.81665,-202.29553,-261.32446,-206.51086
68951.11,-309.95874,-202.43982,-261.46875,-206.65771
68972.09,-310.1007,-202.58398,-261.6129,-206.80457
68993.07,-310.24268,-202.72815,-261.75708,-206.95154
69014.05,-310.38464,-202.87244,-261.90125,-207.09827
69035.02,-310.5266,-203.0166,-262.0454,-207.24524
69056.0,-310.66858,-203.16077,-262.18982,-207.39197
69076.98,-310.81067,-203.30505,-262.33398,-207.53882
69097.95,-310.95264,-203.44922,-262.47815,-207.68567
69118.93,-311.0946,-203.59338,-262.6223,-207.83252
69139.91,-311.23657,-203.73755,-262.76648,-207.97937
69160.88,-311.37854,-203.88184,-262.91064,-208.12622
69181.86,-311.5205,-204.02588,-263.0548,-208.27295
69202.836,-311.6626,-204.17017,-263.1991,-208.41992
69223.81,-311.80457,-204.31433,-263.34314,-208.56665
69244.79,-311.94653,-204.45862,-263.48743,-208.71362
69265.766,-312.0885,-204.60266,-263.6316,-208.86035
69286.74,-312.23047,-204.74683,-263.77588,-209.0072
69307.72,-312.37268,-204.89111,-263.92004,-209.15405
69328.695,-312.51465,-205.0354,-264.0642,-209.3009
69349.67,-312.6565,-205.17957,-264.20837,-209.44775
69370.65,-312.79846,-205.32361,-264.35266,-209.5946
69391.625,-312.94043,-205.4679,-264.49683,-209.74133
69412.6,-313.08252,-205.61206,-264.641,-209.8883
69433.58,-313.2246,-205.75635,-264.78516,-210.03503
69454.56,-313.36633,-205.90051,-264.92944,-210.182
69475.54,-313.50854,-206.04468,-265.0735,-210.32874
69496.516,-313.6505,-206.18896,-265.21777,-210.47559
69517.49,-313.79236,-206.33301,-265.36206,-210.62244
69538.47,-313.93445,-206.4773,-265.50623,-210.76929
69559.445,-314.0763,-206.62146,-265.6504,-210.91614
69580.42,-314.2185,-206.76575,-265.79456,-211.06287
69601.4,-314.36047,-206.90991,-265.93872,-211.20984
69622.375,-314.50244,-207.05396,-266.083,-211.35657
69643.35,-314.6444,-207.19824,-266.22717,-211.50354
69664.33,-314.78625,-207.3424,-266.37134,-211.65027
69685.305,-314.92822,-207.4867,-266.5155,-211.79712
69706.28,-315.07043,-207.63074,-266.65967,-211.94397
69727.26,-315.2124,-207.77502,-266.80396,-212.09082
69748.234,-315.35437,-207.91919,-266.94812,-212.23767
69769.21,-315.49634,-208.06348,-267.0924,-212.38452
69790.19,-315.63818,-208.20764,-267.23645,-212.53125
69811.164,-315.7804,-208.3518,-267.38074,-212.67822
69832.14,-315.92236,-208.49597,-267.5249,-212.82495
69853.12,-316.06433,-208.64014,-267.6692,-212.97192
69874.09,-316.2063,-208.78442,-267.81323,-213.11865
69895.07,-316.34827,-208.92859,-267.9574,-213.2655
69916.055,-316.49036,-209.07275,-268.10168,-213.41235
69937.03,-316.6322,-209.21704,-268.24585,-213.55933
69958.01,-316.77417,-209.36108,-268.39014,-213.70605
69978.984,-316.91638,-209.5055,-268.5343,-213.8529
69999.96,-317.05835,-209.64954,-268.67847,-213.99976
70020.94,-317.20032,-209.79382,-268.82275,-214.14648
70041.914,-317.34216,-209.93799,-268.9668,-214.29346
70062.89,-317.48413,-210.08215,-269.11108,-214.44019
70083.87,-317.62634,-210.22632,-269.25525,-214.58704
70104.84,-317.7682,-210.3706,-269.39954,-214.73389
70125.82,-317.91028,-210.51477,-269.54358,-214.88074
70146.8,-318.05212,-210.65894,-269.68774,-215.02759
70167.77,-318.1941,-210.8031,-269.83203,-215.17444
70188.75,-318.33606,-210.94727,-269.97632,-215.32117
70209.73,-318.47827,-211.09155,-270.12048,-215.46814
70230.7,-318.62024,-211.23572,-270.26453,-215.61487
70251.68,-318.7621,-211.37988,-270.4088,-215.76184
70272.66,-318.90405,-211.52405,-270.55298,-215.90857
70293.63,-319.04602,-211.66833,-270.69727,-216.05542
70314.61,-319.18823,-211.8125,-270.8413,-216.20227
70335.586,-319.3302,-211.95667,-270.9856,-216.34912
70356.56,-319.47217,-212.10083,-271.12976,-216.49597
70377.55,-319.61426,-212.24512,-271.27393,-216.64282
70398.52,-319.75623,-212.38928,-271.41833,-216.78967
70419.5,-319.89807,-212.53357,-271.56238,-216.93652
70440.48,-320.04004,-212.67773,-271.70667,-217.08337
70461.45,-320.182,-212.8219,-271.85083,-217.23022
70482.43,-320.32422,-212.96606,-271.99487,-217.37695
70503.41,-320.4662,-213.11023,-272.13916,-217.52393
70524.38,-320.60803,-213.2544,-272.28333,-217.67065
70545.36,-320.75,-213.39868,-272.4276,-217.8175
70566.336,-320.89197,-213.54285,-272.57166,-217.96436
70587.31,-321.03418,-213.68701,-272.71594,-218.11108
70608.29,-321.17615,-213.83118,-272.8601,-218.25806
70629.266,-321.318,-213.97546,-273.0044,-218.40479
70650.24,-321.45996,-214.11963,-273.14856,-218.55176
70671.22,-321.60193,-214.26392,-273.29272,-218.69849
70692.195,-321.74402,-214.40796,-273.4369,-218.84534
70713.17,-321.8861,-214.55225,-273.58118,-218.99219
70734.15,-322.02795,-214.69641,-273.72522,-219.13904
70755.125,-322.16992,-214.8407,-273.8695,-219.28589
70776.1,-322.3119,-214.98474,-274.01367,-219.43274
70797.08,-322.4541,-215.1289,-274.15784,-219.57947
70818.055,-322.59607,-215.2732,-274.302,-219.72644
70839.03,-322.7379,-215.41724,-274.44617,-219.87317
70860.016,-322.88013,-215.56152,-274.59045,-220.02014
70880.99,-323.0221,-215.70581,-274.73474,-220.16687
70901.97,-323.16394,-215.84998,-274.8789,-220.31384
70922.945,-323.30603,-215.99426,-275.02307,-220.46057
70943.92,-323.44788,-216.1383,-275.16724,-220.60754
70964.9,-323.58984,-216.2826,-275.31152,-220.75427
70985.875,-323.73206,-216.42676,-275.4557,-220.90112
71006.85,-323.8739,-216.57104,-275.59985,-221.04797
71027.83,-324.01587,-216.71509,-275.74402,-221.19482
71048.805,-324.15796,-216.85925,-275.88818,-221.34167
71069.78,-324.2998,-217.00354,-276.03247,-221.4884
71090.76,-324.4419,-217.14783,-276.17664,-221.63525
71111.734,-324.58398,-217.29199,-276.3208,-221.7821
71132.71,-324.72583,-217.43616,-276.46484,-221.92896
71153.69,-324.86792,-217.58032,-276.60913,-222.0758
71174.664,-325.00977,-217.72449,-276.75342,-222.22266
71195.64,-325.15186,-217.86865,-276.89758,-222.36938
71216.62,-325.29395,-218.01282,-277.04175,-222.51636
71237.59,-325.4358,-218.1571,-277.1859,-222.66309
71258.57,-325.57788,-218.30127,-277.3302,-222.81006
71279.55,-325.71973,-218.44543,-277.4745,-222.95679
71300.52,-325.86182,-218.5896,-277.61853,-223.10364
71321.51,-326.00366,-218.73401,-277.76282,-223.25049
71342.484,-326.14575,-218.87817,-277.90698,-223.39746
71363.46,-326.28784,-219.02234,-278.05115,-223.54419
71384.44,-326.4297,-219.1665,-278.1953,-223.69116
71405.414,-326.57178,-219.31067,-278.33948,-223.83789
71426.39,-326.71362,-219.45483,-278.48376,-223.98474
71447.37,-326.8557,-219.59912,-278.62793,-224.13159
71468.34,-326.99756,-219.74316,-278.7721,-224.27844
71489.32,-327.1399,-219.88745,-278.91626,-224.4253
71510.3,-327.28174,-220.03162,-279.06055,-224.57214
71531.27,-327.42358,-220.17578,-279.20483,-224.71887
71552.25,-327.56567,-220.32007,-279.34888,-224.86584
71573.23,-327.70752,-220.46423,-279.49304,-225.01257
71594.2,-327.84985,-220.6084,-279.6372,-225.15955
71615.18,-327.9917,-220.75256,-279.78162,-225.30627
71636.16,-328.1338,-220.89685,-279.92566,-225.453
71657.13,-328.27563,-221.04102,-280.06982,-225.59998
71678.11,-328.41748,-221.18518,-280.2141,-225.7467
71699.086,-328.5598,-221.32935,-280.3584,-225.89368
71720.06,-328.70166,-221.47363,-280.50256,-226.0404
71741.04,-328.84375,-221.61768,-280.64673,-226.18726
71762.016,-328.9856,-221.76208,-280.79077,-226.3341
71783.0,-329.1277,-221.90625,-280.93518,-226.48108
71803.98,-329.26953,-222.05042,-281.07935,-226.6278
71824.95,-329.41162,-222.19458,-281.2234,-226.77466
71845.93,-329.55347,-222.33875,-281.36755,-226.92151
71866.91,-329.6958,-222.48291,-281.51196,-227.06836
71887.88,-329.83765,-222.6272,-281.656,-227.21521
71908.86,-329.9795,-222.77136,-281.80017,-227.36206
71929.836,-330.12158,-222.91553,-281.94446,-227.50879
71950.81,-330.26343,-223.0597,-282.08875,-227.65576
71971.79,-330.40552,-223.20398,-282.2329,-227.80249
71992.766,-330.5476,-223.34814,-282.37708,-227.94946
72013.74,-330.68945,-223.49243,-282.52112,-228.09619
72034.72,-330.83154,-223.63647,-282.66528,-228.24304
72055.695,-330.9734,-223.78076,-282.80957,-228.3899
72076.67,-331.11572,-223.92493,-282.95374,-228.53674
72097.65,-331.25757,-224.06921,-283.09802,-228.6836
72118.625,-331.3994,-224.21326,-283.2422,-228.83044
72139.6,-331.5415,-224.35742,-283.38647,-228.97717
72160.58,-331.68335,-224.50171,-283.53064,-229.1217
72181.555,-331.82568,-224.64575,-283.6748,-229.26587
72202.53,-331.9673,-224.79004,-283.81885,-229.41003
72223.51,-332.10962,-224.9342,-283.963,-229.55432
72244.49,-332.2517,-225.07849,-284.10742,-229.69861
72265.47,-332.39355,-225.22278,-284.25146,-229.84277
72286.445,-332.5354,-225.36682,-284.39563,-229.98682
72307.42,-332.6775,-225.51111,-284.54016,-230.1311
72328.4,-332.81934,-225.65527,-284.68408,-230.27527
72349.375,-332.96143,-225.79956,-284.82837,-230.41943
72370.35,-333.10352,-225.9436,-284.97253,-230.5636
72391.33,-333.24536,-226.08777,-285.1167,-230.70789
72412.305,-333.38745,-226.23206,-285.261,-230.85205
72433.28,-333.5293,-226.37634,-285.40515,-230.99622
72454.26,-333.6714,-226.52051,-285.54932,-231.14038
72475.234,-333.81348,-226.66455,-285.69336,-231.28467
72496.21,-333.95532,-226.80884,-285.83765,-231.42883
72517.19,-334.0974,-226.953,-285.98193,-231.573
72538.164,-334.23926,-227.09717,-286.1261,-231.71716
72559.14,-334.38135,-227.24133,-286.27026,-231.86145
72580.12,-334.5232,-227.38562,-286.41443,-232.00562
72601.09,-334.66528,-227.52979,-286.55872,-232.14978
72622.07,-334.80737,-227.67395,-286.703,-232.29395
72643.05,-334.94922,-227.81812,-286.84705,-232.43811
72664.02,-335.0913,-227.9624,-286.9912,-232.5824
72685.0,-335.23315,-228.10657,-287.13538,-232.72644
72705.98,-335.37524,-228.25073,-287.2798,-232.87085
72726.96,-335.51733,-228.3949,-287.42383,-233.01501
72747.94,-335.65942,-228.53918,-287.568,-233.15918
72768.914,-335.80127,-228.68335,-287.71228,-233.30334
72789.89,-335.94336,-228.82764,-287.85645,-233.44751
72810.87,-336.0852,-228.97168,-288.0006,-233.5918
72831.84,-336.2273,-229.11597,-288.14478,-233.73596
72852.82,-336.36914,-229.26013,-288.28906,-233.88013
72873.8,-336.51123,-229.4043,-288.43335,-234.02429
72894.77,-336.65332,-229.54858,-288.5774,-234.16846
72915.75,-336.79517,-229.69275,-288.72156,-234.31274
72936.73,-336.93726,-229.83691,-288.86572,-234.45691
72957.7,-337.0791,-229.98108,-289.01013,-234.6012
72978.68,-337.2212,-230.12524,-289.15417,-234.74524
72999.66,-337.36328,-230.26953,-289.29834,-234.88953
73020.63,-337.50513,-230.4137,-289.4425,-235.03369
73041.61,-337.64722,-230.55786,-289.5869,-235.17798
73062.586,-337.78906,-230.70203,-289.73108,-235.32202
73083.56,-337.93115,-230.84619,-289.87512,-235.46619
73104.54,-338.07324,-230.99048,-290.0193,-235.61047
73125.516,-338.2151,-231.13464,-290.16345,-235.75464
73146.49,-338.35718,-231.27893,-290.30786,-235.89893
73167.47,-338.49902,-231.42297,-290.4519,-236.04297
73188.45,-338.6411,-231.56726,-290.59607,-236.18726
73209.43,-338.7832,-231.71143,-290.74048,-236.33154
73230.41,-338.92505,-231.85571,-290.88452,-236.47559
73251.38,-339.06714,-231.99988,-291.0287,-236.61987
73272.36,-339.20923,-232.14404,-291.17285,-236.76404
73293.336,-339.35107,-232.28821,-291.31726,-236.90833
73314.31,-339.49316,-232.43237,-291.46143,-237.05237
73335.29,-339.635,-232.57666,-291.60547,-237.19653
73356.266,-339.7771,-232.72083,-291.74963,-237.34082
73377.24,-339.9192,-232.86499,-291.8938,-237.4851
73398.22,-340.06104,-233.00928,-292.0382,-237.62927
73419.195,-340.20312,-233.15332,-292.18225,-237.77332
73440.17,-340.34497,-233.2976,-292.32654,-237.9176
73461.15,-340.48706,-233.44177,-292.47058,-238.06177
73482.125,-340.62915,-233.58606,-292.615,-238.20605
73503.1,-340.771,-233.7301,-292.75916,-238.3501
73524.08,-340.9131,-233.87427,-292.90332,-238.49438
73545.055,-341.05493,-234.01855,-293.04736,-238.63855
73566.03,-341.19702,-234.16284,-293.19153,-238.78271
73587.01,-341.33887,-234.307,-293.33594,-238.92688
73607.984,-341.48096,-234.45105,-293.4801,-239.07117
73628.96,-341.62305,-234.59534,-293.62427,-239.21533
73649.945,-341.76514,-234.73962,-293.76855,-239.35962
73670.92,-341.90698,-234.88379,-293.9126,-239.50366
73691.9,-342.04907,-235.02795,-294.0569,-239.64795
73712.875,-342.19092,-235.17212,-294.20093,-239.79211
73733.85,-342.333,-235.3164,-294.34534,-239.9364
73754.83,-342.4751,-235.46045,-294.4895,-240.08044
73775.805,-342.61694,-235.60486,-294.63367,-240.22473
73796.78,-342.75903,-235.7489,-294.7777,-240.3689
73817.76,-342.90088,-235.89319,-294.92188,-240.51318
73838.734,-343.04297,-236.03735,-295.06628,-240.65735
73859.71,-343.1848,-236.1814,-295.21045,-240.80151
73880.69,-343.3269,-236.32568,-295.3546,-240.94568
73901.664,-343.469,-236.46985,-295.49866,-241.08997
73922.64,-343.61084,-236.61414,-295.64307,-241.23413
73943.62,-343.75293,-236.75818,-295.78723,-241.3783
73964.59,-343.89478,-236.90247,-295.9314,-241.52246
73985.57,-344.03687,-237.04663,-296.07544,-241.66663
74006.55,-344.17896,-237.19092,-296.21973,-241.81079
74027.52,-344.3208,-237.33508,-296.364,-241.95496
74048.5,-344.46265,-237.47925,-296.50818,-242.09937
74069.48,-344.60474,-237.62341,-296.65234,-242.24341
74090.45,-344.74683,-237.7677,-296.7965,-242.3877
74111.43,-344.88892,-237.91187,-296.9408,-242.53186
74132.414,-345.03076,-238.05603,-297.08496,-242.67603
74153.39,-345.17285,-238.2002,-297.229,-242.82031
74174.37,-345.31494,-238.34448,-297.3734,-242.96448
74195.34,-345.4568,-238.48853,-297.51758,-243.10864
74216.32,-345.59888,-238.63281,-297.66174,-243.2528
74237.3,-345.74072,-238.7771,-297.8058,-243.39697
74258.27,-345.8828,-238.92126,-297.95007,-243.54114
74279.25,-346.0249,-239.06543,-298.09436,-243.68542
74300.23,-346.16675,-239.2096,-298.23853,-243.82971
74321.2,-346.30884,-239.35376,-298.3827,-243.97375
74342.18,-346.45068,-239.49805,-298.52686,-244.11804
74363.16,-346.59277,-239.64221,-298.67114,-244.2622
74384.13,-346.73486,-239.78638,-298.81543,-244.40637
74405.11,-346.8767,-239.93054,-298.95947,-244.55054
74426.086,-347.0188,-240.0747,-299.10364,-244.6947
74447.06,-347.16064,-240.21887,-299.2478,-244.83887
74468.04,-347.30273,-240.36316,-299.39197,-244.98315
74489.016,-347.44482,-240.50745,-299.53625,-245.12744
74509.99,-347.58667,-240.65149,-299.68042,-245.27148
74530.97,-347.72876,-240.79578,-299.8247,-245.41577
74551.945,-347.8706,-240.93994,-299.96887,-245.55994
74572.92,-348.0127,-241.08423,-300.11316,-245.7041
74593.91,-348.15454,-241.2284,-300.2572,-245.84839
74614.88,-348.29663,-241.37256,-300.4015,-245.99255
74635.86,-348.43872,-241.51672,-300.54578,-246.13684
74656.836,-348.5808,-241.66089,-300.68994,-246.28088
74677.81,-348.72266,-241.80518,-300.83398,-246.42505
74698.79,-348.8645,-241.94934,-300.97815,-246.56934
74719.766,-349.0066,-242.0935,-301.1223,-246.71362
74740.74,-349.14868,-242.2378,-301.2666,-246.85779
74761.72,-349.29077,-242.38184,-301.41077,-247.00183
74782.695,-349.43262,-242.52612,-301.55505,-247.14612
74803.67,-349.5747,-242.67029,-301.69922,-247.29028
74824.65,-349.71655,-242.81458,-301.8435,-247.43457
74845.625,-349.85864,-242.95862,-301.98767,-247.57861
74866.6,-350.0005,-243.10278,-302.1317,-247.7229
74887.58,-350.14258,-243.24707,-302.27588,-247.86707
74908.555,-350.28467,-243.39136,-302.42004,-248.01123
74929.53,-350.4265,-243.53552,-302.56433,-248.1554
74950.51,-350.5686,-243.67957,-302.70862,-248.29968
74971.484,-350.71045,-243.82385,-302.85278,-248.44385
74992.46,-350.85254,-243.96802,-302.99707,-248.58801
75013.44,-350.99463,-244.1123,-303.14124,-248.73218
75034.414,-351.13647,-244.25635,-303.2854,-248.87646
75055.4,-351.27856,-244.40063,-303.4297,-249.02063
75076.375,-351.4204,-244.54492,-303.57385,-249.16492
75097.35,-351.5625,-244.68896,-303.71802,-249.30896
75118.33,-351.70435,-244.83337,-303.86218,-249.45325
75139.305,-351.84668,-244.97742,-304.00623,-249.59741
75160.28,-351.98853,-245.1217,-304.1504,-249.7417
75181.26,-352.13037,-245.26587,-304.2948,-249.88586
75202.234,-352.27246,-245.40991,-304.43896,-250.03003
75223.21,-352.41455,-245.5542,-304.58313,-250.1742
75244.19,-352.5564,-245.69836,-304.72717,-250.31848
75265.164,-352.6985,-245.84265,-304.87158,-250.46252
75286.14,-352.84033,-245.9867,-305.01575,-250.60681
75307.12,-352.98242,-246.13098,-305.1599,-250.75098
75328.09,-353.12427,-246.27515,-305.30396,-250.89514
75349.07,-353.26636,-246.41943,-305.44824,-251.0393
75370.05,-353.40845,-246.5636,-305.59253,-251.18347
75391.02,-353.55054,-246.70776,-305.7367,-251.32776
75412.0,-353.69238,-246.85193,-305.88086,-251.47192
75432.98,-353.83423,-246.99622,-306.02502,-251.61621
75453.95,-353.97632,-247.14026,-306.1693,-251.76025
75474.93,-354.1184,-247.28455,-306.31348,-251.90454
75495.91,-354.2605,-247.42871,-306.45764,-252.0487
75516.88,-354.40234,-247.57288,-306.6018,-252.193
75537.87,-354.54443,-247.71704,-306.7461,-252.33716
75558.84,-354.68652,-247.86133,-306.89026,-252.48132
75579.82,-354.82837,-248.0055,-307.0343,-252.62561
75600.8,-354.9702,-248.14978,-307.1786,-252.76965
75621.77,-355.1123,-248.29395,-307.32288,-252.91394
75642.75,-355.2544,-248.43811,-307.46704,-253.0581
75663.73,-355.39624,-248.58228,-307.6112,-253.20227
75684.7,-355.53833,-248.72656,-307.75537,-253.34656
75705.68,-355.68018,-248.87073,-307.89966,-253.4906
75726.66,-355.82227,-249.0149,-308.04395,-253.63489
75747.63,-355.96436,-249.15906,-308.188,-253.77905
75768.61,-356.1062,-249.30334,-308.33215,-253.92334
75789.586,-356.2483,-249.44739,-308.47632,-254.06738
75810.56,-356.39014,-249.59167,-308.6206,-254.21167
75831.54,-356.53223,-249.73584,-308.76477,-254.35583
75852.516,-356.67432,-249.88,-308.90894,-254.50012
75873.49,-356.81616,-250.02429,-309.0531,-254.64429
75894.47,-356.95825,-250.16833,-309.1974,-254.78845
75915.445,-357.1001,-250.31262,-309.34167,-254.93262
75936.42,-357.2422,-250.45679,-309.48572,-255.07678
75957.4,-357.38428,-250.60107,-309.62988,-255.22107
75978.375,-357.52637,-250.74512,-309.77405,-255.36511
75999.36,-357.6682,-250.8894,-309.91833,-255.5094
76020.336,-357.8103,-251.03369,-310.0625,-255.65369
76041.31,-357.9524,-251.17786,-310.20667,-255.79773
76062.29,-358.09424,-251.32202,-310.35107,-255.94214
76083.266,-358.23608,-251.46619,-310.49512,-256.08618
76104.24,-358.37817,-251.61047,-310.63928,-256.23047
76125.22,-358.52026,-251.75464,-310.78345,-256.37463
76146.195,-358.66235,-251.8988,-310.92773,-256.5188
76167.17,-358.8042,-252.04297,-311.07202,-256.66296
76188.15,-358.94604,-252.18713,-311.21606,-256.80713
76209.125,-359.08813,-252.33142,-311.36023,-256.95142
76230.1,-359.23022,-252.47546,-311.5044,-257.09558
76251.08,-359.37207,-252.61987,-311.6488,-257.23975
76272.055,-359.51416,-252.76392,-311.79285,-257.3839
76293.03,-359.656,-252.9082,-311.93713,-257.5282
76314.01,-359.7981,-253.05237,-312.08118,-257.67236
76334.984,-359.93994,-253.19653,-312.2256,-257.81653
76355.96,-360.08203,-253.3407,-312.36975,-257.9607
76376.94,-360.22412,-253.48486,-312.51392,-258.10498
76397.914,-360.36597,-253.62915,-312.65796,-258.24915
76418.89,-360.50806,-253.77332,-312.80212,-258.3933
76439.87,-360.6499,-253.91748,-312.9463,-258.53748
76460.85,-360.792,-254.06177,-313.09058,-258.68176
76481.83,-360.93408,-254.20593,-313.23474,-258.82593
76502.805,-361.07617,-254.35022,-313.37915,-258.9702
76523.78,-361.21802,-254.49426,-313.5232,-259.11426
76544.76,-361.3601,-254.63855,-313.66748,-259.25854
76565.734,-361.50195,-254.78271,-313.81152,-259.4027
76586.71,-361.64404,-254.927,-313.95593,-259.54688
76607.69,-361.78613,-255.07104,-314.1001,-259.69104
76628.664,-361.92798,-255.21521,-314.24426,-259.83533
76649.64,-362.07007,-255.3595,-314.3883,-259.9795
76670.62,-362.2119,-255.50366,-314.53247,-260.12366
76691.59,-362.354,-255.64795,-314.67688,-260.26782
76712.57,-362.49585,-255.79211,-314.82104,-260.412
76733.55,-362.63794,-255.93628,-314.9652,-260.55627
76754.52,-362.78003,-256.08044,-315.10925,-260.70044
76775.5,-362.92188,-256.22473,-315.25342,-260.84473
76796.48,-363.06396,-256.36877,-315.39783,-260.9889
76817.45,-363.2058,-256.51306,-315.542,-261.13306
76838.43,-363.3479,-256.65723,-315.68604,-261.27722
76859.41,-363.49,-256.8014,-315.83032,-261.4214
76880.38,-363.63184,-256.94556,-315.97437,-261.56555
76901.36,-363.77393,-257.08972,-316.11877,-261.70984
76922.34,-363.91602,-257.23413,-316.26282,-261.854
76943.32,-364.05786,-257.3783,-316.40723,-261.99817
76964.3,-364.19995,-257.52246,-316.5514,-262.14246
76985.27,-364.3418,-257.66663,-316.69556,-262.28662
77006.25,-364.4839,-257.8108,-316.8396,-262.4308
77027.23,-364.62598,-257.95508,-316.984,-262.57507
77048.2,-364.76782,-258.09912,-317.12817,-262.71924
77069.18,-364.9099,-258.2434,-317.27234,-262.8634
77090.16,-365.05176,-258.38757,-317.41638,-263.00757
77111.13,-365.19385,-258.53174,-317.56067,-263.15173
77132.11,-365.33594,-258.6759,-317.70496,-263.2959
77153.086,-365.47778,-258.8202,-317.84912,-263.4402
77174.06,-365.61987,-258.96436,-317.9933,-263.58435
77195.04,-365.76172,-259.10852,-318.13745,-263.72864
77216.016,-365.9038,-259.2528,-318.2815,-263.8728
77236.99,-366.0459,-259.39685,-318.4259,-264.01697
77257.97,-366.18774,-259.54114,-318.5702,-264.16113
77278.945,-366.32983,-259.6853,-318.71423,-264.3053
77299.92,-366.47168,-259.8296,-318.8584,-264.4496
77320.9,-366.61377,-259.97363,-319.00256,-264.59363
77341.875,-366.75586,-260.11792,-319.14685,-264.7379
77362.85,-366.8977,-260.2621,-319.29102,-264.88208
77383.83,-367.0398,-260.40637,-319.4353,-265.02625
77404.81,-367.1819,-260.55054,-319.57947,-265.17065
77425.79,-367.32373,-260.6947,-319.72363,-265.3147
77446.766,-367.46582,-260.839,-319.8678,-265.45898
77467.74,-367.60767,-260.98315,-320.0121,-265.60315
77488.72,-367.74976,-261.12732,-320.15625,-265.7473
77509.695,-367.89185,-261.27148,-320.30054,-265.89148
77530.67,-368.0337,-261.41565,-320.44458,-266.03564
77551.65,-368.17578,-261.55994,-320.58875,-266.17993
77572.625,-368.31763,-261.70398,-320.7329,-266.3241
77593.6,-368.45972,-261.8484,-320.8772,-266.46826
77614.58,-368.6018,-261.99243,-321.02136,-266.61243
77635.555,-368.74365,-262.13672,-321.16565,-266.7567
77656.53,-368.88574,-262.28088,-321.30957,-266.90088
77677.51,-369.0276,-262.42505,-321.4541,-267.04504
77698.484,-369.16968,-262.5692,-321.59827,-267.1892
77719.46,-369.31152,-262.71338,-321.7423,-267.3335
77740.44,-369.4536,-262.85767,-321.88647,-267.47766
77761.414,-369.5957,-263.00183,-322.03064,-267.62183
77782.39,-369.73755,-263.146,-322.1748,-267.766
77803.37,-369.87964,-263.29016,-322.3191,-267.91028
77824.34,-370.02148,-263.43445,-322.46338,-268.05432
77845.32,-370.16357,-263.5786,-322.60742,-268.1986
77866.305,-370.30542,-263.72278,-322.7517,-268.34277
77887.28,-370.44775,-263.86707,-322.896,-268.48706
77908.26,-370.58936,-264.01123,-323.04004,-268.63123
77929.234,-370.7317,-264.15552,-323.18445,-268.7754
77950.21,-370.87354,-264.29956,-323.3286,-268.91956
77971.19,-371.01562,-264.44373,-323.47278,-269.06384
77992.164,-371.15747,-264.588,-323.61682,-269.208
78013.14,-371.29932,-264.73218,-323.761,-269.35217
78034.12,-371.44165,-264.87646,-323.90527,-269.49634
78055.09,-371.5835,-265.0205,-324.04956,-269.64062
78076.07,-371.7256,-265.1648,-324.1936,-269.7848
78097.05,-371.86743,-265.30896,-324.3379,-269.92896
78118.02,-372.00952,-265.45312,-324.48193,-270.07312
78139.0,-372.1516,-265.5973,-324.62646,-270.2174
78159.98,-372.29346,-265.74158,-324.7705,-270.36157
78180.95,-372.43555,-265.88574,-324.91455,-270.50574
78201.93,-372.5774,-266.0299,-325.05884,-270.6499
78222.91,-372.71948,-266.17407,-325.20288,-270.79407
78243.88,-372.86157,-266.31836,-325.34717,-270.93835
78264.86,-373.00342,-266.46252,-325.49146,-271.0824
78285.836,-373.1455,-266.6067,-325.6355,-271.22668
78306.81,-373.28735,-266.75085,-325.7798,-271.37085
78327.8,-373.42944,-266.89514,-325.92407,-271.51514
78348.77,-373.5713,-267.0393,-326.0681,-271.6593
78369.75,-373.71338,-267.1836,-326.2124,-271.80347
78390.73,-373.85522,-267.32764,-326.3567,-271.94775
78411.7,-373.99756,-267.47192,-326.50073,-272.09192
78432.68,-374.1394,-267.6161,-326.64502,-272.23608
78453.66,-374.28125,-267.76025,-326.78906,-272.38025
78474.63,-374.42334,-267.90442,-326.9336,-272.5244
78495.61,-374.5652,-268.0487,-327.07764,-272.6687
78516.586,-374.70752,-268.19287,-327.22192,-272.81287
78537.56,-374.84937,-268.33704,-327.36597,-272.95715
78558.54,-374.99146,-268.4812,-327.51,-273.1012
78579.516,-375.1333,-268.6255,-327.65454,-273.24548
78600.49,-375.27515,-268.76965,-327.79858,-273.38965
78621.47,-375.41748,-268.91382,-327.94263,-273.5338
78642.445,-375.55933,-269.05798,-328.0869,-273.67798
78663.42,-375.70142,-269.20215,-328.23096,-273.82214
78684.4,-375.84326,-269.34644,-328.37524,-273.96643
78705.375,-375.98535,-269.4906,-328.51953,-274.1106
78726.35,-376.1272,-269.6349,-328.66357,-274.25476
78747.33,-376.2693,-269.77893,-328.80786,-274.39893
78768.305,-376.41138,-269.92322,-328.9519,-274.5432
78789.28,-376.55322,-270.06738,-329.09644,-274.68738
78810.266,-376.6953,-270.21155,-329.24072,-274.83154
78831.24,-376.83716,-270.35583,-329.38477,-274.97583
78852.22,-376.97925,-270.5,-329.52905,-275.12
78873.195,-377.1211,-270.64417,-329.6731,-275.26428
78894.17,-377.26318,-270.78833,-329.81714,-275.40833
78915.15,-377.40527,-270.9325,-329.96167,-275.5526
78936.125,-377.54712,-271.07678,-330.1057,-275.69678
78957.1,-377.6892,-271.22095,-330.25,-275.84094
78978.08,-377.83105,-271.36523,-330.39404,-275.9851
78999.055,-377.97314,-271.50928,-330.5381,-276.1294
79020.03,-378.11523,-271.65356,-330.68262,-276.27356
79041.01,-378.25708,-271.79773,-330.82666,-276.41772
79061.984,-378.39917,-271.94202,-330.9707,-276.5619
79082.96,-378.54102,-272.08606,-331.115,-276.70618
79103.94,-378.6831,-272.23035,-331.25903,-276.85046
79124.914,-378.8252,-272.3745,-331.40356,-276.9945
79145.89,-378.9673,-272.51868,-331.5476,-277.13867
79166.87,-379.10913,-272.66296,-331.6919,-277.28284
79187.84,-379.25098,-272.807,-331.83594,-277.42725
79208.82,-379.39307,-272.9513,-331.97998,-277.5713
79229.8,-379.5349,-273.09546,-332.1245,-277.71558
79250.77,-379.67725,-273.23962,-332.26855,-277.85962
79271.76,-379.81885,-273.3839,-332.41284,-278.0039
79292.734,-379.96094,-273.52808,-332.55713,-278.14807
79313.71,-380.10303,-273.67236,-332.70117,-278.29224
79334.69,-380.24512,-273.8164,-332.84546,-278.43652
79355.664,-380.38696,-273.9607,-332.98975,-278.5808
79376.64,-380.5288,-274.10486,-333.1338,-278.72485
79397.62,-380.6709,-274.24915,-333.27808,-278.86902
79418.59,-380.813,-274.3933,-333.42212,-279.01318
79439.57,-380.95508,-274.53748,-333.56616,-279.15735
79460.55,-381.09692,-274.68164,-333.71045,-279.30164
79481.52,-381.23877,-274.8258,-333.85474,-279.44592
79502.5,-381.38086,-274.9701,-333.99902,-279.5901
79523.48,-381.52295,-275.11414,-334.14307,-279.73438
79544.45,-381.66504,-275.25842,-334.2871,-279.87854
79565.43,-381.8069,-275.4026,-334.43164,-280.0227
79586.41,-381.94897,-275.54675,-334.57568,-280.16675
79607.38,-382.09082,-275.69092,-334.71997,-280.3109
79628.36,-382.2329,-275.83508,-334.864,-280.4552
79649.336,-382.375,-275.97937,-335.0083,-280.59937
79670.31,-382.51685,-276.12366,-335.1526,-280.74365
79691.29,-382.65894,-276.26782,-335.29663,-280.88782
79712.266,-382.80078,-276.4121,-335.44092,-281.03186
79733.25,-382.94287,-276.55615,-335.5852,-281.17627
79754.23,-383.08472,-276.70044,-335.72925,-281.32043
79775.2,-383.2268,-276.84473,-335.87354,-281.46472
79796.18,-383.3689,-276.9889,-336.01758,-281.6089
79817.16,-383.511,-277.13306,-336.16187,-281.75305
79838.13,-383.65283,-277.2771,-336.30615,-281.8971
79859.11,-383.79468,-277.42126,-336.4502,-282.04126
79880.086,-383.93677,-277.56543,-336.59424,-282.18555
79901.06,-384.07886,-277.70972,-336.73853,-282.32983
79922.04,-384.22095,-277.854,-336.8828,-282.474
79943.016,-384.3628,-277.99817,-337.0271,-282.61816
79963.99,-384.50464,-278.14246,-337.17114,-282.7622
79984.97,-384.64673,-278.28662,-337.31543,-282.90662
80005.945,-384.78857,-278.4308,-337.45972,-283.05078
80026.92,-384.9309,-278.57495,-337.60376,-283.19495
80047.9,-385.07275,-278.719,-337.74805,-283.3391
80068.875,-385.2146,-278.86328,-337.8921,-283.48328
80089.85,-385.3567,-279.00757,-338.03638,-283.62756
80110.83,-385.49854,-279.15173,-338.18042,-283.77173
80131.805,-385.64087,-279.2959,-338.3247,-283.9159
80152.78,-385.7827,-279.44006,-338.469,-284.06006
80173.76,-385.9248,-279.58435,-338.61328,-284.2041
80194.74,-386.0669,-279.72852,-338.75732,-284.3485
80215.72,-386.20874,-279.87256,-338.9016,-284.49268
80236.695,-386.35083,-280.01697,-339.04565,-284.63696
80257.67,-386.49268,-280.16113,-339.18994,-284.78125
80278.65,-386.63477,-280.3053,-339.33423,-284.9253
80299.625,-386.77686,-280.44934,-339.47852,-285.06946
80320.6,-386.9187,-280.59363,-339.62256,-285.21362
80341.58,-387.0608,-280.7379,-339.7666,-285.3579
80362.555,-387.20264,-280.88208,-339.91113,-285.50208
80383.53,-387.34448,-281.02625,-340.05518,-285.64624
80404.51,-387.48682,-281.1704,-340.19922,-285.7904
80425.484,-387.62866,-281.3147,-340.3435,-285.9347
80446.46,-387.7705,-281.45898,-340.4878,-286.07898
80467.44,-387.9126,-281.60303,-340.63208,-286.22302
80488.414,-388.05444,-281.7472,-340.77612,-286.3672
80509.39,-388.19678,-281.89136,-340.92017,-286.51135
80530.37,-388.33862,-282.03564,-341.06445,-286.65576
80551.34,-388.48047,-282.1798,-341.2085,-286.7998
80572.32,-388.62256,-282.32397,-341.35303,-286.9441
80593.3,-388.7644,-282.46814,-341.49707,-287.08813
80614.27,-388.9065,-282.61243,-341.64136,-287.2323
80635.25,-389.04858,-282.7567,-341.7854,-287.37646
80656.23,-389.19043,-282.90076,-341.9297,-287.52075
80677.21,-389.33252,-283.04504,-342.07397,-287.66504
80698.19,-389.4746,-283.18933,-342.21802,-287.80933
80719.164,-389.6167,-283.33337,-342.3623,-287.95337
80740.14,-389.75854,-283.47754,-342.5066,-288.09753
80761.12,-389.9004,-283.6217,-342.65063,-288.2417
80782.09,-390.04248,-283.7661,-342.79468,-288.3861
80803.07,-390.18457,-283.91016,-342.93896,-288.53015
80824.05,-390.32666,-284.05432,-343.08325,-288.67444
80845.02,-390.4685,-284.1985,-343.22754,-288.81848
80866.0,-390.61035,-284.34277,-343.37158,-288.9629
80886.98,-390.75244,-284.48706,-343.51562,-289.10706
80907.95,-390.89453,-284.6311,-343.66016,-289.25122
80928.93,-391.03662,-284.77527,-343.8042,-289.39526
80949.91,-391.17847,-284.91943,-343.9485,-289.53943
80970.88,-391.3203,-285.06384,-344.09253,-289.6836
80991.86,-391.4624,-285.2079,-344.23682,-289.82788
81012.836,-391.6045,-285.35217,-344.3811,-289.97217
81033.81,-391.74658,-285.49622,-344.52515,-290.1162
81054.79,-391.88843,-285.64062,-344.66943,-290.26038
81075.766,-392.03027,-285.7848,-344.81348,-290.40454
81096.74,-392.17236,-285.92896,-344.95776,-290.54895
81117.72,-392.3142,-286.073,-345.10205,-290.693
81138.7,-392.4563,-286.2174,-345.2461,-290.8374
81159.68,-392.5984,-286.36145,-345.39038,-290.98157
81180.66,-392.74048,-286.5056,-345.53467,-291.1256
81201.63,-392.88257,-286.64978,-345.6787,-291.26978
81222.61,-393.0244,-286.7942,-345.82275,-291.41418
81243.586,-393.16626,-286.93823,-345.96704,-291.55835
81264.56,-393.30835,-287.08252,-346.11133,-291.7025
81285.54,-393.45044,-287.22656,-346.2556,-291.84656
81306.516,-393.59253,-287.37097,-346.39966,-291.99072
81327.49,-393.73438,-287.51514,-346.54395,-292.13513
81348.47,-393.87622,-287.6593,-346.68823,-292.2793
81369.445,-394.0183,-287.80334,-346.83228,-292.42334
81390.42,-394.16016,-287.9475,-346.97656,-292.56763
81411.4,-394.3025,-288.09192,-347.1206,-292.71167
81432.375,-394.44434,-288.23608,-347.2649,-292.85608
81453.35,-394.58618,-288.38025,-347.40918,-293.00024
81474.33,-394.72827,-288.5243,-347.55322,-293.1444
81495.305,-394.87012,-288.66846,-347.6975,-293.28845
81516.28,-395.01245,-288.81287,-347.84155,-293.43262
81537.26,-395.1543,-288.95703,-347.98584,-293.57703
81558.234,-395.29614,-289.10107,-348.13013,-293.7212
81579.21,-395.43823,-289.24536,-348.27417,-293.86536
81600.195,-395.58032,-289.38965,-348.41846,-294.00964
81621.17,-395.72217,-289.5337,-348.56274,-294.1537
81642.15,-395.86426,-289.67786,-348.7068,-294.29797
81663.125,-396.0061,-289.82227,-348.85107,-294.44226
81684.1,-396.14844,-289.96643,-348.99512,-294.58643
81705.08,-396.29028,-290.1106,-349.1394,-294.7306
81726.055,-396.43213,-290.25464,-349.2837,-294.87476
81747.03,-396.57422,-290.39905,-349.42773,-295.0188
81768.01,-396.71606,-290.5432,-349.57202,-295.1632
81788.984,-396.8584,-290.68738,-349.7163,-295.30737
81809.96,-397.00024,-290.83142,-349.8606,-295.45154
81830.94,-397.1421,-290.9757,-350.00464,-295.5957
81851.914,-397.28418,-291.12,-350.14868,-295.73975
81872.89,-397.42603,-291.26416,-350.29297,-295.88416
81893.87,-397.5681,-291.40833,-350.43726,-296.02832
81914.84,-397.7102,-291.5525,-350.5813,-296.1725
81935.82,-397.85205,-291.69653,-350.7256,-296.31653
81956.8,-397.99414,-291.84094,-350.86963,-296.46082
81977.77,-398.136,-291.9851,-351.01416,-296.6051
81998.75,-398.27808,-292.12927,-351.1582,-296.74927
82019.73,-398.42017,-292.27344,-351.30225,-296.89343
82040.7,-398.562,-292.41748,-351.44653,-297.0376
82061.68,-398.7041,-292.5619,-351.59058,-297.1819
82082.664,-398.8462,-292.70605,-351.73486,-297.32605
82103.64,-398.98804,-292.85034,-351.87915,-297.47034
82124.62,-399.13013,-292.9945,-352.0232,-297.6145
82145.59,-399.27197,-293.13867,-352.16772,-297.75867
82166.57,-399.41406,-293.28284,-352.31177,-297.90283
82187.55,-399.55615,-293.42712,-352.45605,-298.04688
82208.52,-399.698,-293.5713,-352.6001,-298.1914
82229.5,-399.8401,-293.71558,-352.7444,-298.33557
82250.48,-399.98193,-293.85962,-352.88867,-298.4796
82271.45,-400.12402,-294.00378,-353.0327,-298.62378
82292.43,-400.2661,-294.14795,-353.17676,-298.76794
82313.41,-400.4082,-294.29224,-353.32104,-298.91223
82334.38,-400.55005,-294.4364,-353.46533,-299.0564
82355.36,-400.6919,-294.5807,-353.60938,-299.20068
82376.336,-400.83398,-294.7246,-353.75366,-299.34473
82397.31,-400.97583,-294.86914,-353.8977,-299.4889
82418.29,-401.11792,-295.0133,-354.04224,-299.63306
82439.266,-401.26,-295.15735,-354.18628,-299.77734
82460.24,-401.40186,-295.3015,-354.33057,-299.9215
82481.22,-401.54395,-295.44568,-354.4746,-300.0658
82502.195,-401.6858,-295.58997,-354.6189,-300.20996
82523.17,-401.82788,-295.73413,-354.76318,-300.35425
82544.16,-401.96997,-295.8783,-354.90723,-300.4983
82565.13,-402.11206,-296.02258,-355.05127,-300.64258
82586.11,-402.2539,-296.16675,-355.1958,-300.78687
82607.086,-402.396,-296.31104,-355.33984,-300.93103
82628.06,-402.53784,-296.4552,-355.48413,-301.07507
82649.04,-402.67993,-296.5995,-355.62817,-301.21924
82670.016,-402.82178,-296.74365,-355.77246,-301.36365
82690.99,-402.96387,-296.8877,-355.91675,-301.5077
82711.97,-403.10596,-297.03186,-356.0608,-301.65186
82732.945,-403.2478,-297.17603,-356.20483,-301.79614
82753.92,-403.3899,-297.3203,-356.34912,-301.9403
82774.9,-403.53174,-297.4646,-356.4934,-302.0846
82795.875,-403.67383,-297.60876,-356.6377,-302.22876
82816.85,-403.81592,-297.7528,-356.78174,-302.37292
82837.83,-403.95776,-297.89697,-356.92603,-302.51697
82858.805,-404.0996,-298.04138,-357.0703,-302.66113
82879.78,-404.2417,-298.18555,-357.21436,-302.80554
82900.76,-404.38403,-298.3296,-357.35864,-302.9497
82921.734,-404.52588,-298.47388,-357.5027,-303.09387
82942.71,-404.66772,-298.61792,-357.64697,-303.2379
82963.69,-404.80957,-298.76233,-357.79102,-303.38232
82984.664,-404.95166,-298.9065,-357.9353,-303.5265
83005.65,-405.09375,-299.05078,-358.0796,-303.67078
83026.625,-405.23584,-299.19495,-358.22363,-303.81494
83047.6,-405.3777,-299.3391,-358.36792,-303.9591
83068.58,-405.51978,-299.48315,-358.5122,-304.10327
83089.555,-405.66187,-299.62756,-358.65625,-304.2473
83110.53,-405.8037,-299.77173,-358.80054,-304.39172
83131.51,-405.9458,-299.9159,-358.94482,-304.5359
83152.484,-406.08765,-300.05994,-359.0891,-304.68005
83173.46,-406.22974,-300.20422,-359.23315,-304.82422
83194.44,-406.37183,-300.3485,-359.3772,-304.96826
83215.414,-406.51367,-300.49268,-359.52148,-305.11267
83236.39,-406.65576,-300.63684,-359.66577,-305.25684
83257.37,-406.7976,-300.781,-359.8098,-305.401
83278.34,-406.9397,-300.92505,-359.9541,-305.54504
83299.32,-407.0818,-301.06946,-360.0984,-305.68933
83320.3,-407.22363,-301.21362,-360.24268,-305.83362
83341.27,-407.36572,-301.3578,-360.38672,-305.97778
83362.25,-407.50757,-301.50195,-360.53076,-306.12195
83383.23,-407.64966,-301.646,-360.67505,-306.2661
83404.2,-407.7915,-301.7904,-360.8191,-306.4104
83425.18,-407.9336,-301.93457,-360.96362,-306.55457
83446.16,-408.07568,-302.07874,-361.10767,-306.69873
83467.14,-408.21777,-302.22302,-361.2517,-306.84302
83488.12,-408.35938,-302.3672,-361.39624,-306.98718
83509.09,-408.5017,-302.51135,-361.54028,-307.13135
83530.07,-408.64355,-302.65564,-361.68457,-307.2754
83551.05,-408.78564,-302.7998,-361.8286,-307.41992
83572.02,-408.92773,-302.94397,-361.9729,-307.56396
83593.0,-409.06934,-303.08813,-362.1172,-307.70813
83613.98,-409.21167,-303.2323,-362.26123,-307.8523
83634.95,-409.35352,-303.3766,-362.40527,-307.99646
83655.93,-409.4956,-303.52075,-362.54956,-308.14075
83676.91,-409.6377,-303.66492,-362.69385,-308.2849
83697.88,-409.77954,-303.80908,-362.8379,-308.42908
83718.86,-409.92163,-303.95312,-362.98218,-308.57324
83739.836,-410.06348,-304.09766,-363.12622,-308.7174
83760.81,-410.20557,-304.2417,-363.27075,-308.8617
83781.79,-410.3474,-304.38586,-363.4148,-309.00586
83802.766,-410.4895,-304.53003,-363.55908,-309.15002
83823.74,-410.6316,-304.6742,-363.70312,-309.2942
83844.72,-410.77344,-304.81848,-363.8474,-309.43848
83865.695,-410.91553,-304.96265,-363.9917,-309.58276
83886.67,-411.05737,-305.1068,-364.13574,-309.7268
83907.65,-411.19946,-305.25098,-364.28003,-309.87097
83928.625,-411.34155,-305.39514,-364.42407,-310.01514
83949.61,-411.48364,-305.53943,-364.56836,-310.15942
83970.586,-411.62524,-305.68372,-364.71265,-310.3036
83991.56,-411.76758,-305.828,-364.8567,-310.44775
84012.54,-411.90942,-305.97205,-365.00098,-310.59204
84033.516,-412.0515,-306.1162,-365.14526,-310.7362
84054.49,-412.19336,-306.26038,-365.2893,-310.88037
84075.47,-412.3352,-306.4048,-365.43335,-311.02454
84096.445,-412.47754,-306.54883,-365.57764,-311.16882
84117.42,-412.6194,-306.6931,-365.72192,-311.3131
84138.4,-412.76147,-306.83716,-365.8662,-311.45715
84159.375,-412.90332,-306.98132,-366.01025,-311.60132
84180.35,-413.04517,-307.1255,-366.15454,-311.74548
84201.33,-413.1875,-307.26978,-366.29883,-311.8899
84222.305,-413.32935,-307.41394,-366.44287,-312.03394
84243.28,-413.47144,-307.5581,-366.58716,-312.17822
84264.26,-413.61328,-307.70227,-366.7312,-312.32227
84285.234,-413.75537,-307.84656,-366.8755,-312.46667
84306.21,-413.89746,-307.99084,-367.01978,-312.61084
84327.19,-414.0393,-308.1349,-367.16382,-312.75488
84348.164,-414.1814,-308.27905,-367.3081,-312.89905
84369.14,-414.32324,-308.42322,-367.45215,-313.0432
84390.12,-414.46533,-308.56763,-367.5962,-313.18762
84411.1,-414.60742,-308.7119,-367.74072,-313.33167
84432.08,-414.74927,-308.85608,-367.88477,-313.47583
84453.055,-414.8911,-309.00024,-368.02905,-313.62024
84474.03,-415.03345,-309.1443,-368.17334,-313.76428
84495.01,-415.1753,-309.28845,-368.31738,-313.90857
84515.984,-415.31738,-309.43262,-368.46167,-314.0526
84536.96,-415.45923,-309.5769,-368.6057,-314.19702
84557.94,-415.60107,-309.7212,-368.75,-314.3412
84578.914,-415.7434,-309.86523,-368.8943,-314.48535
84599.89,-415.88525,-310.0094,-369.03833,-314.6294
84620.87,-416.02734,-310.15356,-369.18262,-314.77356
84641.84,-416.1692,-310.29797,-369.3269,-314.91797
84662.82,-416.31104,-310.44202,-369.4712,-315.062
84683.8,-416.45337,-310.5863,-369.61523,-315.2063
84704.77,-416.5952,-310.73035,-369.75928,-315.35034
84725.75,-416.7373,-310.87476,-369.90356,-315.49475
84746.73,-416.87915,-311.01892,-370.04785,-315.63892
84767.7,-417.021,-311.1631,-370.1919,-315.78308
84788.68,-417.1631,-311.30713,-370.33618,-315.92712
84809.66,-417.30518,-311.4513,-370.48022,-316.0714
84830.63,-417.44727,-311.5957,-370.6245,-316.2157
84851.61,-417.5891,-311.73975,-370.7688,-316.35986
84872.59,-417.7312,-311.88416,-370.91284,-316.5039
84893.57,-417.8733,-312.02832,-371.05713,-316.64832
84914.55,-418.01514,-312.17236,-371.20142,-316.79248
84935.52,-418.15698,-312.31665,-371.34546,-316.93665
84956.5,-418.29932,-312.4607,-371.48975,-317.0808
84977.48,-418.44116,-312.6051,-371.6338,-317.2251
84998.45,-418.58325,-312.74927,-371.77832,-317.36926
85019.43,-418.7251,-312.89343,-371.92236,-317.51343
85040.41,-418.86694,-313.03748,-372.0664,-317.65747
85061.38,-419.00903,-313.18164,-372.2107,-317.80176
85082.36,-419.15112,-313.32617,-372.35498,-317.94592
85103.336,-419.2932,-313.4702,-372.49927,-318.0902
85124.31,-419.43506,-313.61438,-372.6433,-318.23438
85145.29,-419.5769,-313.75854,-372.78735,-318.37854
85166.266,-419.719,-313.90283,-372.93164,-318.52283
85187.24,-419.86108,-314.047,-373.07593,-318.667
85208.22,-420.00317,-314.19116,-373.21997,-318.81128
85229.195,-420.14502,-314.3352,-373.36426,-318.95532
85250.17,-420.28662,-314.4795,-373.5083,-319.0995
85271.15,-420.42896,-314.62366,-373.6526,-319.24365
85292.125,-420.57104,-314.76794,-373.79688,-319.38794
85313.1,-420.71313,-314.9121,-373.94116,-319.5321
85334.08,-420.85498,-315.05627,-374.0852,-319.67627
85355.06,-420.99707,-315.20056,-374.2295,-319.82056
85376.04,-421.13892,-315.34473,-374.37354,-319.96472
85397.016,-421.281,-315.4889,-374.51782,-320.1089
85417.99,-421.42285,-315.63318,-374.66187,-320.25317
85438.97,-421.56494,-315.77734,-374.8064,-320.39734
85459.945,-421.70703,-315.92163,-374.95044,-320.54163
85480.92,-421.84912,-316.06555,-375.09473,-320.68567
85501.9,-421.99097,-316.20984,-375.23877,-320.82983
85522.875,-422.13257,-316.354,-375.38306,-320.974
85543.85,-422.2749,-316.4983,-375.52734,-321.1183
85564.83,-422.417,-316.64246,-375.6714,-321.26245
85585.805,-422.55908,-316.78662,-375.81543,-321.40674
85606.78,-422.70093,-316.9308,-375.95972,-321.5509
85627.76,-422.84253,-317.07507,-376.104,-321.6952
85648.734,-422.98486,-317.21936,-376.2483,-321.83936
85669.71,-423.12695,-317.3634,-376.39233,-321.9834
85690.69,-423.26904,-317.50757,-376.53662,-322.12756
85711.664,-423.4109,-317.65173,-376.68066,-322.27173
85732.64,-423.5525,-317.79614,-376.8247,-322.41614
85753.62,-423.69482,-317.9402,-376.96924,-322.56018
85774.59,-423.8369,-318.08447,-377.11328,-322.70447
85795.57,-423.97876,-318.22852,-377.25757,-322.8485
85816.555,-424.1206,-318.3728,-377.40186,-322.9928
85837.53,-424.2627,-318.51697,-377.5459,-323.1371
85858.51,-424.4048,-318.66113,-377.6902,-323.28113
85879.484,-424.54688,-318.80542,-377.83423,-323.42554
85900.46,-424.68872,-318.9497,-377.97852,-323.5697
85921.44,-424.8308,-319.09375,-378.1228,-323.71387
85942.414,-424.97266,-319.2379,-378.26685,-323.8579
85963.39,-425.11475,-319.38208,-378.41113,-324.0022
85984.37,-425.25684,-319.5265,-378.55542,-324.14648
86005.34,-425.39868,-319.67053,-378.6997,-324.29053
86026.32,-425.54077,-319.81482,-378.8435,-324.4348
86047.3,-425.68262,-319.95886,-378.9878,-324.57886
86068.27,-425.8247,-320.10327,-379.13208,-324.72314
86089.25,-425.9668,-320.24744,-379.27637,-324.86743
86110.23,-426.10864,-320.3916,-379.4204,-325.01147
86131.2,-426.25073,-320.53564,-379.5647,-325.15576
86152.18,-426.39258,-320.6798,-379.70874,-325.2998
86173.16,-426.53467,-320.82422,-379.85303,-325.44434
86194.13,-426.67676,-320.96826,-379.9973,-325.58838
86215.11,-426.8186,-321.11255,-380.14136,-325.73242
86236.086,-426.9607,-321.2566,-380.28564,-325.8767
86257.06,-427.10254,-321.401,-380.4297,-326.021
86278.05,-427.24463,-321.54517,-380.57397,-326.16504
86299.02,-427.38647,-321.6892,-380.71826,-326.30933
86320.0,-427.52856,-321.83362,-380.8623,-326.4536
86340.98,-427.6704,-321.97778,-381.00684,-326.5979
86361.95,-427.81274,-322.12195,-381.15088,-326.74194
86382.93,-427.9546,-322.266,-381.29492,-326.886
86403.91,-428.09644,-322.41016,-381.4392,-327.03027
86424.88,-428.23853,-322.55457,-381.5835,-327.17456
86445.86,-428.38037,-322.69873,-381.72778,-327.3186
86466.836,-428.5227,-322.8429,-381.87183,-327.4629
86487.81,-428.66455,-322.98694,-382.01587,-327.60693
86508.79,-428.80664,-323.13135,-382.16016,-327.75146
86529.766,-428.9485,-323.2755,-382.30444,-327.8955
86550.74,-429.09033,-323.41968,-382.4485,-328.03955
86571.72,-429.23267,-323.56372,-382.59277,-328.18384
86592.695,-429.3745,-323.708,-382.73682,-328.32788
86613.67,-429.5166,-323.8523,-382.8811,-328.4724
86634.65,-429.65845,-323.99634,-383.0254,-328.61646
86655.625,-429.80054,-324.14062,-383.16968,-328.76074
86676.6,-429.94263,-324.28467,-383.31372,-328.9048
86697.58,-430.08447,-324.4292,-383.45776,-329.04907
86718.555,-430.22656,-324.57324,-383.60205,-329.19336
86739.53,-430.3684,-324.7173,-383.74634,-329.3374
86760.516,-430.5105,-324.86157,-383.89038,-329.4817
86781.49,-430.65234,-325.00586,-384.0349,-329.62598
86802.47,-430.79443,-325.1499,-384.17896,-329.77002
86823.445,-430.93628,-325.2942,-384.32324,-329.91406
86844.42,-431.07837,-325.43823,-384.4673,-330.05835
86865.4,-431.22046,-325.58276,-384.61157,-330.20264
86886.375,-431.3623,-325.7268,-384.75586,-330.34668
86907.35,-431.5044,-325.8711,-384.8999,-330.49097
86928.33,-431.64624,-326.01514,-385.04395,-330.635
86949.305,-431.78857,-326.15942,-385.18823,-330.77954
86970.28,-431.93042,-326.3037,-385.33252,-330.92358
86991.26,-432.07227,-326.44775,-385.4768,-331.06787
87012.234,-432.21436,-326.5918,-385.62085,-331.2119
87033.21,-432.3562,-326.73608,-385.7649,-331.3562
87054.19,-432.49854,-326.88037,-385.90918,-331.5005
87075.164,-432.64014,-327.0244,-386.05322,-331.64453
87096.14,-432.78247,-327.1687,-386.19775,-331.78882
87117.12,-432.92432,-327.31274,-386.3418,-331.93286
87138.09,-433.06616,-327.45728,-386.48608,-332.07715
87159.07,-433.2085,-327.60132,-386.63013,-332.22144
87180.05,-433.3501,-327.7456,-386.7744,-332.36548
87201.02,-433.49243,-327.88965,-386.9187,-332.50952
87222.01,-433.63428,-328.03394,-387.063,-332.65405
87242.984,-433.77637,-328.17822,-387.20703,-332.7981
87263.96,-433.9182,-328.32227,-387.35132,-332.94214
87284.94,-434.0603,-328.4663,-387.49536,-333.08643
87305.914,-434.20215,-328.61084,-387.63965,-333.2307
87326.89,-434.34424,-328.75488,-387.78394,-333.375
87347.87,-434.48633,-328.89917,-387.92798,-333.51904
87368.84,-434.62817,-329.0432,-388.07202,-333.66333
87389.82,-434.77026,-329.1875,-388.2163,-333.80762
87410.8,-434.9121,-329.3318,-388.36035,-333.95166
87431.77,-435.0542,-329.47583,-388.50488,-334.09595
87452.75,-435.19604,-329.61987,-388.64893,-334.24
87473.73,-435.33813,-329.76416,-388.7932,-334.38428
87494.7,-435.48022,-329.90845,-388.93726,-334.52856
87515.68,-435.62207,-330.05273,-389.08154,-334.6726
87536.66,-435.76416,-330.19678,-389.22583,-334.8169
87557.63,-435.906,-330.34106,-389.36987,-334.96094
87578.61,-436.0481,-330.48535,-389.51416,-335.10498
87599.586,-436.1902,-330.6294,-389.6582,-335.2495
87620.56,-436.33203,-330.77368,-389.8025,-335.3938
87641.54,-436.47412,-330.91772,-389.94678,-335.53784
87662.516,-436.61597,-331.062,-390.09082,-335.6819
87683.5,-436.75806,-331.2063,-390.2351,-335.82617
87704.48,-436.90015,-331.35034,-390.3794,-335.97046
87725.45,-437.042,-331.49463,-390.52344,-336.1145
87746.43,-437.18408,-331.63892,-390.66748,-336.2588
87767.41,-437.32617,-331.78296,-390.812,-336.40308
87788.38,-437.46802,-331.92725,-390.95605,-336.54712
87809.36,-437.60986,-332.0713,-391.10034,-336.6914
87830.336,-437.75195,-332.21558,-391.2444,-336.8357
87851.31,-437.89404,-332.35986,-391.38867,-336.97998
87872.29,-438.03613,-332.50415,-391.53296,-337.12402
87893.266,-438.17798,-332.6482,-391.677,-337.26807
87914.24,-438.31982,-332.79224,-391.8213,-337.41235
87935.22,-438.4619,-332.93652,-391.96533,-337.5564
87956.195,-438.604,-333.0808,-392.10962,-337.70068
87977.17,-438.7461,-333.22485,-392.2539,-337.84497
87998.15,-438.88794,-333.36914,-392.39795,-337.98926
88019.125,-439.0298,-333.51343,-392.54224,-338.1333
88040.1,-439.17188,-333.6577,-392.68628,-338.2776
88061.08,-439.31396,-333.80176,-392.83057,-338.42188
88082.055,-439.45605,-333.9458,-392.97485,-338.56592
88103.03,-439.5979,-334.0901,-393.1189,-338.70996
88124.01,-439.74,-334.23413,-393.26318,-338.85425
88144.99,-439.88208,-334.37842,-393.40747,-338.99854
88165.97,-440.02393,-334.5227,-393.5515,-339.14258
88186.945,-440.16577,-334.66675,-393.6958,-339.28687
88207.92,-440.30786,-334.81104,-393.8401,-339.43115
88228.9,-440.44995,-334.95532,-393.98413,-339.5752
88249.875,-440.59204,-335.0996,-394.12842,-339.71948
88270.85,-440.7339,-335.24365,-394.27246,-339.86377
88291.83,-440.87573,-335.38794,-394.41675,-340.00806
88312.805,-441.01782,-335.53223,-394.56104,-340.1521
88333.78,-441.1599,-335.67627,-394.70532,-340.29614
88354.76,-441.302,-335.8203,-394.84937,-340.44043
88375.734,-441.44385,-335.9646,-394.9934,-340.58472
88396.71,-441.5857,-336.1089,-395.1377,-340.729
88417.69,-441.72778,-336.25293,-395.28174,-340.87305
88438.664,-441.86987,-336.39722,-395.42603,-341.01733
88459.64,-442.01172,-336.54126,-395.5703,-341.16138
88480.62,-442.1538,-336.6858,-395.7141,-341.30566
88501.59,-442.29565,-336.82983,-395.85596,-341.44995
88522.57,-442.43774,-336.97412,-395.99805,-341.594
88543.55,-442.5796,-337.11816,-396.1399,-341.73804
88564.52,-442.72168,-337.26245,-396.28174,-341.88232
88585.5,-442.86377,-337.40674,-396.42407,-342.02637
88606.48,-443.0056,-337.55078,-396.56592,-342.1709
88627.46,-443.14795,-337.69482,-396.708,-342.31494
88648.44,-443.2898,-337.83936,-396.8501,-342.45923
88669.414,-443.43164,-337.9834,-396.99194,-342.60352
88690.39,-443.57373,-338.1277,-397.1338,-342.74756
88711.37,-443.71582,-338.27173,-397.27588,-342.89185
88732.34,-443.85767,-338.41602,-397.41772,-343.03613
88753.32,-443.99976,-338.5603,-397.56006,-343.18018
88774.3,-444.1416,-338.70435,-397.7019,-343.32446
88795.27,-444.2837,-338.8484,-397.844,-343.4685
88816.25,-444.42578,-338.99268,-397.98584,-343.6128
88837.23,-444.56763,-339.13696,-398.1277,-343.75708
88858.2,-444.70972,-339.28125,-398.27002,-343.90112
88879.18,-444.85156,-339.4253,-398.41187,-344.0454
88900.16,-444.99365,-339.56958,-398.55396,-344.18945
88921.13,-445.1355,-339.71387,-398.6958,-344.3335
88942.11,-445.2776,-339.8579,-398.83765,-344.47803
88963.086,-445.41968,-340.0022,-398.97974,-344.62207
88984.06,-445.56152,-340.14624,-399.12183,-344.76636
89005.04,-445.7036,-340.29053,-399.26392,-344.9104
89026.016,-445.84546,-340.4348,-399.40576,-345.0547
89046.99,-445.98755,-340.57886,-399.5476,-345.19897
89067.97,-446.12964,-340.72314,-399.6897,-345.34302
89088.95,-446.27173,-340.86743,-399.8318,-345.4873
89109.93,-446.41357,-341.01147,-399.97363,-345.6316
89130.91,-446.55566,-341.15576,-400.11572,-345.77563
89151.88,-446.69775,-341.2998,-400.2578,-345.91992
89172.86,-446.8396,-341.4441,-400.39966,-346.0642
89193.836,-446.9817,-341.58838,-400.54175,-346.2085
89214.81,-447.12354,-341.73242,-400.6836,-346.35254
89235.79,-447.26562,-341.8767,-400.82568,-346.49658
89256.766,-447.40747,-342.02075,-400.96777,-346.64087
89277.74,-447.54956,-342.16504,-401.10962,-346.78516
89298.72,-447.69165,-342.30933,-401.2517,-346.9292
89319.695,-447.8335,-342.45337,-401.39355,-347.0735
89340.67,-447.9756,-342.59766,-401.53564,-347.21753
89361.65,-448.11743,-342.74194,-401.67773,-347.36182
89382.625,-448.25952,-342.88623,-401.81982,-347.5061
89403.6,-448.4016,-343.03027,-401.96167,-347.65015
89424.58,-448.54346,-343.17432,-402.10352,-347.79443
89445.555,-448.68555,-343.3186,-402.2456,-347.93848
89466.53,-448.8274,-343.4629,-402.38745,-348.08276
89487.51,-448.96948,-343.60693,-402.5298,-348.22705
89508.484,-449.11157,-343.75122,-402.67163,-348.37134
89529.46,-449.25342,-343.89526,-402.81348,-348.51538
89550.445,-449.3955,-344.03955,-402.95557,-348.65967
89571.42,-449.5376,-344.18384,-403.0974,-348.8037
89592.4,-449.67944,-344.32788,-403.2395,-348.948
89613.375,-449.82153,-344.47217,-403.38135,-349.0923
89634.35,-449.96362,-344.61646,-403.52368,-349.23657
89655.33,-450.10547,-344.7605,-403.66553,-349.3806
89676.305,-450.24756,-344.9048,-403.80762,-349.52466
89697.28,-450.3894,-345.04883,-403.94946,-349.66895
89718.26,-450.5315,-345.19336,-404.0913,-349.81323
89739.234,-450.67334,-345.3374,-404.23364,-349.95728
89760.21,-450.81543,-345.48145,-404.3755,-350.10156
89781.19,-450.95752,-345.62573,-404.51758,-350.2456
89802.164,-451.09937,-345.77002,-404.65942,-350.3899
89823.14,-451.24146,-345.9143,-404.8015,-350.53418
89844.12,-451.3833,-346.05835,-404.9436,-350.67847
89865.09,-451.5254,-346.2024,-405.08545,-350.8225
89886.07,-451.66748,-346.34668,-405.22754,-350.96655
89907.05,-451.80933,-346.49097,-405.3694,-351.11084
89928.02,-451.95117,-346.635,-405.51147,-351.25513
89949.0,-452.09326,-346.7793,-405.65356,-351.3994
89969.98,-452.23535,-346.92334,-405.7954,-351.54346
89990.95,-452.37744,-347.06763,-405.9375,-351.6875
90011.93,-452.5193,-347.2119,-406.0791,-351.8318
90032.914,-452.66138,-347.35596,-406.22144,-351.97607
90053.89,-452.80347,-347.5005,-406.36328,-352.12036
90074.87,-452.9453,-347.64453,-406.50537,-352.26465
90095.84,-453.0874,-347.78857,-406.64722,-352.4087
90116.82,-453.22925,-347.93286,-406.78955,-352.55273
90137.8,-453.37134,-348.0769,-406.9314,-352.69702
90158.77,-453.51343,-348.22144,-407.07324,-352.8413
90179.75,-453.65527,-348.36548,-407.21533,-352.9856
90200.73,-453.79712,-348.50977,-407.35718,-353.12964
90221.7,-453.9392,-348.6538,-407.4995,-353.27368
90242.68,-454.0813,-348.7981,-407.6411,-353.41797
90263.66,-454.2234,-348.94238,-407.78345,-353.562
90284.63,-454.36523,-349.08643,-407.9253,-353.70654
90305.61,-454.50708,-349.23047,-408.06714,-353.8506
90326.586,-454.64917,-349.37476,-408.20947,-353.99487
90347.56,-454.79126,-349.51904,-408.35107,-354.13892
90368.54,-454.93335,-349.66333,-408.4934,-354.2832
90389.516,-455.0752,-349.80737,-408.63525,-354.4275
90410.49,-455.21704,-349.95142,-408.77734,-354.57153
90431.47,-455.35913,-350.0957,-408.91943,-354.71558
90452.445,-455.50122,-350.23975,-409.06104,-354.85986
90473.42,-455.64307,-350.38428,-409.20337,-355.00415
90494.41,-455.78516,-350.52856,-409.34546,-355.14844
90515.38,-455.92725,-350.6726,-409.4873,-355.29272
90536.36,-456.06934,-350.8169,-409.62915,-355.43677
90557.336,-456.21118,-350.96094,-409.77124,-355.5808
90578.31,-456.35303,-351.10522,-409.9131,-355.7251
90599.29,-456.49512,-351.24927,-410.05542,-355.8694
90620.266,-456.6372,-351.39355,-410.19702,-356.01367
90641.24,-456.7793,-351.53784,-410.3391,-356.1577
90662.22,-456.92114,-351.6819,-410.4812,-356.302
90683.195,-457.063,-351.82617,-410.62305,-356.44604
90704.17,-457.20508,-351.97046,-410.76538,-356.59033
90725.15,-457.34717,-352.11475,-410.90698,-356.73462
90746.125,-457.48926,-352.25854,-411.04907,-356.87866
90767.1,-457.6311,-352.40283,-411.19116,-357.02295
90788.08,-457.77295,-352.54712,-411.333,-357.167
90809.055,-457.91504,-352.6914,-411.47534,-357.31128
90830.03,-458.05713,-352.83545,-411.61694,-357.45557
90851.01,-458.19897,-352.97974,-411.75928,-357.59985
90871.984,-458.34106,-353.12378,-411.90112,-357.74365
90892.96,-458.4829,-353.26807,-412.04297,-357.88794
90913.94,-458.625,-353.41235,-412.1853,-358.03223
90934.914,-458.76685,-353.5564,-412.3269,-358.1765
90955.9,-458.90894,-353.70068,-412.469,-358.3208
90976.875,-459.05103,-353.84497,-412.61108,-358.4651
90997.85,-459.1931,-353.989,-412.75293,-358.60913
91018.83,-459.3352,-354.1333,-412.89502,-358.75317
91039.805,-459.47705,-354.27734,-413.0371,-358.89746
91060.78,-459.6189,-354.42163,-413.17896,-359.04175
91081.76,-459.761,-354.56592,-413.32104,-359.1858
91102.734,-459.90308,-354.70996,-413.4629,-359.33008
91123.71,-460.04492,-354.85425,-413.60498,-359.47412
91144.69,-460.187,-354.99854,-413.74707,-359.6184
91165.664,-460.32886,-355.14282,-413.88892,-359.7627
91186.64,-460.47095,-355.28687,-414.031,-359.90698
91207.62,-460.6128,-355.4309,-414.17285,-360.05103
91228.59,-460.75488,-355.5752,-414.31494,-360.19507
91249.57,-460.89697,-355.71948,-414.45703,-360.33936
91270.55,-461.03882,-355.86353,-414.59888,-360.48364
91291.52,-461.1809,-356.0078,-414.7412,-360.62793
91312.5,-461.32275,-356.15186,-414.8828,-360.77197
91333.48,-461.46484,-356.29614,-415.0249,-360.91602
91354.45,-461.60693,-356.44043,-415.16675,-361.0603
91375.43,-461.74878,-356.58472,-415.30884,-361.2046
91396.41,-461.89087,-356.72876,-415.45117,-361.34863
91417.39,-462.03296,-356.87305,-415.59302,-361.49316
91438.37,-462.1748,-357.0171,-415.73486,-361.6372
91459.34,-462.3169,-357.16138,-415.87695,-361.78125
91480.32,-462.45898,-357.30542,-416.0188,-361.92554
91501.3,-462.60083,-357.44995,-416.1609,-362.06982
91522.27,-462.74292,-357.594,-416.30298,-362.2141
91543.25,-462.88477,-357.73828,-416.44482,-362.35815
91564.23,-463.02686,-357.88232,-416.5869,-362.5022
91585.2,-463.1687,-358.0266,-416.72876,-362.64648
91606.18,-463.3108,-358.1709,-416.87085,-362.79053
91627.16,-463.45288,-358.31494,-417.0127,-362.93506
91648.13,-463.59473,-358.45898,-417.1548,-363.0791
91669.11,-463.73682,-358.60327,-417.29688,-363.2234
91690.086,-463.87866,-358.74756,-417.43872,-363.36743
91711.06,-464.02075,-358.89185,-417.58057,-363.51172
91732.04,-464.16284,-359.0359,-417.72266,-363.656
91753.016,-464.3047,-359.17993,-417.86475,-363.80005
91773.99,-464.44678,-359.32422,-418.00684,-363.9441
91794.97,-464.58862,-359.46826,-418.14868,-364.08838
91815.945,-464.7307,-359.6128,-418.29053,-364.23267
91836.92,-464.8728,-359.75684,-418.43262,-364.37695
91857.9,-465.01465,-359.90112,-418.5747,-364.521
91878.875,-465.15674,-360.04517,-418.7168,-364.66504
91899.86,-465.29883,-360.18945,-418.85864,-364.80933
91920.836,-465.44067,-360.33374,-419.00098,-364.9536
91941.81,-465.58276,-360.47803,-419.14282,-365.09766
91962.79,-465.72485,-360.62207,-419.28467,-365.2422
91983.766,-465.8667,-360.76636,-419.42676,-365.38623
92004.74,-466.0088,-360.9104,-419.5686,-365.53052
92025.72,-466.15063,-361.0547,-419.7107,-365.67456
92046.695,-466.29272,-361.19897,-419.85278,-365.81885
92067.67,-466.43457,-361.34302,-419.99463,-365.96313
92088.65,-466.57666,-361.48706,-420.13647,-366.10718
92109.625,-466.71875,-361.63135,-420.27856,-366.25146
92130.6,-466.8606,-361.7754,-420.42065,-366.3955
92151.58,-467.0027,-361.91992,-420.56274,-366.5398
92172.555,-467.14453,-362.06396,-420.7046,-366.68408
92193.53,-467.28662,-362.20825,-420.84644,-366.82812
92214.51,-467.4287,-362.3523,-420.98853,-366.97217
92235.484,-467.57056,-362.49658,-421.1306,-367.11646
92256.46,-467.71265,-362.64087,-421.2727,-367.26074
92277.44,-467.8545,-362.7849,-421.41455,-367.40503
92298.414,-467.99658,-362.9292,-421.5564,-367.54907
92319.39,-468.13843,-363.07324,-421.6985,-367.69336
92340.37,-468.28052,-363.21753,-421.84058,-367.83765
92361.35,-468.4226,-363.36182,-421.98267,-367.9817
92382.33,-468.5647,-363.5061,-422.1245,-368.12598
92403.305,-468.70654,-363.65015,-422.26685,-368.27026
92424.28,-468.84863,-363.79443,-422.4087,-368.4143
92445.26,-468.99048,-363.93848,-422.55054,-368.5586
92466.234,-469.13257,-364.08252,-422.69263,-368.70264
92487.21,-469.27466,-364.22705,-422.83447,-368.84692
92508.19,-469.4165,-364.3711,-422.9768,-368.9912
92529.164,-469.5586,-364.51538,-423.11865,-369.13525
92550.14,-469.70068,-364.65942,-423.2605,-369.27954
92571.12,-469.84253,-364.8037,-423.40234,-369.42358
92592.09,-469.98438,-364.948,-423.54443,-369.56787
92613.07,-470.12646,-365.09204,-423.68677,-369.71216
92634.05,-470.26855,-365.23633,-423.82837,-369.8562
92655.02,-470.41064,-365.38037,-423.97046,-370.0005
92676.0,-470.5525,-365.52466,-424.1123,-370.14453
92696.98,-470.69434,-365.66895,-424.2544,-370.28906
92717.95,-470.83643,-365.813,-424.39648,-370.4331
92738.93,-470.97852,-365.95728,-424.53833,-370.57715
92759.91,-471.12036,-366.10132,-424.68042,-370.72144
92780.88,-471.26245,-366.2456,-424.82227,-370.86572
92801.86,-471.4043,-366.3899,-424.96436,-371.01
92822.84,-471.5464,-366.53418,-425.10645,-371.15405
92843.82,-471.68848,-366.67822,-425.24854,-371.29834
92864.8,-471.83032,-366.8225,-425.39038,-371.44263
92885.77,-471.97217,-366.96655,-425.53247,-371.58667
92906.75,-472.1145,-367.11084,-425.67432,-371.7307
92927.73,-472.25635,-367.25513,-425.8164,-371.875
92948.7,-472.39844,-367.39917,-425.9585,-372.0193
92969.68,-472.54028,-367.54346,-426.10034,-372.16333
92990.66,-472.68237,-367.6875,-426.24243,-372.30762
93011.63,-472.82446,-367.8318,-426.38428,-372.45166
93032.61,-472.9663,-367.97607,-426.52637,-372.5962
93053.586,-473.1084,-368.12036,-426.66846,-372.74023
93074.56,-473.25024,-368.2644,-426.8103,-372.88428
93095.54,-473.39233,-368.40845,-426.9524,-373.02856
93116.516,-473.53442,-368.55273,-427.09424,-373.1726
93137.49,-473.67627,-368.69702,-427.23633,-373.31714
93158.47,-473.81836,-368.84106,-427.37817,-373.46118
93179.445,-473.9602,-368.98535,-427.52026,-373.60547
93200.42,-474.1023,-369.1294,-427.66235,-373.7495
93221.4,-474.2444,-369.27393,-427.8042,-373.8938
93242.375,-474.38623,-369.41797,-427.9463,-374.0381
93263.35,-474.52832,-369.56226,-428.08813,-374.18213
93284.33,-474.67017,-369.7063,-428.23022,-374.32617
93305.31,-474.81226,-369.8506,-428.3723,-374.4707
93326.29,-474.9541,-369.99463,-428.5144,-374.61475
93347.266,-475.0962,-370.13892,-428.65625,-374.7588
93368.24,-475.23804,-370.2832,-428.79834,-374.90308
93389.22,-475.38037,-370.4275,-428.9402,-375.04736
93410.195,-475.52197,-370.57153,-429.08228,-375.1914
93431.17,-475.6643,-370.71558,-429.22437,-375.3357
93452.15,-475.80615,-370.85986,-429.3662,-375.47998
93473.125,-475.948,-371.00415,-429.5083,-375.62427
93494.1,-476.09033,-371.14844,-429.65015,-375.7683
93515.08,-476.23193,-371.29248,-429.79224,-375.9126
93536.055,-476.37427,-371.43652,-429.93433,-376.05664
93557.03,-476.5161,-371.5808,-430.07617,-376.20068
93578.01,-476.6582,-371.7251,-430.21826,-376.34497
93598.984,-476.80005,-371.86914,-430.3601,-376.48926
93619.96,-476.9419,-372.01343,-430.5022,-376.63354
93640.94,-477.08423,-372.1577,-430.64404,-376.7776
93661.914,-477.22607,-372.302,-430.78613,-376.92188
93682.89,-477.36816,-372.44604,-430.92822,-377.06616
93703.87,-477.51,-372.59033,-431.07007,-377.21045
93724.84,-477.6521,-372.73438,-431.21216,-377.35425
93745.82,-477.7942,-372.87842,-431.354,-377.49854
93766.805,-477.93604,-373.02295,-431.4961,-377.64282
93787.78,-478.07788,-373.167,-431.63818,-377.78687
93808.76,-478.21997,-373.31104,-431.78027,-377.93115
93829.734,-478.36206,-373.45557,-431.92212,-378.07544
93850.71,-478.5039,-373.5996,-432.0642,-378.21973
93871.69,-478.646,-373.7439,-432.20605,-378.36377
93892.664,-478.78784,-373.88794,-432.34814,-378.50806
93913.64,-478.92993,-374.03223,-432.49023,-378.6521
93934.62,-479.07202,-374.1765,-432.63208,-378.7964
93955.59,-479.21387,-374.32056,-432.77417,-378.94067
93976.57,-479.35596,-374.46484,-432.91602,-379.08472
93997.55,-479.4978,-374.6089,-433.0581,-379.229
94018.52,-479.64014,-374.75317,-433.19995,-379.37305
94039.5,-479.78198,-374.89746,-433.34204,-379.51758
94060.48,-479.92383,-375.0415,-433.48413,-379.66162
94081.45,-480.06592,-375.1858,-433.62598,-379.80566
94102.43,-480.20776,-375.32983,-433.76782,-379.94995
94123.41,-480.3501,-375.47412,-433.9099,-380.09424
94144.38,-480.49194,-375.6184,-434.052,-380.23853
94165.36,-480.63403,-375.76245,-434.1941,-380.38257
94186.336,-480.77588,-375.90674,-434.33594,-380.5266
94207.31,-480.91772,-376.05078,-434.47778,-380.6709
94228.3,-481.0598,-376.19507,-434.62012,-380.8152
94249.27,-481.20166,-376.33936,-434.76196,-380.95923
94270.25,-481.34375,-376.48364,-434.90405,-381.10352
94291.23,-481.48584,-376.6277,-435.0459,-381.2478
94312.2,-481.62793,-376.77197,-435.188,-381.39185
94333.18,-481.76978,-376.91602,-435.33008,-381.53613
94354.16,-481.91162,-377.0603,-435.47192,-381.68018
94375.13,-482.0537,-377.2046,-435.61377,-381.8247
94396.11,-482.1958,-377.34888,-435.75586,-381.96875
94417.086,-482.3379,-377.49292,-435.89795,-382.1128
94438.06,-482.47974,-377.63696,-436.04004,-382.25708
94459.04,-482.62183,-377.78125,-436.1819,-382.40112
94480.016,-482.76367,-377.92554,-436.32373,-382.54565
94500.99,-482.90576,-378.06958,-436.46582,-382.6897
94521.97,-483.04785,-378.21387,-436.6079,-382.83398
94542.945,-483.1897,-378.3579,-436.75,-382.97803
94563.92,-483.3318,-378.50244,-436.89185,-383.1223
94584.9,-483.47363,-378.64648,-437.0337,-383.2666
94605.875,-483.61572,-378.79053,-437.17578,-383.41064
94626.85,-483.7578,-378.9348,-437.31787,-383.5547
94647.83,-483.89966,-379.07886,-437.45996,-383.69897
94668.805,-484.04175,-379.2234,-437.6018,-383.84326
94689.79,-484.1836,-379.36743,-437.7439,-383.9873
94710.766,-484.32568,-379.51172,-437.886,-384.1316
94731.74,-484.46753,-379.656,-438.02783,-384.27588
94752.72,-484.60962,-379.80005,-438.16968,-384.41992
94773.695,-484.7517,-379.9441,-438.31177,-384.5642
94794.67,-484.89355,-380.08838,-438.45386,-384.70825
94815.65,-485.03564,-380.23267,-438.59595,-384.85278
94836.625,-485.1775,-380.37695,-438.7378,-384.99683
94857.6,-485.31958,-380.521,-438.87964,-385.1411
94878.58,-485.46143,-380.66504,-439.02173,-385.28516
94899.555,-485.60376,-380.80933,-439.16382,-385.4292
94920.53,-485.7456,-380.9536,-439.3059,-385.57373
94941.51,-485.88745,-381.09766,-439.44775,-385.71777
94962.484,-486.02954,-381.24194,-439.5896,-385.86206
94983.46,-486.1714,-381.386,-439.7317,-386.0061
95004.44,-486.31372,-381.53052,-439.87378,-386.1504
95025.414,-486.45557,-381.67456,-440.01562,-386.29468
95046.39,-486.59766,-381.81885,-440.1577,-386.43872
95067.37,-486.7395,-381.9629,-440.29956,-386.58276
95088.34,-486.88135,-382.10693,-440.44165,-386.72705
95109.32,-487.02368,-382.25146,-440.5835,-386.87134
95130.3,-487.16553,-382.3955,-440.7256,-387.01562
95151.27,-487.30762,-382.5398,-440.86768,-387.15967
95172.26,-487.44946,-382.68408,-441.00952,-387.30396
95193.234,-487.59155,-382.82812,-441.15186,-387.44824
95214.21,-487.73364,-382.9724,-441.2937,-387.5923
95235.19,-487.8755,-383.11646,-441.43555,-387.73633
95256.164,-488.01733,-383.26074,-441.57764,-387.88086
95277.14,-488.15942,-383.40503,-441.71973,-388.0249
95298.12,-488.3015,-383.54907,-441.86157,-388.1692
95319.09,-488.44336,-383.6931,-442.00366,-388.31323
95340.07,-488.58545,-383.8374,-442.1455,-388.45752
95361.05,-488.7273,-383.9817,-442.2876,-388.6018
95382.02,-488.8694,-384.12598,-442.4297,-388.74585
95403.0,-489.01147,-384.27002,-442.57153,-388.89014
95423.98,-489.15332,-384.41406,-442.71362,-389.03418
95444.95,-489.2954,-384.5586,-442.85547,-389.17847
95465.93,-489.43726,-384.70264,-442.99756,-389.32275
95486.91,-489.5796,-384.84692,-443.1394,-389.4668
95507.88,-489.72144,-384.99097,-443.2815,-389.61108
95528.86,-489.86328,-385.13525,-443.42358,-389.75513
95549.836,-490.00537,-385.27954,-443.56543,-389.8994
95570.81,-490.14722,-385.42358,-443.70752,-390.0437
95591.79,-490.28955,-385.56787,-443.84937,-390.18774
95612.766,-490.43115,-385.7119,-443.99146,-390.33203
95633.75,-490.57324,-385.8562,-444.13354,-390.47632
95654.73,-490.71533,-386.0005,-444.2754,-390.62036
95675.7,-490.85742,-386.14453,-444.41748,-390.76465
95696.68,-490.9995,-386.28882,-444.55957,-390.90894
95717.66,-491.14136,-386.4331,-444.70142,-391.05322
95738.63,-491.2832,-386.57715,-444.8435,-391.19727
95759.61,-491.4253,-386.7212,-444.98535,-391.3413
95780.586,-491.56738,-386.86548,-445.12744,-391.4856
95801.56,-491.70923,-387.00977,-445.26953,-391.62988
95822.54,-491.85132,-387.15405,-445.41138,-391.77393
95843.516,-491.99316,-387.2981,-445.55347,-391.9182
95864.49,-492.13525,-387.44238,-445.69556,-392.06226
95885.47,-492.27734,-387.58667,-445.8374,-392.20654
95906.445,-492.4192,-387.73096,-445.9795,-392.35083
95927.42,-492.56128,-387.875,-446.12134,-392.49487
95948.4,-492.70312,-388.01904,-446.26343,-392.63916
95969.375,-492.8452,-388.16333,-446.40527,-392.7832
95990.35,-492.98706,-388.30762,-446.54736,-392.9275
96011.33,-493.12915,-388.45166,-446.68945,-393.07178
96032.305,-493.27124,-388.59595,-446.8313,-393.21606
96053.28,-493.4131,-388.74023,-446.9734,-393.3601
96074.26,-493.55518,-388.88428,-447.11523,-393.50415
96095.24,-493.69727,-389.02856,-447.25732,-393.64844
96116.22,-493.8391,-389.1726,-447.3994,-393.79272
96137.195,-493.9812,-389.3169,-447.54126,-393.937
96158.17,-494.1233,-389.46118,-447.68335,-394.0813
96179.15,-494.26514,-389.60547,-447.82544,-394.22534
96200.125,-494.40723,-389.7495,-447.9673,-394.3694
96221.1,-494.54907,-389.89355,-448.10938,-394.51367
96242.08,-494.69116,-390.03784,-448.25122,-394.6577
96263.055,-494.833,-390.18213,-448.3933,-394.802
96284.03,-494.9751,-390.32617,-448.5354,-394.9463
96305.01,-495.1172,-390.47046,-448.67725,-395.09058
96325.984,-495.25903,-390.61475,-448.81934,-395.23486
96346.96,-495.40112,-390.75903,-448.96118,-395.3789
96367.94,-495.54297,-390.90308,-449.10327,-395.5232
96388.914,-495.68506,-391.04712,-449.24536,-395.66724
96409.89,-495.82715,-391.1914,-449.3872,-395.81128
96430.87,-495.969,-391.33545,-449.5293,-395.95557
96451.84,-496.11084,-391.47974,-449.6714,-396.09985
96472.82,-496.25293,-391.62402,-449.81323,-396.24414
96493.8,-496.39502,-391.7683,-449.95508,-396.38818
96514.77,-496.5371,-391.9126,-450.09717,-396.53223
96535.75,-496.67896,-392.05664,-450.23926,-396.67676
96556.73,-496.8208,-392.20093,-450.38135,-396.8208
96577.71,-496.96313,-392.3452,-450.52295,-396.9651
96598.69,-497.10498,-392.48926,-450.66528,-397.10938
96619.664,-497.24707,-392.63354,-450.80713,-397.25342
96640.64,-497.38892,-392.7776,-450.94897,-397.39746
96661.62,-497.531,-392.92163,-451.0913,-397.54175
96682.59,-497.6731,-393.06592,-451.2329,-397.68604
96703.57,-497.81494,-393.2102,-451.37524,-397.83032
96724.55,-497.95703,-393.3545,-451.5171,-397.97437
96745.52,-498.09888,-393.49854,-451.65918,-398.11865
96766.5,-498.24097,-393.64258,-451.80103,-398.2627
96787.48,-498.38306,-393.7871,-451.94287,-398.40698
96808.45,-498.5249,-393.93115,-452.0852,-398.55127
96829.43,-498.667,-394.07544,-452.22705,-398.6953
96850.41,-498.80884,-394.21948,-452.36914,-398.8396
96871.38,-498.95093,-394.36377,-452.511,-398.98364
96892.36,-499.09302,-394.50806,-452.65308,-399.12793
96913.336,-499.23486,-394.6521,-452.79517,-399.27222
96934.31,-499.37695,-394.7964,-452.937,-399.41626
96955.29,-499.5188,-394.94043,-453.0791,-399.56055
96976.266,-499.6609,-395.08472,-453.22095,-399.7046
96997.24,-499.80273,-395.229,-453.36304,-399.84912
97018.22,-499.94482,-395.37305,-453.50513,-399.99316
97039.2,-500.0869,-395.51733,-453.64697,-400.13745
97060.18,-500.229,-395.66162,-453.78882,-400.28174
97081.16,-500.37085,-395.80566,-453.9309,-400.42578
97102.13,-500.51294,-395.9497,-454.073,-400.56982
97123.11,-500.6548,-396.094,-454.21484,-400.7141
97144.086,-500.79688,-396.23828,-454.35693,-400.8584
97165.06,-500.93896,-396.38257,-454.49878,-401.00244
97186.04,-501.0808,-396.5266,-454.6411,-401.14673
97207.016,-501.2229,-396.6709,-454.78296,-401.29077
97227.99,-501.36475,-396.8152,-454.9248,-401.43506
97248.97,-501.50684,-396.95947,-455.0669,-401.57935
97269.945,-501.64868,-397.10352,-455.20874,-401.7234
97290.92,-501.79077,-397.24756,-455.35107,-401.86768
97311.9,-501.93286,-397.39185,-455.49268,-402.01172
97332.875,-502.0747,-397.53613,-455.635,-402.15625
97353.85,-502.2168,-397.68018,-455.77686,-402.3003
97374.83,-502.35864,-397.82446,-455.9187,-402.44458
97395.805,-502.50073,-397.9685,-456.06104,-402.58862
97416.78,-502.64282,-398.1128,-456.20264,-402.73267
97437.76,-502.78467,-398.25708,-456.34497,-402.8772
97458.734,-502.92676,-398.40112,-456.48682,-403.02124
97479.71,-503.0686,-398.5454,-456.6289,-403.16528
97500.695,-503.2107,-398.6897,-456.77075,-403.3098
97521.67,-503.35278,-398.83374,-456.9126,-403.4536
97542.65,-503.49463,-398.97803,-457.0547,-403.5979
97563.625,-503.63672,-399.12207,-457.19678,-403.7422
97584.6,-503.7788,-399.2666,-457.33887,-403.88623
97605.58,-503.92065,-399.41064,-457.4807,-404.03052
97626.555,-504.06274,-399.5547,-457.6228,-404.1748
97647.53,-504.2046,-399.69897,-457.76465,-404.3186
97668.51,-504.34668,-399.84326,-457.90674,-404.46338
97689.484,-504.48877,-399.98755,-458.04858,-404.60742
97710.46,-504.6306,-400.1316,-458.19067,-404.75146
97731.44,-504.7727,-400.27563,-458.33276,-404.89575
97752.414,-504.91455,-400.41992,-458.4746,-405.0398
97773.39,-505.05664,-400.5642,-458.6167,-405.18408
97794.37,-505.19873,-400.70825,-458.75854,-405.32837
97815.34,-505.34058,-400.85254,-458.90063,-405.47266
97836.32,-505.48267,-400.99658,-459.04272,-405.61646
97857.3,-505.6245,-401.1411,-459.18457,-405.76074
97878.27,-505.7666,-401.28516,-459.32666,-405.90527
97899.25,-505.9087,-401.42944,-459.4685,-406.04907
97920.23,-506.05054,-401.5735,-459.61084,-406.19336
97941.2,-506.19263,-401.71753,-459.7527,-406.33765
97962.19,-506.33472,-401.86182,-459.89453,-406.48218
97983.164,-506.47656,-402.0061,-460.03662,-406.62598
98004.14,-506.61865,-402.15015,-460.17847,-406.77026
98025.12,-506.7605,-402.29468,-460.32056,-406.91455
98046.09,-506.9026,-402.43872,-460.4624,-407.05884
98067.07,-507.04468,-402.583,-460.6045,-407.20288
98088.05,-507.18652,-402.72705,-460.74658,-407.34717
98109.02,-507.3286,-402.87134,-460.88843,-407.49146
98130.0,-507.47046,-403.01562,-461.03052,-407.6355
98150.98,-507.61255,-403.15967,-461.17236,-407.78003
98171.95,-507.75464,-403.3037,-461.31445,-407.92383
98192.93,-507.89648,-403.448,-461.45654,-408.0681
98213.91,-508.03857,-403.5923,-461.59863,-408.2124
98234.88,-508.18042,-403.73657,-461.74048,-408.35645
98255.86,-508.3225,-403.8806,-461.88232,-408.50073
98276.836,-508.46436,-404.0249,-462.0244,-408.64502
98297.81,-508.60645,-404.1692,-462.1665,-408.78882
98318.79,-508.74854,-404.31323,-462.3086,-408.9331
98339.766,-508.89038,-404.45776,-462.45044,-409.07764
98360.74,-509.03247,-404.60156,-462.59253,-409.22168
98381.72,-509.17432,-404.74585,-462.73438,-409.36572
98402.695,-509.3164,-404.89014,-462.87646,-409.51
98423.67,-509.4585,-405.03418,-463.01855,-409.6543
98444.66,-509.6006,-405.17822,-463.1604,-409.79834
98465.63,-509.74243,-405.3225,-463.3025,-409.94238
98486.61,-509.88452,-405.4668,-463.44434,-410.0869
98507.586,-510.02637,-405.61108,-463.58643,-410.23096
98528.56,-510.16846,-405.75513,-463.72827,-410.375
98549.54,-510.31055,-405.8994,-463.87036,-410.51953
98570.516,-510.4524,-406.0437,-464.01245,-410.66357
98591.49,-510.59448,-406.1875,-464.1543,-410.80762
98612.47,-510.73633,-406.3318,-464.2964,-410.9519
98633.445,-510.87842,-406.47607,-464.43823,-411.0962
98654.42,-511.02026,-406.62012,-464.58032,-411.24023
98675.4,-511.16235,-406.76465,-464.7224,-411.38452
98696.375,-511.30444,-406.9087,-464.86426,-411.5288
98717.35,-511.4463,-407.05273,-465.00635,-411.6726
98738.33,-511.58813,-407.19727,-465.1482,-411.8169
98759.305,-511.73022,-407.3413,-465.29028,-411.96118
98780.28,-511.8723,-407.48535,-465.43213,-412.1057
98801.26,-512.0144,-407.62964,-465.57446,-412.24976
98822.234,-512.15625,-407.77393,-465.7163,-412.3938
98843.21,-512.2981,-407.91797,-465.85815,-412.5381
98864.19,-512.4402,-408.06226,-466.00024,-412.68237
98885.164,-512.5823,-408.20654,-466.1421,-412.82642
98906.15,-512.72437,-408.3506,-466.28442,-412.9707
98927.125,-512.8662,-408.49487,-466.42627,-413.115
98948.1,-513.0083,-408.63916,-466.56836,-413.25903
98969.08,-513.1504,-408.7832,-466.7102,-413.40332
98990.055,-513.29224,-408.9275,-466.8523,-413.54736
99011.03,-513.4341,-409.07178,-466.9944,-413.6919
99032.01,-513.5762,-409.21606,-467.13623,-413.83594
99052.984,-513.71826,-409.3601,-467.27832,-413.97998
99073.96,-513.86035,-409.50415,-467.42017,-414.12427
99094.94,-514.0022,-409.64844,-467.56226,-414.2683
99115.914,-514.14404,-409.79272,-467.70435,-414.4126
99136.89,-514.28613,-409.93677,-467.8462,-414.5569
99157.87,-514.4282,-410.08105,-467.98804,-414.70117
99178.84,-514.5703,-410.2251,-468.13013,-414.8452
99199.82,-514.71216,-410.36963,-468.27222,-414.98926
99220.8,-514.854,-410.51367,-468.41406,-415.1338
99241.77,-514.9961,-410.6577,-468.55615,-415.27783
99262.75,-515.1382,-410.802,-468.698,-415.42188
99283.73,-515.2803,-410.94604,-468.8401,-415.56616
99304.7,-515.4221,-411.09033,-468.98218,-415.71045
99325.68,-515.56396,-411.23462,-469.12402,-415.85474
99346.66,-515.70605,-411.3789,-469.2661,-415.99878
99367.64,-515.84814,-411.52295,-469.4082,-416.14307
99388.62,-515.99023,-411.66724,-469.5503,-416.28735
99409.59,-516.1321,-411.81152,-469.69214,-416.4314
99430.57,-516.2742,-411.95557,-469.83398,-416.57544
99451.55,-516.41626,-412.09985,-469.97607,-416.71997
99472.52,-516.5581,-412.24414,-470.11816,-416.864
99493.5,-516.7002,-412.38843,-470.26025,-417.00806
99514.48,-516.84204,-412.53223,-470.4021,-417.15234
99535.45,-516.98413,-412.6765,-470.54395,-417.29663
99556.43,-517.1262,-412.8208,-470.68604,-417.44092
99577.41,-517.26807,-412.9651,-470.82812,-417.58496
99598.38,-517.4099,-413.10913,-470.9702,-417.72925
99619.36,-517.552,-413.25342,-471.11206,-417.87354
99640.336,-517.6941,-413.3977,-471.2539,-418.01733
99661.31,-517.83594,-413.54175,-471.396,-418.16162
99682.29,-517.978,-413.68628,-471.5381,-418.30615
99703.266,-518.1199,-413.83008,-471.67993,-418.4502
99724.24,-518.26196,-413.97437,-471.82202,-418.59424
99745.22,-518.40405,-414.11865,-471.96387,-418.73853
99766.195,-518.5459,-414.2627,-472.10596,-418.8828
99787.17,-518.688,-414.40698,-472.24805,-419.02686
99808.15,-518.82983,-414.55127,-472.3899,-419.1714
99829.125,-518.9719,-414.69507,-472.53198,-419.3152
99850.11,-519.114,-414.8396,-472.67407,-419.45947
99871.086,-519.2561,-414.98364,-472.81616,-419.60352
99892.06,-519.39795,-415.12793,-472.958,-419.74805
99913.04,-519.54004,-415.27222,-473.09985,-419.8921
99934.016,-519.6819,-415.41602,-473.24194,-420.03613
99954.99,-519.824,-415.5603,-473.38403,-420.18042
99975.97,-519.96606,-415.7046,-473.52588,-420.3247
99996.945,-520.1079,-415.84863,-473.66797,-420.46875
100017.92,-529.66675,-421.41455,-477.437,-422.9546
100038.9,-529.81226,-421.5608,-477.58203,-423.1006
100059.875,-529.9573,-421.70654,-477.72754,-423.24658
100080.85,-530.1028,-421.85254,-477.87256,-423.39258
100101.83,-530.2478,-421.9983,-478.01782,-423.53833
100122.805,-530.39307,-422.14453,-478.1631,-423.68457
100143.78,-530.5383,-422.29028,-478.30835,-423.83032
100164.76,-530.68335,-422.43628,-478.45337,-423.97632
100185.734,-530.8286,-422.58228,-478.59888,-424.1223
100206.71,-530.9739,-422.72803,-478.7439,-424.2683
100227.69,-531.11914,-422.87427,-478.88916,-424.41406
100248.664,-531.2644,-423.02026,-479.03442,-424.56006
100269.64,-531.40967,-423.16602,-479.1797,-424.7063
100290.62,-531.55493,-423.312,-479.32495,-424.85205
100311.6,-531.7002,-423.45776,-479.46997,-424.99805
100332.58,-531.8452,-423.60425,-479.61548,-425.14404
100353.555,-531.9905,-423.75,-479.7605,-425.2898
100374.53,-532.13574,-423.896,-479.90576,-425.43604
100395.51,-532.281,-424.042,-480.05103,-425.58203
100416.484,-532.4263,-424.18774,-480.19604,-425.72778
100437.46,-532.5713,-424.33374,-480.3413,-425.87378
100458.44,-532.71655,-424.47998,-480.48682,-426.01978
100479.414,-532.8618,-424.62573,-480.63184,-426.16553
100500.39,-533.0071,-424.77148,-480.7771,-426.31152
100521.37,-533.1521,-424.91772,-480.92236,-426.45776
100542.34,-533.2976,-425.06372,-481.06738,-426.60352
100563.32,-533.4426,-425.20947,-481.2129,-426.7495
100584.3,-533.58813,-425.35547,-481.3579,-426.8955
100605.27,-533.73315,-425.50146,-481.50317,-427.0415
100626.25,-533.8784,-425.64746,-481.64844,-427.18726
100647.23,-534.02344,-425.79346,-481.7937,-427.33325
100668.2,-534.16895,-425.93945,-481.93872,-427.4795
100689.18,-534.31396,-426.08545,-482.08398,-427.62524
100710.16,-534.4592,-426.2312,-482.22925,-427.77124
100731.13,-534.6045,-426.3772,-482.3745,-427.91724
100752.11,-534.74976,-426.5232,-482.51978,-428.06323
100773.09,-534.895,-426.6692,-482.66504,-428.20898
100794.07,-535.04004,-426.8152,-482.8103,-428.35522
100815.05,-535.18555,-426.96094,-482.95532,-428.50122
100836.02,-535.33057,-427.10693,-483.10083,-428.64697
100857.0,-535.4761,-427.25293,-483.24585,-428.79297
100877.98,-535.6211,-427.39893,-483.3911,-428.93896
100898.95,-535.7661,-427.54468,-483.53638,-429.08496
100919.93,-535.9116,-427.69067,-483.6814,-429.2307
100940.91,-536.05664,-427.8369,-483.82666,-429.3767
100961.88,-536.2019,-427.98267,-483.97192,-429.5227
100982.86,-536.34717,-428.12866,-484.1172,-429.6687
101003.836,-536.49243,-428.27466,-484.26245,-429.8147
101024.81,-536.6377,-428.4204,-484.4077,-429.9607
101045.79,-536.78296,-428.56665,-484.55273,-430.10645
101066.766,-536.928,-428.71265,-484.69824,-430.25244
101087.74,-537.0735,-428.8584,-484.84326,-430.39844
101108.72,-537.2185,-429.0044,-484.98853,-430.54443
101129.695,-537.3638,-429.1504,-485.1338,-430.6902
101150.67,-537.5088,-429.2964,-485.27905,-430.83643
101171.65,-537.6543,-429.44238,-485.42407,-430.98242
101192.625,-537.7993,-429.58813,-485.56958,-431.12817
101213.6,-537.9446,-429.73413,-485.7146,-431.27417
101234.58,-538.08984,-429.88037,-485.85986,-431.42017
101255.56,-538.23486,-430.02612,-486.00513,-431.56592
101276.54,-538.3804,-430.17212,-486.1504,-431.71216
101297.516,-538.52563,-430.3181,-486.29565,-431.85815
101318.49,-538.6709,-430.46387,-486.44067,-432.0039
101339.47,-538.8159,-430.60986,-486.58618,-432.1499
101360.445,-538.9614,-430.7561,-486.7312,-432.2959
101381.42,-539.10645,-430.90186,-486.87646,-432.4419
101402.4,-539.25146,-431.04785,-487.02173,-432.5879
101423.375,-539.3967,-431.19385,-487.16675,-432.7339
101444.35,-539.542,-431.33984,-487.312,-432.87988
101465.33,-539.68726,-431.48584,-487.45728,-433.02563
101486.305,-539.8325,-431.6316,-487.60254,-433.17163
101507.28,-539.9778,-431.7776,-487.7478,-433.31763
101528.26,-540.12305,-431.92358,-487.89307,-433.46362
101549.234,-540.2683,-432.06958,-488.0381,-433.60938
101570.21,-540.4133,-432.21558,-488.1836,-433.7556
101591.19,-540.5586,-432.36133,-488.3286,-433.9016
101612.164,-540.70386,-432.50732,-488.47388,-434.04736
101633.14,-540.8491,-432.65332,-488.6189,-434.19336
101654.12,-540.99414,-432.79932,-488.7644,-434.33936
101675.09,-541.13965,-432.94507,-488.90967,-434.48535
101696.07,-541.28467,-433.09106,-489.05493,-434.6311
101717.055,-541.42993,-433.23706,-489.2002,-434.77734
101738.03,-541.5752,-433.38306,-489.3452,-434.9231
101759.01,-541.72046,-433.5293,-489.49048,-435.0691
101779.984,-541.8657,-433.6753,-489.63574,-435.2151
101800.96,-542.011,-433.82104,-489.781,-435.36084
101821.94,-542.15625,-433.96704,-489.92627,-435.50708
101842.914,-542.3013,-434.11304,-490.07153,-435.65283
101863.89,-542.4468,-434.25903,-490.21655,-435.79907
101884.87,-542.5918,-434.4048,-490.36182,-435.94482
101905.84,-542.73706,-434.55078,-490.50708,-436.09082
101926.82,-542.8821,-434.69678,-490.6521,-436.23682
101947.8,-543.02734,-434.84277,-490.7976,-436.38257
101968.77,-543.1726,-434.98877,-490.94263,-436.52856
101989.75,-543.3179,-435.13477,-491.0879,-436.6748
102010.73,-543.46313,-435.28052,-491.23315,-436.82056
102031.7,-543.6084,-435.4265,-491.37842,-436.9663
102052.68,-543.75366,-435.5725,-491.52344,-437.11255
102073.66,-543.8987,-435.7185,-491.66895,-437.25854
102094.63,-544.04395,-435.86426,-491.81396,-437.4043
102115.61,-544.1892,-436.01025,-491.95923,-437.5503
102136.586,-544.3345,-436.1565,-492.1045,-437.6963
102157.56,-544.4795,-436.30225,-492.24976,-437.8423
102178.55,-544.62476,-436.4485,-492.39502,-437.98828
102199.52,-544.77,-436.59424,-492.54004,-438.13428
102220.5,-544.9153,-436.74023,-492.68555,-438.28027
102241.48,-545.0608,-436.88623,-492.83057,-438.42603
102262.45,-545.2058,-437.03223,-492.97583,-438.57202
102283.43,-545.3511,-437.17798,-493.1211,-438.71826
102304.41,-545.49634,-437.32397,-493.2661,-438.864
102325.38,-545.6416,-437.46997,-493.41138,-439.01
102346.36,-545.7866,-437.61572,-493.5569,-439.156
102367.336,-545.9319,-437.76196,-493.7019,-439.30176
102388.31,-546.07715,-437.9077,-493.84717,-439.44775
102409.29,-546.2224,-438.0537,-493.99243,-439.594
102430.266,-546.36743,-438.1997,-494.1377,-439.73975
102451.24,-546.5127,-438.3457,-494.28296,-439.8855
102472.22,-546.6582,-438.4917,-494.42798,-440.03174
102493.195,-546.8032,-438.63745,-494.57324,-440.17773
102514.17,-546.9485,-438.78345,-494.7185,-440.3235
102535.15,-547.0935,-438.9297,-494.86377,-440.46948
102556.125,-547.239,-439.07568,-495.0088,-440.61548
102577.1,-547.38403,-439.2212,-495.15405,-440.76147
102598.08,-547.5293,-439.36743,-495.29932,-440.90747
102619.055,-547.67456,-439.51343,-495.44458,-441.05322
102640.04,-547.8198,-439.65918,-495.58984,-441.19922
102661.016,-547.9651,-439.80542,-495.73486,-441.3452
102681.99,-548.1101,-439.95142,-495.88037,-441.4912
102702.97,-548.2554,-440.09717,-496.0254,-441.6372
102723.945,-548.40063,-440.24316,-496.1709,-441.7832
102744.92,-548.54614,-440.38916,-496.31592,-441.9292
102765.9,-548.69116,-440.5349,-496.46118,-442.0752
102786.875,-548.8364,-440.6809,-496.60645,-442.22095
102807.85,-548.9817,-440.8269,-496.7517,-442.36694
102828.83,-549.1267,-440.9729,-496.89673,-442.51294
102849.805,-549.272,-441.1189,-497.04224,-442.65894
102870.78,-549.41724,-441.2649,-497.18726,-442.8047
102891.76,-549.5625,-441.4109,-497.33252,-442.95093
102912.734,-549.70776,-441.55664,-497.47778,-443.09692
102933.71,-549.853,-441.70264,-497.62305,-443.24268
102954.69,-549.9983,-441.84888,-497.7683,-443.38867
102975.664,-550.14355,-441.99463,-497.91333,-443.53467
102996.64,-550.2886,-442.14062,-498.0586,-443.68066
103017.62,-550.43384,-442.28662,-498.2036,-443.82642
103038.59,-550.57886,-442.43262,-498.34912,-443.9724
103059.57,-550.72437,-442.57837,-498.49414,-444.11865
103080.55,-550.8694,-442.72437,-498.6394,-444.2644
103101.52,-551.01465,-442.87036,-498.78467,-444.4104
103122.51,-551.1599,-443.01636,-498.93018,-444.5564
103143.484,-551.3052,-443.16235,-499.0752,-444.70215
103164.46,-551.45044,-443.30835,-499.22046,-444.8484
103185.44,-551.59546,-443.4541,-499.36572,-444.9944
103206.414,-551.74097,-443.6001,-499.51074,-445.14014
103227.39,-551.886,-443.7461,-499.65625,-445.28613
103248.37,-552.0315,-443.8921,-499.80127,-445.43213
103269.34,-552.1765,-444.0381,-499.94653,-445.57788
103290.32,-552.3218,-444.18408,-500.0918,-445.72388
103311.3,-552.4668,-444.33008,-500.23706,-445.87012
103332.27,-552.6123,-444.47607,-500.38208,-446.01587
103353.25,-552.7573,-444.62183,-500.52734,-446.16187
103374.23,-552.9026,-444.76782,-500.6726,-446.30786
103395.2,-553.04785,-444.91382,-500.81787,-446.45386
103416.18,-553.1931,-445.05957,-500.96313,-446.5996
103437.16,-553.3384,-445.2058,-501.1084,-446.7456
103458.13,-553.48364,-445.3518,-501.25366,-446.8916
103479.11,-553.62866,-445.49756,-501.39868,-447.0376
103500.086,-553.7739,-445.64355,-501.54395,-447.1836
103521.06,-553.9192,-445.78955,-501.68896,-447.32935
103542.04,-554.0642,-445.9353,-501.83447,-447.4756
103563.016,-554.2097,-446.0813,-501.9795,-447.62134
103584.0,-554.355,-446.22754,-502.12476,-447.76733
103604.98,-554.5,-446.3733,-502.27002,-447.91357
103625.95,-554.64526,-446.5193,-502.41528,-448.05933
103646.93,-554.7905,-446.66528,-502.56055,-448.20532
103667.91,-554.9358,-446.81104,-502.7058,-448.35132
103688.88,-555.08105,-446.95728,-502.85107,-448.49707
103709.86,-555.2263,-447.10327,-502.9961,-448.64307
103730.836,-555.37134,-447.24927,-503.1416,-448.78906
103751.81,-555.51685,-447.39502,-503.28662,-448.93506
103772.79,-555.66187,-447.54102,-503.4319,-449.08105
103793.766,-555.8071,-447.687,-503.57715,-449.22705
103814.74,-555.95215,-447.83276,-503.7224,-449.37305
103835.72,-556.09766,-447.97876,-503.86743,-449.5188
103856.695,-556.2427,-448.125,-504.01294,-449.6648
103877.67,-556.38794,-448.27075,-504.15796,-449.8108
103898.65,-556.5332,-448.41675,-504.30322,-449.9568
103919.625,-556.6782,-448.56274,-504.4485,-450.10254
103940.6,-556.8237,-448.70874,-504.5935,-450.24878
103961.58,-556.969,-448.8545,-504.73877,-450.39478
103982.555,-557.114,-449.0005,-504.88403,-450.54053
104003.53,-557.2593,-449.14648,-505.0293,-450.68652
104024.51,-557.40454,-449.29248,-505.17432,-450.83252
104045.49,-557.5498,-449.43848,-505.31982,-450.97852
104066.47,-557.6948,-449.58447,-505.4651,-451.1245
104087.445,-557.8401,-449.73047,-505.6101,-451.27026
104108.42,-557.98535,-449.87646,-505.75537,-451.41626
104129.4,-558.1306,-450.02222,-505.90063,-451.56226
104150.375,-558.2759,-450.16846,-506.0459,-451.70825
104171.35,-558.42114,-450.3142,-506.19116,-451.854
104192.33,-558.5664,-450.4602,-506.33643,-452.00024
104213.305,-558.7117,-450.6062,-506.48145,-452.14624
104234.28,-558.8567,-450.75195,-506.62695,-452.29224
104255.26,-559.00195,-450.89795,-506.77197,-452.438
104276.234,-559.1472,-451.0442,-506.91724,-452.58398
104297.21,-559.2925,-451.18994,-507.06226,-452.72998
104318.19,-559.4375,-451.3357,-507.20776,-452.87598
104339.164,-559.583,-451.48193,-507.35303,-453.02173
104360.14,-559.728,-451.62793,-507.4983,-453.16772
104381.12,-559.87354,-451.77368,-507.6433,-453.31396
104402.09,-560.01855,-451.91968,-507.78857,-453.45972
104423.07,-560.1636,-452.06567,-507.93384,-453.6057
104444.05,-560.3091,-452.21143,-508.07886,-453.7517
104465.02,-560.4541,-452.35767,-508.22412,-453.89746
104486.0,-560.59937,-452.50366,-508.3694,-454.04346
104506.98,-560.7446,-452.64966,-508.51465,-454.18945
104527.96,-560.89014,-452.7954,-508.6599,-454.33545
104548.94,-561.03516,-452.9414,-508.80518,-454.48145
104569.914,-561.1804,-453.0874,-508.95044,-454.62744
104590.89,-561.32544,-453.2334,-509.09546,-454.7732
104611.87,-561.4707,-453.3794,-509.24097,-454.91943
104632.84,-561.61597,-453.5254,-509.386,-455.06543
104653.82,-561.7612,-453.67114,-509.53125,-455.21118
104674.8,-561.9065,-453.81714,-509.6765,-455.35718
104695.77,-562.05176,-453.96338,-509.82178,-455.50317
104716.75,-562.197,-454.10913,-509.9668,-455.64917
104737.73,-562.34204,-454.25488,-510.1123,-455.79492
104758.7,-562.4873,-454.40112,-510.25732,-455.94092
104779.68,-562.63257,-454.54712,-510.4026,-456.0869
104800.66,-562.77783,-454.69287,-510.54785,-456.2329
104821.63,-562.92285,-454.83887,-510.6931,-456.3789
104842.61,-563.06836,-454.98486,-510.83838,-456.5249
104863.586,-563.2134,-455.13086,-510.98364,-456.6709
104884.56,-563.3589,-455.27686,-511.12866,-456.81665
104905.54,-563.5039,-455.4226,-511.27393,-456.96265
104926.516,-563.6489,-455.56885,-511.4192,-457.10864
104947.49,-563.7942,-455.7146,-511.5642,-457.2544
104968.47,-563.93945,-455.8606,-511.70947,-457.40063
104989.45,-564.08496,-456.0066,-511.85474,-457.54663
105010.43,-564.23,-456.1526,-512.00024,-457.69238
105031.41,-564.37524,-456.29858,-512.14526,-457.83862
105052.38,-564.5205,-456.44434,-512.2905,-457.98462
105073.36,-564.6658,-456.59033,-512.4358,-458.13037
105094.336,-564.8108,-456.73633,-512.58105,-458.27637
105115.31,-564.95605,-456.88232,-512.7263,-458.42236
105136.29,-565.10156,-457.02808,-512.87134,-458.56836
105157.266,-565.2466,-457.17407,-513.0166,-458.7141
105178.24,-565.39185,-457.3203,-513.16187,-458.8601
105199.22,-565.53687,-457.46606,-513.3071,-459.0061
105220.195,-565.6824,-457.61206,-513.45215,-459.1521
105241.17,-565.8274,-457.75806,-513.5974,-459.2981
105262.15,-565.97266,-457.90405,-513.7427,-459.44385
105283.125,-566.1179,-458.0498,-513.88794,-459.5901
105304.1,-566.2632,-458.1958,-514.0332,-459.73584
105325.08,-566.40845,-458.3418,-514.17847,-459.88184
105346.055,-566.5537,-458.4878,-514.3237,-460.02783
105367.03,-566.6987,-458.6338,-514.469,-460.17358
105388.01,-566.84424,-458.7798,-514.614,-460.31982
105408.984,-566.98926,-458.92578,-514.7593,-460.46582
105429.96,-567.1345,-459.07153,-514.90454,-460.61157
105450.945,-567.2798,-459.21777,-515.0498,-460.7578
105471.92,-567.42505,-459.36377,-515.19507,-460.90356
105492.9,-567.57007,-459.50952,-515.3401,-461.04932
105513.875,-567.71533,-459.65552,-515.4856,-461.19556
105534.85,-567.8606,-459.8015,-515.6306,-461.34155
105555.83,-568.00586,-459.94727,-515.7759,-461.4873
105576.805,-568.1511,-460.09326,-515.92114,-461.6333
105597.78,-568.2964,-460.2395,-516.0664,-461.7793
105618.76,-568.44165,-460.38525,-516.2117,-461.9253
105639.734,-568.5869,-460.53125,-516.3567,-462.0713
105660.71,-568.73193,-460.67725,-516.50195,-462.21704
105681.69,-568.8772,-460.82324,-516.647,-462.36328
105702.664,-569.0222,-460.969,-516.7925,-462.50928
105723.64,-569.1677,-461.115,-516.9375,-462.65503
105744.62,-569.31274,-461.261,-517.08276,-462.80103
105765.59,-569.458,-461.40698,-517.228,-462.94702
105786.57,-569.6033,-461.55298,-517.37354,-463.09277
105807.55,-569.74854,-461.69873,-517.51855,-463.23877
105828.52,-569.8938,-461.84473,-517.6638,-463.385
105849.5,-570.03906,-461.99072,-517.80884,-463.53076
105870.48,-570.1841,-462.13672,-517.95435,-463.67676
105891.45,-570.32935,-462.2827,-518.09937,-463.82275
105912.44,-570.47485,-462.4287,-518.2446,-463.9685
105933.414,-570.6199,-462.5747,-518.3899,-464.11475
105954.39,-570.76514,-462.72046,-518.53516,-464.26074
105975.37,-570.91016,-462.86646,-518.6804,-464.4065
105996.34,-571.05566,-463.0127,-518.82544,-464.5525
106017.32,-571.2007,-463.15845,-518.9707,-464.6985
106038.3,-571.34595,-463.30444,-519.11597,-464.84424
106059.27,-571.4912,-463.45044,-519.2612,-464.99023
106080.25,-571.6365,-463.59644,-519.4065,-465.13623
106101.23,-571.78174,-463.74243,-519.55176,-465.28247
106122.2,-571.927,-463.88818,-519.697,-465.42822
106143.18,-572.072,-464.03418,-519.84204,-465.57422
106164.16,-572.2173,-464.18018,-519.9873,-465.7202
106185.13,-572.36255,-464.32617,-520.1323,-465.86597
106206.11,-572.50757,-464.47192,-520.27783,-466.01196
106227.086,-572.6531,-464.61816,-520.42285,-466.1582
106248.06,-572.7981,-464.76416,-520.56836,-466.30396
106269.04,-572.94336,-464.9099,-520.7134,-466.4497
106290.016,-573.0886,-465.0559,-520.8589,-466.59595
106310.99,-573.2339,-465.2019,-521.0039,-466.74194
106331.97,-573.37915,-465.34766,-521.1492,-466.8877
106352.945,-573.5244,-465.49365,-521.2942,-467.0337
106373.92,-573.66943,-465.6399,-521.43945,-467.1797
106394.91,-573.8147,-465.78564,-521.58496,-467.32568
106415.88,-573.9602,-465.93164,-521.73,-467.47168
106436.86,-574.1052,-466.07764,-521.87524,-467.61768
106457.836,-574.2505,-466.2234,-522.0205,-467.76367
106478.81,-574.3955,-466.36963,-522.1658,-467.90942
106499.79,-574.541,-466.51562,-522.3108,-468.05542
106520.766,-574.68604,-466.66138,-522.4563,-468.20166
106541.74,-574.8313,-466.80737,-522.6013,-468.3474
106562.72,-574.97656,-466.95337,-522.7466,-468.4934
106583.695,-575.1216,-467.09912,-522.89185,-468.6394
106604.67,-575.2671,-467.24512,-523.0371,-468.7854
106625.65,-575.41235,-467.3911,-523.1821,-468.93115
106646.625,-575.5574,-467.5371,-523.3274,-469.07715
106667.6,-575.70264,-467.6831,-523.47266,-469.22314
106688.58,-575.8479,-467.8291,-523.6177,-469.3689
106709.555,-575.9929,-467.9751,-523.7632,-469.51514
106730.53,-576.1384,-468.12085,-523.90845,-469.66113
106751.51,-576.28345,-468.26685,-524.0537,-469.8069
106772.484,-576.42896,-468.4131,-524.1987,-469.95288
106793.46,-576.574,-468.55884,-524.344,-470.09888
106814.44,-576.71924,-468.7046,-524.48926,-470.24487
106835.414,-576.86426,-468.85083,-524.6345,-470.39062
106856.4,-577.00977,-468.99683,-524.7798,-470.53687
106877.375,-577.155,-469.14258,-524.9248,-470.68262
106898.35,-577.30005,-469.28882,-525.0703,-470.8286
106919.33,-577.4453,-469.4348,-525.21533,-470.9746
106940.305,-577.5906,-469.58057,-525.3606,-471.1206
106961.28,-577.73584,-469.72656,-525.5056,-471.26636
106982.26,-577.88086,-469.87256,-525.6511,-471.4126
107003.234,-578.02637,-470.01855,-525.7964,-471.5586
107024.21,-578.1714,-470.1643,-525.94165,-471.70435
107045.19,-578.3169,-470.3103,-526.0867,-471.85034
107066.164,-578.4619,-470.4563,-526.23193,-471.99634
107087.14,-578.60693,-470.6023,-526.3772,-472.14233
107108.12,-578.75244,-470.7483,-526.5222,-472.2881
107129.09,-578.89746,-470.8943,-526.6675,-472.43433
107150.07,-579.0427,-471.04028,-526.81274,-472.58008
107171.05,-579.188,-471.18604,-526.958,-472.72607
107192.02,-579.33325,-471.33203,-527.1033,-472.87207
107213.0,-579.4783,-471.47803,-527.24854,-473.01807
107233.98,-579.6238,-471.62378,-527.3938,-473.16406
107254.95,-579.7688,-471.77002,-527.53906,-473.3098
107275.93,-579.9143,-471.91602,-527.6841,-473.4558
107296.91,-580.0593,-472.06177,-527.82935,-473.60205
107317.89,-580.2046,-472.208,-527.9746,-473.7478
107338.87,-580.34985,-472.35376,-528.1199,-473.8938
107359.84,-580.4951,-472.4995,-528.26514,-474.0398
107380.82,-580.6404,-472.64575,-528.41016,-474.18555
107401.8,-580.7854,-472.79175,-528.55566,-474.33154
107422.77,-580.9309,-472.9375,-528.7007,-474.47778
107443.75,-581.0759,-473.0835,-528.84595,-474.62354
107464.73,-581.22144,-473.2295,-528.9912,-474.76953
107485.7,-581.3662,-473.3755,-529.1365,-474.91553
107506.68,-581.5115,-473.52148,-529.28174,-475.06128
107527.66,-581.657,-473.66748,-529.427,-475.20728
107548.63,-581.802,-473.81348,-529.572,-475.35327
107569.61,-581.94727,-473.95947,-529.7173,-475.49927
107590.586,-582.0923,-474.10522,-529.86255,-475.64502
107611.56,-582.2378,-474.25122,-530.00757,-475.79126
107632.54,-582.3828,-474.39722,-530.15283,-475.93726
107653.516,-582.5283,-474.54297,-530.2981,-476.083
107674.49,-582.67334,-474.6892,-530.44336,-476.229
107695.47,-582.81836,-474.8352,-530.5886,-476.375
107716.445,-582.96387,-474.98096,-530.7339,-476.521
107737.42,-583.1089,-475.12695,-530.8789,-476.66675
107758.4,-583.2544,-475.27295,-531.0244,-476.81274
107779.375,-583.3994,-475.41895,-531.16943,-476.95898
107800.36,-583.5447,-475.56494,-531.3147,-477.10474
107821.336,-583.68994,-475.71094,-531.45996,-477.25073
107842.31,-583.83496,-475.8567,-531.6052,-477.39697
107863.29,-583.98047,-476.0027,-531.7505,-477.54272
107884.266,-584.1255,-476.14868,-531.8955,-477.68872
107905.24,-584.271,-476.29468,-532.0408,-477.83472
107926.22,-584.416,-476.44067,-532.18604,-477.98047
107947.195,-584.56104,-476.58643,-532.3313,-478.12646
107968.17,-584.70654,-476.73267,-532.47656,-478.27246
107989.15,-584.85156,-476.87842,-532.6218,-478.41846
108010.125,-584.9971,-477.0244,-532.7671,-478.56445
108031.1,-585.1421,-477.1704,-532.91235,-478.71045
108052.08,-585.2876,-477.31616,-533.0574,-478.85645
108073.055,-585.4324,-477.46216,-533.20264,-479.0022
108094.03,-585.5781,-477.60815,-533.3479,-479.1482
108115.01,-585.72314,-477.75415,-533.4929,-479.2942
108135.984,-585.8684,-477.8999,-533.6382,-479.4402
108156.96,-586.0134,-478.04614,-533.78345,-479.58594
108177.94,-586.15845,-478.19214,-533.92896,-479.73193
108198.914,-586.30396,-478.3379,-534.074,-479.87817
108219.89,-586.449,-478.4839,-534.21924,-480.02393
108240.87,-586.5945,-478.62988,-534.36426,-480.16992
108261.85,-586.73975,-478.77588,-534.50977,-480.31592
108282.83,-586.88477,-478.92188,-534.655,-480.4619
108303.805,-587.0303,-479.06787,-534.80005,-480.60767
108324.78,-587.17505,-479.21387,-534.9453,-480.7539
108345.76,-587.32056,-479.35962,-535.09033,-480.89966
108366.734,-587.4656,-479.5056,-535.23584,-481.04565
108387.71,-587.61084,-479.65186,-535.38086,-481.19165
108408.69,-587.7561,-479.7976,-535.5261,-481.3374
108429.664,-587.9016,-479.9436,-535.6714,-481.48364
108450.64,-588.04663,-480.0896,-535.8169,-481.62964
108471.62,-588.19165,-480.23535,-535.9619,-481.77563
108492.59,-588.33716,-480.38135,-536.1072,-481.9214
108513.57,-588.4822,-480.5276,-536.2522,-482.06738
108534.55,-588.6277,-480.67334,-536.3977,-482.21338
108555.52,-588.7727,-480.8191,-536.5427,-482.35938
108576.5,-588.9182,-480.96533,-536.688,-482.50513
108597.48,-589.06323,-481.11133,-536.83325,-482.65112
108618.45,-589.20825,-481.25708,-536.9785,-482.79736
108639.43,-589.3535,-481.40308,-537.1238,-482.9431
108660.41,-589.499,-481.54907,-537.2688,-483.0891
108681.38,-589.64404,-481.69507,-537.41406,-483.2351
108702.36,-589.7893,-481.84106,-537.5593,-483.38086
108723.34,-589.9343,-481.98706,-537.7046,-483.52686
108744.32,-590.07983,-482.1328,-537.84985,-483.6731
108765.3,-590.22485,-482.2788,-537.9951,-483.81885
108786.27,-590.37036,-482.4248,-538.1404,-483.96484
108807.25,-590.5154,-482.5708,-538.2854,-484.11084
108828.23,-590.66064,-482.7168,-538.43066,-484.2566
108849.2,-590.8059,-482.86255,-538.5757,-484.4026
108870.18,-590.9512,-483.0088,-538.7212,-484.54883
108891.16,-591.09644,-483.15454,-538.8662,-484.69458
108912.13,-591.2417,-483.30054,-539.0117,-484.84058
108933.11,-591.3867,-483.44653,-539.15674,-484.98657
108954.086,-591.53174,-483.59253,-539.30225,-485.13257
108975.06,-591.6775,-483.73828,-539.44727,-485.27832
108996.04,-591.82227,-483.88452,-539.5925,-485.42432
109017.016,-591.9678,-484.03052,-539.73755,-485.5703
109037.99,-592.1128,-484.17627,-539.8828,-485.7163
109058.97,-592.2578,-484.32227,-540.0281,-485.8623
109079.945,-592.4033,-484.46826,-540.17334,-486.00806
109100.92,-592.5488,-484.61426,-540.3186,-486.1543
109121.9,-592.69385,-484.76,-540.46387,-486.30005
109142.875,-592.83887,-484.906,-540.60913,-486.44604
109163.85,-592.9844,-485.05225,-540.75415,-486.59204
109184.836,-593.1294,-485.198,-540.89966,-486.73804
109205.81,-593.2749,-485.344,-541.0447,-486.88403
109226.79,-593.4199,-485.49,-541.18994,-487.03003
109247.766,-593.56494,-485.63574,-541.3352,-487.17603
109268.74,-593.71045,-485.78198,-541.48047,-487.32202
109289.72,-593.85547,-485.92798,-541.6255,-487.46777
109310.695,-594.001,-486.07373,-541.77075,-487.61377
109331.67,-594.146,-486.21973,-541.916,-487.75977
109352.65,-594.2915,-486.36572,-542.06104,-487.90576
109373.625,-594.4363,-486.51147,-542.20654,-488.05176
109394.6,-594.58154,-486.65747,-542.3518,-488.1975
109415.58,-594.7268,-486.8037,-542.4971,-488.3435
109436.555,-594.8721,-486.94946,-542.6421,-488.4895
109457.53,-595.01733,-487.09546,-542.78735,-488.6355
109478.51,-595.1626,-487.24146,-542.9326,-488.78125
109499.484,-595.30786,-487.38745,-543.0779,-488.92725
109520.46,-595.4529,-487.5332,-543.2229,-489.0735
109541.44,-595.5984,-487.6792,-543.36816,-489.21924
109562.414,-595.7434,-487.8252,-543.5134,-489.36523
109583.39,-595.8884,-487.9712,-543.6587,-489.51123
109604.37,-596.03394,-488.1172,-543.80396,-489.65698
109625.34,-596.17896,-488.26294,-543.949,-489.80298
109646.32,-596.32446,-488.40918,-544.0945,-489.94922
109667.305,-596.4697,-488.55493,-544.23975,-490.09497
109688.28,-596.615,-488.70093,-544.385,-490.24097
109709.26,-596.76025,-488.84717,-544.53,-490.38696
109730.234,-596.905,-488.99292,-544.6753,-490.5327
109751.21,-597.05054,-489.13892,-544.82056,-490.67896
109772.19,-597.19556,-489.2849,-544.9656,-490.82495
109793.164,-597.34106,-489.43066,-545.11084,-490.9707
109814.14,-597.4861,-489.57666,-545.2561,-491.1167
109835.12,-597.6311,-489.72266,-545.40137,-491.2627
109856.09,-597.7766,-489.86865,-545.54663,-491.4087
109877.07,-597.9219,-490.01465,-545.6919,-491.55444
109898.05,-598.06714,-490.16064,-545.83716,-491.70044
109919.02,-598.21216,-490.30664,-545.9824,-491.84668
109940.0,-598.35767,-490.4524,-546.12744,-491.99268
109960.98,-598.50244,-490.5984,-546.2727,-492.13843
109981.95,-598.6482,-490.7444,-546.41797,-492.28442
110002.93,-598.79297,-490.89038,-546.56323,-492.43042
110023.91,-598.9387,-491.03613,-546.70825,-492.57642
110044.88,-599.0835,-491.18213,-546.85376,-492.72217
110065.86,-599.2285,-491.32837,-546.9988,-492.86816
110086.836,-599.374,-491.47412,-547.14404,-493.01416
110107.81,-599.51904,-491.62012,-547.2893,-493.16016
110128.8,-599.6648,-491.7661,-547.4346,-493.30615
110149.77,-599.8096,-491.9121,-547.57983,-493.4519
110170.75,-599.95483,-492.0581,-547.7251,-493.59814
110191.73,-600.10034,-492.2041,-547.87036,-493.7439
110212.7,-600.24536,-492.34985,-548.0154,-493.8899
110233.68,-600.3906,-492.49585,-548.16064,-494.0359
110254.66,-600.53564,-492.64185,-548.3059,-494.1819
110275.63,-600.68115,-492.7876,-548.4509,-494.32788
110296.61,-600.8262,-492.93384,-548.5962,-494.47363
110317.586,-600.9717,-493.07983,-548.74146,-494.61963
110338.56,-601.1167,-493.22583,-548.8867,-494.76587
110359.54,-601.2617,-493.37158,-549.032,-494.91162
110380.516,-601.4072,-493.51758,-549.17725,-495.05737
110401.49,-601.55225,-493.66357,-549.32227,-495.2036
110422.47,-601.69775,-493.80957,-549.4678,-495.3496
110443.445,-601.8428,-493.95532,-549.6128,-495.49536
110464.42,-601.98804,-494.10132,-549.75806,-495.64136
110485.4,-602.1333,-494.24756,-549.9033,-495.78735
110506.375,-602.2783,-494.3933,-550.0486,-495.9331
110527.35,-602.4238,-494.5393,-550.1936,-496.07935
110548.33,-602.5691,-494.6853,-550.3391,-496.22534
110569.305,-602.71436,-494.8313,-550.48413,-496.3711
110590.29,-602.8594,-494.97705,-550.6294,-496.5171
110611.266,-603.0044,-495.1233,-550.77466,-496.6631
110632.24,-603.1499,-495.26904,-550.9199,-496.80908
110653.22,-603.2949,-495.41504,-551.0652,-496.95508
110674.195,-603.4404,-495.56104,-551.21045,-497.10107
110695.17,-603.58545,-495.7068,-551.3557,-497.24707
110716.15,-603.73096,-495.85303,-551.50073,-497.39282
110737.125,-603.87573,-495.99902,-551.646,-497.53882
110758.1,-604.0215,-496.14478,-551.79126,-497.68506
110779.08,-604.1665,-496.29077,-551.9363,-497.8308
110800.055,-604.31177,-496.43677,-552.08154,-497.97656
110821.03,-604.4568,-496.58276,-552.2268,-498.1228
110842.01,-604.6018,-496.72852,-552.3723,-498.2688
110862.984,-604.7473,-496.8745,-552.51733,-498.41455
110883.96,-604.89233,-497.0205,-552.6626,-498.56055
110904.94,-605.03784,-497.1665,-552.8076,-498.70654
110925.914,-605.18286,-497.3125,-552.9531,-498.8523
110946.89,-605.32837,-497.4585,-553.09814,-498.99854
110967.87,-605.4734,-497.6045,-553.2434,-499.1443
110988.84,-605.6189,-497.75024,-553.3887,-499.29028
111009.82,-605.7639,-497.89624,-553.53394,-499.43628
111030.8,-605.90894,-498.04224,-553.6792,-499.58228
111051.77,-606.0542,-498.188,-553.82446,-499.72827
111072.76,-606.19946,-498.33423,-553.9695,-499.87427
111093.734,-606.345,-498.48022,-554.11475,-500.02026
111114.71,-606.49,-498.62598,-554.26025,-500.16602
111135.69,-606.635,-498.77197,-554.4053,-500.312
111156.664,-606.7805,-498.9182,-554.55054,-500.458
111177.64,-606.92554,-499.06396,-554.69556,-500.604
111198.62,-607.07104,-499.20996,-554.84106,-500.74976
111219.59,-607.21606,-499.35596,-554.9861,-500.89575
111240.57,-607.3616,-499.50195,-555.13135,-501.042
111261.55,-607.5066,-499.6477,-555.2766,-501.18774
111282.52,-607.6516,-499.7937,-555.4219,-501.33374
111303.5,-607.7969,-499.9397,-555.56714,-501.47974
111324.48,-607.9424,-500.0857,-555.71216,-501.62573
111345.45,-608.0874,-500.2317,-555.8574,-501.77148
111366.43,-608.23267,-500.37744,-556.0027,-501.91748
111387.41,-608.3779,-500.52368,-556.14795,-502.06348
111408.38,-608.52295,-500.66943,-556.29297,-502.20947
111429.36,-608.66846,-500.81543,-556.4385,-502.35547
111450.336,-608.8135,-500.96143,-556.5835,-502.50146
111471.31,-608.9585,-501.10718,-556.72876,-502.64746
111492.29,-609.104,-501.25342,-556.874,-502.7932
111513.266,-609.249,-501.39917,-557.0193,-502.9392
111534.25,-609.39453,-501.54517,-557.16455,-503.08545
111555.23,-609.5398,-501.6914,-557.3096,-503.2312
111576.2,-609.68506,-501.83716,-557.4551,-503.3772
111597.18,-609.8301,-501.9829,-557.6001,-503.5232
111618.16,-609.9751,-502.12915,-557.7456,-503.66895
111639.13,-610.12085,-502.27515,-557.8906,-503.81494
111660.11,-610.2656,-502.4209,-558.0359,-503.96118
111681.086,-610.41113,-502.5669,-558.1809,-504.10693
111702.06,-610.55615,-502.7129,-558.3262,-504.25293
111723.04,-610.70166,-502.8589,-558.47144,-504.39893
111744.016,-610.8467,-503.00488,-558.6167,-504.54468
111764.99,-610.9922,-503.15063,-558.76196,-504.69067
111785.97,-611.1372,-503.29688,-558.9072,-504.83667
111806.945,-611.2822,-503.44287,-559.0525,-504.98267
111827.92,-611.42773,-503.58862,-559.1975,-505.12842
111848.9,-611.5725,-503.73462,-559.3428,-505.27466
111869.875,-611.71826,-503.8806,-559.4878,-505.42065
111890.85,-611.86304,-504.02637,-559.6333,-505.5664
111911.83,-612.00854,-504.17236,-559.7783,-505.7124
111932.805,-612.15356,-504.3186,-559.9238,-505.8584
111953.78,-612.2988,-504.46436,-560.06885,-506.0044
111974.76,-612.4441,-504.61035,-560.2141,-506.15015
111995.74,-612.58936,-504.75635,-560.3594,-506.2964
112016.72,-612.73486,-504.9021,-560.5044,-506.44238
112037.695,-612.87964,-505.04834,-560.6499,-506.58813
112058.67,-613.0249,-505.19434,-560.79517,-506.73413
112079.65,-613.17017,-505.3401,-560.9404,-506.88037
112100.625,-613.3154,-505.48608,-561.08545,-507.02612
112121.6,-613.4607,-505.63208,-561.2307,-507.17188
112142.58,-613.60596,-505.77808,-561.376,-507.3181
112163.555,-613.7512,-505.92383,-561.52124,-507.4641
112184.53,-613.89624,-506.06982,-561.66626,-507.60986
112205.51,-614.04175,-506.21606,-561.8115,-507.75586
112226.484,-614.18677,-506.36182,-561.9568,-507.90186
112247.46,-614.3318,-506.5078,-562.10205,-508.04785
112268.44,-614.4773,-506.6538,-562.2473,-508.19385
112289.414,-614.6223,-506.79956,-562.39233,-508.33984
112310.39,-614.7678,-506.94556,-562.53784,-508.48584
112331.37,-614.91284,-507.09155,-562.6831,-508.6316
112352.34,-615.0581,-507.23755,-562.8281,-508.7776
112373.32,-615.20337,-507.3833,-562.97314,-508.92358
112394.3,-615.34863,-507.52954,-563.11865,-509.06934
112415.27,-615.4939,-507.67554,-563.2637,-509.21533
112436.25,-615.63916,-507.8213,-563.4092,-509.36157
112457.23,-615.7844,-507.9673,-563.5542,-509.50732
112478.21,-615.92944,-508.11328,-563.69946,-509.65332
112499.19,-616.07446,-508.25928,-563.8447,-509.79932
112520.164,-616.22,-508.40527,-563.99,-509.94507
112541.14,-616.36523,-508.55127,-564.13525,-510.09106
112562.12,-616.5105,-508.69727,-564.2805,-510.2373
112583.09,-616.6555,-508.84302,-564.4258,-510.38306
112604.07,-616.801,-508.989,-564.5708,-510.52905
112625.05,-616.9458,-509.13525,-564.71606,-510.67505
112646.02,-617.09155,-509.281,-564.8613,-510.8208
112667.0,-617.2363,-509.42676,-565.0066,-510.9668
112687.98,-617.3821,-509.573,-565.1516,-511.11304
112708.95,-617.52686,-509.719,-565.2971,-511.2588
112729.93,-617.6719,-509.86475,-565.44214,-511.4048
112750.91,-617.8174,-510.01074,-565.5874,-511.55078
112771.88,-617.9624,-510.15674,-565.73267,-511.69678
112792.86,-618.1079,-510.3025,-565.8777,-511.84277
112813.836,-618.2529,-510.44873,-566.02295,-511.98853
112834.81,-618.39844,-510.59473,-566.16846,-512.1345
112855.79,-618.54346,-510.74048,-566.3135,-512.2805
112876.766,-618.68896,-510.88647,-566.45874,-512.4265
112897.74,-618.834,-511.03247,-566.604,-512.57227
112918.72,-618.979,-511.17847,-566.749,-512.7185
112939.7,-619.1245,-511.32446,-566.8943,-512.86426
112960.68,-619.26953,-511.47046,-567.03955,-513.01025
112981.66,-619.41504,-511.6162,-567.1848,-513.1565
113002.63,-619.56006,-511.7622,-567.3301,-513.30225
113023.61,-619.7051,-511.9082,-567.47534,-513.44824
113044.586,-619.8506,-512.0542,-567.6206,-513.59424
113065.56,-619.9956,-512.19995,-567.7656,-513.74023
113086.54,-620.1411,-512.34595,-567.91113,-513.886
113107.516,-620.28613,-512.4922,-568.05615,-514.032
113128.49,-620.4314,-512.63794,-568.2014,-514.178
113149.47,-620.57666,-512.78394,-568.3467,-514.324
113170.445,-620.7217,-512.92993,-568.49194,-514.47
113191.42,-620.8672,-513.0759,-568.63696,-514.61597
113212.4,-621.01245,-513.2217,-568.7825,-514.7617
113233.375,-621.1577,-513.3679,-568.9275,-514.9077
113254.35,-621.3025,-513.5137,-569.07275,-515.0537
113275.33,-621.448,-513.65967,-569.218,-515.1997
113296.305,-621.593,-513.80566,-569.36304,-515.34546
113317.28,-621.7385,-513.95166,-569.5083,-515.49146
113338.26,-621.88354,-514.09766,-569.65356,-515.6377
113359.234,-622.02905,-514.2434,-569.7988,-515.78345
113380.21,-622.1741,-514.3894,-569.9441,-515.92944
113401.195,-622.3191,-514.5354,-570.08936,-516.0757
113422.17,-622.46484,-514.6814,-570.2346,-516.2212
113443.15,-622.60986,-514.8274,-570.37964,-516.36743
113464.125,-622.7551,-514.9734,-570.5249,-516.5134
113485.1,-622.90015,-515.11914,-570.67017,-516.6594
113506.08,-623.04517,-515.26514,-570.8157,-516.8052
113527.055,-623.1907,-515.4114,-570.9607,-516.9512
113548.03,-623.3357,-515.5571,-571.10596,-517.09717
113569.01,-623.4812,-515.7031,-571.251,-517.24316
113589.984,-623.6262,-515.8491,-571.3965,-517.38916
113610.96,-623.7717,-515.9951,-571.5415,-517.5349
113631.94,-623.91675,-516.14087,-571.68677,-517.6809
113652.914,-624.06226,-516.28687,-571.83203,-517.8269
113673.89,-624.2073,-516.43286,-571.9773,-517.9729
113694.87,-624.3523,-516.5786,-572.1223,-518.1189
113715.84,-624.49756,-516.72485,-572.2678,-518.26465
113736.82,-624.6428,-516.87085,-572.41284,-518.41064
113757.8,-624.7883,-517.0166,-572.5581,-518.5569
113778.77,-624.9331,-517.1626,-572.70337,-518.70264
113799.75,-625.0786,-517.3086,-572.8484,-518.84863
113820.73,-625.22363,-517.4546,-572.9939,-518.9946
113841.7,-625.36914,-517.60034,-573.1389,-519.1406
113862.69,-625.5144,-517.7466,-573.2844,-519.2866
113883.664,-625.6594,-517.8926,-573.42944,-519.4326
113904.64,-625.80493,-518.0383,-573.5747,-519.57837
113925.62,-625.94995,-518.1843,-573.72,-519.72437
113946.59,-626.095,-518.33057,-573.86523,-519.87036
113967.57,-626.24023,-518.4763,-574.0105,-520.0161
113988.55,-626.38574,-518.6223,-574.1555,-520.16235
114009.52,-626.53076,-518.7683,-574.3008,-520.3081
114030.5,-626.676,-518.91406,-574.44604,-520.4541
114051.48,-626.8213,-519.06006,-574.5913,-520.6001
114072.45,-626.9663,-519.20605,-574.7363,-520.7461
114093.43,-627.1118,-519.35205,-574.88184,-520.8921
114114.41,-627.25684,-519.49805,-575.02686,-521.03784
114135.38,-627.40186,-519.64404,-575.1721,-521.18384
114156.36,-627.54736,-519.79004,-575.3174,-521.3301
114177.336,-627.6924,-519.9358,-575.46265,-521.4761
114198.31,-627.8379,-520.0818,-575.6079,-521.6216
114219.29,-627.9829,-520.2278,-575.7532,-521.7678
114240.266,-628.1284,-520.3738,-575.8982,-521.9138
114261.24,-628.27344,-520.51953,-576.04346,-522.0598
114282.22,-628.41895,-520.6655,-576.1887,-522.20557
114303.195,-628.5637,-520.81177,-576.33374,-522.35156
114324.17,-628.7092,-520.9575,-576.47925,-522.49756
114345.16,-628.8545,-521.1035,-576.62427,-522.64355
114366.13,-628.9995,-521.2495,-576.76953,-522.78955
114387.11,-629.145,-521.3955,-576.9148,-522.9353
114408.086,-629.29004,-521.54126,-577.06006,-523.0813
114429.06,-629.43555,-521.6875,-577.2053,-523.2273
114450.04,-629.58057,-521.83325,-577.3506,-523.3733
114471.016,-629.7256,-521.97925,-577.49585,-523.5193
114491.99,-629.8711,-522.12524,-577.64087,-523.6653
114512.97,-630.01587,-522.271,-577.78613,-523.8113
114533.945,-630.1616,-522.41724,-577.93115,-523.95703
114554.92,-630.3064,-522.563,-578.07666,-524.103
114575.9,-630.4519,-522.7092,-578.2217,-524.24927
114596.875,-630.5969,-522.855,-578.3672,-524.395
114617.85,-630.7422,-523.001,-578.5122,-524.5408
114638.83,-630.88745,-523.147,-578.6575,-524.687
114659.805,-631.0325,-523.29297,-578.80273,-524.833
114680.78,-631.178,-523.4387,-578.94775,-524.97876
114701.76,-631.323,-523.5847,-579.093,-525.12476
114722.734,-631.4685,-523.73096,-579.2385,-525.27075
114743.71,-631.6135,-523.8767,-579.38354,-525.4165
114764.69,-631.75903,-524.0227,-579.5288,-525.56274
114785.664,-631.90405,-524.1687,-579.6741,-525.7085
114806.65,-632.0493,-524.31445,-579.81934,-525.8545
114827.625,-632.1946,-524.46045,-579.9646,-526.0005
114848.6,-632.3396,-524.6067,-580.1096,-526.1465
114869.58,-632.4851,-524.75244,-580.2549,-526.2925
114890.555,-632.6301,-524.89844,-580.40015,-526.4385
114911.53,-632.77515,-525.04443,-580.5454,-526.5845
114932.51,-632.92065,-525.1902,-580.6904,-526.73047
114953.484,-633.0657,-525.3362,-580.83594,-526.87646
114974.46,-633.2112,-525.4824,-580.98096,-527.0222
114995.44,-633.3562,-525.6282,-581.12646,-527.1682
115016.414,-633.50146,-525.7742,-581.2715,-527.3142
115037.39,-633.6467,-525.92017,-581.41675,-527.45996
115058.37,-633.792,-526.06616,-581.562,-527.6062
115079.34,-633.93726,-526.2119,-581.7073,-527.7522
115100.32,-634.0825,-526.3579,-581.85254,-527.89795
115121.3,-634.2278,-526.5039,-581.9973,-528.04395
115142.27,-634.37256,-526.6499,-582.14307,-528.18994
115163.25,-634.51807,-526.7959,-582.28784,-528.3357
115184.23,-634.6631,-526.94165,-582.4336,-528.4817
115205.2,-634.8086,-527.0879,-582.57837,-528.6277
115226.18,-634.9536,-527.23364,-582.7239,-528.7737
115247.16,-635.0991,-527.37964,-582.8689,-528.9197
115268.14,-635.2444,-527.5259,-583.0139,-529.0657
115289.12,-635.38916,-527.67163,-583.15967,-529.2114
115310.09,-635.5349,-527.8176,-583.3047,-529.35767
115331.07,-635.6797,-527.9636,-583.4502,-529.50366
115352.05,-635.82544,-528.1096,-583.595,-529.64966
115373.02,-635.9702,-528.2554,-583.74023,-529.7954
115394.0,-636.11523,-528.40137,-583.8855,-529.9414
115414.98,-636.26074,-528.54736,-584.0305,-530.0874
115435.95,-636.40576,-528.69336,-584.176,-530.23315
115456.93,-636.5513,-528.83936,-584.32104,-530.37915
115477.91,-636.6963,-528.98535,-584.46655,-530.5254
115498.88,-636.8418,-529.1311,-584.6116,-530.67114
115519.86,-636.9868,-529.2771,-584.7571,-530.81714
115540.836,-637.1323,-529.4231,-584.9021,-530.96313
115561.81,-637.2771,-529.5691,-585.0471,-531.10913
115582.79,-637.42236,-529.71484,-585.1924,-531.2549
115603.766,-637.5676,-529.86084,-585.33765,-531.4009
115624.74,-637.7129,-530.0071,-585.4829,-531.5469
115645.72,-637.85815,-530.15283,-585.6282,-531.6929
115666.695,-638.0034,-530.2988,-585.77344,-531.83887
115687.67,-638.1487,-530.4448,-585.9187,-531.98486
115708.65,-638.29395,-530.5906,-586.06396,-532.13086
115729.625,-638.4392,-530.7366,-586.209,-532.27686
115750.61,-638.5845,-530.8828,-586.35425,-532.4226
115771.586,-638.7295,-531.02856,-586.4995,-532.56885
115792.56,-638.87476,-531.17456,-586.6448,-532.7146
115813.54,-639.02,-531.32056,-586.7898,-532.8606
115834.516,-639.16504,-531.4663,-586.9353,-533.0066
115855.49,-639.31055,-531.61255,-587.08057,-533.15234
115876.47,-639.4558,-531.75854,-587.2258,-533.29834
115897.445,-639.6011,-531.9043,-587.37085,-533.44434
115918.42,-639.74585,-532.0503,-587.5161,-533.59033
115939.4,-639.89136,-532.1963,-587.66113,-533.7361
115960.375,-640.0364,-532.3423,-587.80664,-533.8823
115981.35,-640.1819,-532.48804,-587.95166,-534.0283
116002.33,-640.3269,-532.63403,-588.09717,-534.1741
116023.305,-640.4724,-532.7803,-588.2422,-534.32007
116044.28,-640.61743,-532.9263,-588.3872,-534.46606
116065.26,-640.76245,-533.072,-588.5327,-534.6118
116086.234,-640.90796,-533.218,-588.678,-534.7578
116107.21,-641.05273,-533.364,-588.82324,-534.90405
116128.19,-641.1985,-533.51,-588.96826,-535.05005
116149.164,-641.3435,-533.65576,-589.1138,-535.1958
116170.14,-641.489,-533.80176,-589.25854,-535.3418
116191.12,-641.6338,-533.94775,-589.4043,-535.4878
116212.1,-641.77905,-534.09375,-589.5493,-535.6338
116233.08,-641.92456,-534.23975,-589.69434,-535.7798
116254.055,-642.0696,-534.3855,-589.83984,-535.9258
116275.03,-642.2151,-534.53174,-589.98486,-536.07153
116296.01,-642.35986,-534.6775,-590.1304,-536.2175
116316.984,-642.5056,-534.8235,-590.2754,-536.3635
116337.96,-642.65063,-534.9695,-590.4204,-536.5095
116358.94,-642.79565,-535.1155,-590.5657,-536.6553
116379.914,-642.9409,-535.2615,-590.71094,-536.8015
116400.89,-643.0862,-535.4072,-590.85645,-536.9475
116421.87,-643.2317,-535.5532,-591.00146,-537.09326
116442.84,-643.37646,-535.69946,-591.1467,-537.23926
116463.82,-643.522,-535.8452,-591.29175,-537.38525
116484.8,-643.667,-535.99097,-591.437,-537.53125
116505.77,-643.8125,-536.1372,-591.5823,-537.677
116526.75,-643.9575,-536.2832,-591.7278,-537.823
116547.73,-644.10254,-536.42896,-591.8728,-537.96924
116568.7,-644.24805,-536.57495,-592.0178,-538.115
116589.68,-644.39307,-536.72095,-592.1633,-538.261
116610.66,-644.5383,-536.8667,-592.30835,-538.407
116631.63,-644.6836,-537.01294,-592.45386,-538.55273
116652.61,-644.8291,-537.15894,-592.5989,-538.6987
116673.59,-644.9741,-537.3047,-592.74414,-538.8447
116694.57,-645.1194,-537.4507,-592.8894,-538.9907
116715.55,-645.26465,-537.5967,-593.0344,-539.1367
116736.52,-645.40967,-537.7427,-593.17993,-539.2827
116757.5,-645.5552,-537.8887,-593.3252,-539.42847
116778.48,-645.7002,-538.03467,-593.47046,-539.57446
116799.45,-645.8452,-538.18066,-593.6155,-539.7207
116820.43,-645.9907,-538.3264,-593.7605,-539.86646
116841.41,-646.13574,-538.4724,-593.906,-540.0122
116862.38,-646.28125,-538.61865,-594.051,-540.15845
116883.36,-646.426,-538.7644,-594.19653,-540.30444
116904.336,-646.5718,-538.91016,-594.34155,-540.4502
116925.31,-646.7168,-539.0564,-594.48706,-540.5962
116946.29,-646.8623,-539.2024,-594.63184,-540.7422
116967.266,-647.0071,-539.34814,-594.77734,-540.8882
116988.24,-647.1526,-539.49414,-594.9226,-541.0342
117009.22,-647.29785,-539.64014,-595.0674,-541.1802
117030.195,-647.4426,-539.78613,-595.2129,-541.3262
117051.17,-647.58813,-539.9321,-595.3579,-541.4719
117072.15,-647.73315,-540.0779,-595.50366,-541.6179
117093.125,-647.87866,-540.2239,-595.64844,-541.7639
117114.1,-648.0237,-540.3699,-595.79395,-541.9099
117135.086,-648.16895,-540.51587,-595.9392,-542.0559
117156.06,-648.31445,-540.6616,-596.084,-542.2019
117177.04,-648.4592,-540.80786,-596.22974,-542.34766
117198.016,-648.605,-540.95386,-596.3745,-542.49365
117218.99,-648.74976,-541.0996,-596.52026,-542.6399
117239.97,-648.89526,-541.2456,-596.66504,-542.78564
117260.945,-649.0403,-541.3916,-596.8103,-542.93164
117281.92,-649.18555,-541.5376,-596.95557,-543.07764
117302.9,-649.3308,-541.68335,-597.1011,-543.22363
117323.875,-649.4758,-541.82935,-597.2461,-543.3694
117344.85,-649.62134,-541.9756,-597.3911,-543.5154
117365.83,-649.76636,-542.12134,-597.5366,-543.6614
117386.805,-649.91187,-542.26733,-597.68164,-543.8074
117407.78,-650.0569,-542.4133,-597.82715,-543.95337
117428.76,-650.2024,-542.5593,-597.97217,-544.0991
117449.734,-650.3474,-542.7051,-598.1172,-544.2451
117470.71,-650.49243,-542.8511,-598.2627,-544.3911
117491.69,-650.6377,-542.9971,-598.4077,-544.5371
117512.664,-650.78296,-543.14307,-598.553,-544.6831
117533.64,-650.9282,-543.28906,-598.69824,-544.82886
117554.62,-651.07324,-543.43506,-598.8435,-544.97485
117575.59,-651.21875,-543.58105,-598.9888,-545.1211
117596.57,-651.364,-543.7268,-599.13403,-545.26685
117617.555,-651.50903,-543.87305,-599.2793,-545.4131
117638.53,-651.65454,-544.01904,-599.4243,-545.55884
117659.51,-651.79956,-544.1648,-599.5698,-545.7046
117680.484,-651.9448,-544.3108,-599.71484,-545.8508
117701.46,-652.0901,-544.4568,-599.8601,-545.9968
117722.44,-652.23535,-544.60254,-600.0054,-546.1428
117743.414,-652.3806,-544.74854,-600.15063,-546.2886
117764.39,-652.5259,-544.8948,-600.2959,-546.4346
117785.37,-652.67114,-545.0405,-600.4407,-546.58057
117806.34,-652.8159,-545.1865,-600.5864,-546.72656
117827.32,-652.9614,-545.3325,-600.7312,-546.8723
117848.3,-653.10645,-545.4785,-600.87695,-547.0183
117869.27,-653.25195,-545.62427,-601.0217,-547.16455
117890.25,-653.397,-545.77026,-601.16724,-547.3103
117911.23,-653.5425,-545.91626,-601.31226,-547.4563
117932.2,-653.6875,-546.062,-601.4573,-547.6023
117953.18,-653.833,-546.20825,-601.6028,-547.74805
117974.16,-653.978,-546.35425,-601.7483,-547.89404
117995.13,-654.12305,-546.5,-601.8933,-548.0403
118016.11,-654.26855,-546.646,-602.0381,-548.18604
118037.086,-654.4133,-546.792,-602.18384,-548.33203
118058.06,-654.5591,-546.938,-602.3286,-548.478
118079.05,-654.7041,-547.084,-602.4739,-548.6238
118100.02,-654.8491,-547.23,-602.6194,-548.77
118121.0,-654.9946,-547.376,-602.7644,-548.916
118141.98,-655.13965,-547.5217,-602.9099,-549.06177
118162.95,-655.28516,-547.6677,-603.05493,-549.20776
118183.93,-655.4302,-547.8137,-603.20044,-549.35376
118204.91,-655.5757,-547.9597,-603.34546,-549.4995
118225.88,-655.72046,-548.10547,-603.4905,-549.6455
118246.86,-655.8657,-548.2517,-603.63574,-549.7915
118267.836,-656.011,-548.3977,-603.781,-549.9375
118288.81,-656.15625,-548.54346,-603.9263,-550.0835
118309.79,-656.3015,-548.68945,-604.07153,-550.2295
118330.766,-656.4468,-548.83545,-604.2168,-550.3755
118351.74,-656.59204,-548.98145,-604.36206,-550.52124
118372.72,-656.7373,-549.1272,-604.5073,-550.66724
118393.695,-656.88257,-549.27344,-604.65234,-550.8135
118414.67,-657.0276,-549.41943,-604.79785,-550.9592
118435.65,-657.1726,-549.5652,-604.9429,-551.105
118456.625,-657.3181,-549.7112,-605.0879,-551.2512
118477.6,-657.46313,-549.8572,-605.2334,-551.3972
118498.58,-657.60864,-550.0029,-605.3784,-551.5432
118519.555,-657.75366,-550.1489,-605.5239,-551.68896
118540.54,-657.8992,-550.2949,-605.6692,-551.8352
118561.516,-658.04443,-550.4409,-605.8142,-551.98096
118582.49,-658.1892,-550.5869,-605.9595,-552.12695
118603.47,-658.3347,-550.7329,-606.1045,-552.27295
118624.445,-658.47974,-550.87866,-606.25,-552.41895
118645.42,-658.62524,-551.02466,-606.395,-552.5647
118666.4,-658.77026,-551.1709,-606.5405,-552.7107
118687.375,-658.9158,-551.31665,-606.68555,-552.8567
118708.35,-659.0608,-551.46265,-606.83057,-553.0027
118729.33,-659.2058,-551.60864,-606.9761,-553.1487
118750.305,-659.3513,-551.7544,-607.12134,-553.2947
118771.28,-659.4961,-551.9004,-607.2666,-553.4407
118792.26,-659.64185,-552.0464,-607.4116,-553.5864
118813.234,-659.7866,-552.1924,-607.5571,-553.7324
118834.21,-659.9324,-552.3384,-607.7019,-553.8784
118855.19,-660.07715,-552.4844,-607.84766,-554.0242
118876.164,-660.2229,-552.6304,-607.99243,-554.1704
118897.14,-660.3677,-552.77637,-608.1377,-554.3164
118918.12,-660.5127,-552.9221,-608.28296,-554.46216
118939.09,-660.6582,-553.0681,-608.428,-554.60815
118960.07,-660.8032,-553.2141,-608.5735,-554.75415
118981.05,-660.9487,-553.3601,-608.7185,-554.90015
119002.02,-661.09375,-553.50586,-608.864,-555.0459
119023.01,-661.239,-553.6521,-609.00903,-555.19214
119043.984,-661.3843,-553.79785,-609.1543,-555.3379
119064.96,-661.52954,-553.94385,-609.2998,-555.4839
119085.94,-661.67505,-554.0901,-609.4448,-555.6299
119106.914,-661.8198,-554.23584,-609.5901,-555.7759
119127.89,-661.96484,-554.38184,-609.7351,-555.92163
119148.87,-662.11035,-554.52783,-609.8804,-556.0679
119169.84,-662.2554,-554.6738,-610.02563,-556.21387
119190.82,-662.4004,-554.8196,-610.17114,-556.35986
119211.8,-662.5454,-554.9656,-610.31616,-556.5056
119232.77,-662.6904,-555.1116,-610.4612,-556.6516
119253.75,-662.83545,-555.25757,-610.6067,-556.7976
119274.73,-662.98047,-555.40356,-610.7517,-556.94336
119295.7,-663.1255,-555.54956,-610.8972,-557.0896
119316.68,-663.2705,-555.69556,-611.04224,-557.23535
119337.66,-663.4158,-555.8413,-611.1875,-557.38135
119358.63,-663.56104,-555.9873,-611.33276,-557.52734
119379.61,-663.70605,-556.1333,-611.4778,-557.67334
119400.586,-663.8511,-556.27905,-611.6233,-557.81934
119421.56,-663.9961,-556.42505,-611.76807,-557.9651
119442.54,-664.14087,-556.5713,-611.9136,-558.1111
119463.516,-664.28613,-556.71704,-612.0586,-558.2571
119484.5,-664.43115,-556.8633,-612.20386,-558.4031
119505.48,-664.5764,-557.0093,-612.34937,-558.5491
119526.45,-664.7217,-557.1548,-612.4944,-558.69507
119547.43,-664.8667,-557.301,-612.6399,-558.84106
119568.41,-665.0117,-557.447,-612.7849,-558.9868
119589.38,-665.157,-557.593,-612.9304,-559.13306
119610.36,-665.302,-557.7388,-613.0752,-559.2788
119631.336,-665.4468,-557.88477,-613.2207,-559.4248
119652.31,-665.5918,-558.03076,-613.36597,-559.5708
119673.29,-665.7368,-558.17676,-613.51074,-559.71655
119694.266,-665.8821,-558.32275,-613.65625,-559.86255
119715.24,-666.0271,-558.4685,-613.8013,-560.00854
119736.22,-666.17236,-558.6145,-613.947,-560.15454
119757.195,-666.3174,-558.7605,-614.0918,-560.3003
119778.17,-666.46265,-558.9065,-614.2373,-560.44653
119799.15,-666.60767,-559.0525,-614.3823,-560.5925
119820.125,-666.7527,-559.19824,-614.52783,-560.7383
119841.1,-666.89746,-559.34424,-614.67285,-560.8843
119862.08,-667.0425,-559.4905,-614.8179,-561.0303
119883.055,-667.18774,-559.6362,-614.9634,-561.1763
119904.03,-667.333,-559.7822,-615.1084,-561.322
119925.01,-667.4778,-559.9282,-615.25366,-561.46826
119945.99,-667.6228,-560.074,-615.3989,-561.61426
119966.97,-667.7678,-560.2202,-615.54443,-561.76
119987.945,-667.9133,-560.3662,-615.68945,-561.906
120008.92,-668.0586,-560.51196,-615.8345,-562.05225
120029.9,-668.20337,-560.65796,-615.98,-562.198
120050.875,-668.3484,-560.80396,-616.125,-562.344
120071.85,-668.4934,-560.94995,-616.2705,-562.49
120092.83,-668.6384,-561.09595,-616.4155,-562.63574
120113.805,-668.7837,-561.2417,-616.56055,-562.78174
120134.78,-668.92847,-561.3877,-616.70605,-562.92773
120155.76,-669.0735,-561.5337,-616.8511,-563.0737
120176.734,-669.219,-561.6797,-616.99634,-563.2195
120197.71,-669.364,-561.8257,-617.14136,-563.3657
120218.69,-669.50903,-561.97144,-617.28687,-563.5117
120239.664,-669.65405,-562.11743,-617.4321,-563.6575
120260.64,-669.7991,-562.2634,-617.5774,-563.80347
120281.62,-669.94434,-562.40967,-617.7224,-563.94946
120302.59,-670.0891,-562.5552,-617.8679,-564.09546
120323.57,-670.23413,-562.7014,-618.0132,-564.2412
120344.55,-670.37915,-562.8474,-618.15796,-564.3872
120365.52,-670.52466,-562.9934,-618.30347,-564.53345
120386.5,-670.6699,-563.13916,-618.4485,-564.6792
120407.484,-670.81494,-563.2854,-618.594,-564.8252
120428.46,-670.95996,-563.43115,-618.73926,-564.9712
120449.44,-671.105,-563.57715,-618.88403,-565.1172
120470.414,-671.25,-563.72314,-619.0298,-565.26294
120491.39,-671.395,-563.8689,-619.17456,-565.4092
120512.37,-671.54004,-564.0149,-619.3203,-565.55493
120533.34,-671.68506,-564.1609,-619.4651,-565.7009
120554.32,-671.8301,-564.3069,-619.6106,-565.8469
120575.3,-671.9751,-564.4529,-619.7556,-565.9929
120596.27,-672.1206,-564.5989,-619.90063,-566.1387
120617.25,-672.2656,-564.7449,-620.04614,-566.2849
120638.23,-672.41064,-564.8906,-620.19165,-566.4309
120659.2,-672.55566,-565.0366,-620.3367,-566.57666
120680.18,-672.7007,-565.18286,-620.48145,-566.72266
120701.16,-672.8457,-565.3286,-620.6272,-566.86865
120722.13,-672.9907,-565.47437,-620.772,-567.01465
120743.11,-673.13574,-565.6206,-620.9177,-567.1604
120764.086,-673.28125,-565.7666,-621.0625,-567.3064
120785.06,-673.4263,-565.91235,-621.20776,-567.45264
120806.04,-673.5713,-566.05835,-621.353,-567.5984
120827.016,-673.7163,-566.20435,-621.4983,-567.7444
120847.99,-673.8613,-566.35034,-621.64355,-567.8904
120868.97,-674.00635,-566.49634,-621.7886,-568.03613
120889.95,-674.1516,-566.64233,-621.93384,-568.1821
120910.93,-674.29663,-566.7881,-622.0791,-568.32837
120931.91,-674.44165,-566.9341,-622.22437,-568.4741
120952.88,-674.5864,-567.0801,-622.3696,-568.6201
120973.86,-674.73145,-567.2261,-622.5149,-568.7661
120994.836,-674.8767,-567.3721,-622.66016,-568.91187
121015.81,-675.0217,-567.51807,-622.8054,-569.05786
121036.79,-675.16724,-567.66406,-622.9507,-569.2041
121057.766,-675.312,-567.81006,-623.0957,-569.34985
121078.74,-675.4573,-567.9558,-623.2412,-569.4956
121099.72,-675.6023,-568.1018,-623.3862,-569.64185
121120.695,-675.7473,-568.2478,-623.53125,-569.78784
121141.67,-675.89233,-568.39355,-623.67676,-569.9336
121162.65,-676.0371,-568.5398,-623.8218,-570.0796
121183.625,-676.1824,-568.6858,-623.9673,-570.2256
121204.6,-676.3274,-568.83154,-624.1123,-570.3716
121225.58,-676.4729,-568.97754,-624.25757,-570.5176
121246.555,-676.6179,-569.12354,-624.40283,-570.6633
121267.53,-676.76294,-569.26953,-624.5481,-570.8096
121288.51,-676.90796,-569.4153,-624.69336,-570.9553
121309.484,-677.053,-569.5613,-624.83813,-571.1013
121330.46,-677.19775,-569.7073,-624.9839,-571.2473
121351.445,-677.343,-569.8533,-625.1289,-571.3933
121372.42,-677.48804,-569.99927,-625.2739,-571.5393
121393.4,-677.6333,-570.145,-625.41943,-571.6853
121414.375,-677.7783,-570.291,-625.5647,-571.8313
121435.35,-677.92334,-570.43726,-625.70996,-571.97705
121456.33,-678.0686,-570.58325,-625.855,-572.12305
121477.305,-678.2136,-570.729,-626.0005,-572.26904
121498.28,-678.3589,-570.875,-626.14526,-572.41504
121519.26,-678.50366,-571.021,-626.291,-572.56104
121540.234,-678.6489,-571.16675,-626.4358,-572.70703
121561.21,-678.7937,-571.31274,-626.58105,-572.8528
121582.19,-678.93896,-571.459,-626.7263,-572.9988
121603.164,-679.084,-571.60474,-626.87134,-573.1448
121624.14,-679.22925,-571.75073,-627.01685,-573.2908
121645.12,-679.37427,-571.8967,-627.16187,-573.4365
121666.09,-679.5193,-572.0427,-627.3074,-573.5825
121687.07,-679.66455,-572.1885,-627.4524,-573.72876
121708.05,-679.8096,-572.3345,-627.5979,-573.8745
121729.02,-679.95435,-572.48047,-627.7427,-574.0205
121750.0,-680.09937,-572.62646,-627.88794,-574.1665
121770.98,-680.2446,-572.77246,-628.03345,-574.31226
121791.95,-680.38965,-572.9182,-628.17847,-574.45825
121812.94,-680.53467,-573.06445,-628.3237,-574.6045
121833.914,-680.6797,-573.2102,-628.469,-574.75024
121854.89,-680.8247,-573.3562,-628.6145,-574.89624
121875.87,-680.9702,-573.50244,-628.7595,-575.04224
121896.84,-681.11523,-573.6482,-628.90454,-575.188
121917.82,-681.26025,-573.7942,-629.05005,-575.3342
121938.8,-681.4053,-573.9402,-629.19507,-575.4802
121959.77,-681.5503,-574.08594,-629.3406,-575.6262
121980.75,-681.6953,-574.23193,-629.4856,-575.772
122001.73,-681.8406,-574.3779,-629.63086,-575.91797
122022.7,-681.98535,-574.5239,-629.7761,-576.06396
122043.68,-682.1304,-574.6697,-629.92114,-576.20996
122064.66,-682.2759,-574.8159,-630.06665,-576.3557
122085.63,-682.4209,-574.9619,-630.2114,-576.5017
122106.61,-682.5659,-575.10767,-630.35693,-576.64795
122127.586,-682.71094,-575.25366,-630.50195,-576.7937
122148.56,-682.85596,-575.39966,-630.64746,-576.9397
122169.54,-683.001,-575.5454,-630.7925,-577.0857
122190.516,-683.146,-575.6914,-630.938,-577.2317
122211.49,-683.291,-575.83765,-631.083,-577.37744
122232.47,-683.43604,-575.98364,-631.228,-577.52344
122253.445,-683.58154,-576.1294,-631.37354,-577.66943
122274.42,-683.72656,-576.2754,-631.51855,-577.8154
122295.41,-683.8716,-576.4214,-631.66406,-577.9614
122316.38,-684.0166,-576.5674,-631.8093,-578.1072
122337.36,-684.1616,-576.7134,-631.9541,-578.2534
122358.336,-684.3071,-576.8594,-632.0996,-578.3992
122379.31,-684.45166,-577.0051,-632.2446,-578.54517
122400.29,-684.5967,-577.1511,-632.3904,-578.69116
122421.266,-684.7417,-577.2971,-632.53516,-578.83716
122442.24,-684.8872,-577.4431,-632.68066,-578.98315
122463.22,-685.0322,-577.58887,-632.8257,-579.1289
122484.195,-685.17725,-577.7351,-632.9712,-579.2749
122505.17,-685.32227,-577.8811,-633.1162,-579.4209
122526.15,-685.4673,-578.02686,-633.2612,-579.5669
122547.125,-685.6128,-578.17285,-633.40674,-579.71265
122568.1,-685.7578,-578.31885,-633.55176,-579.8589
122589.08,-685.90234,-578.46484,-633.697,-580.0049
122610.055,-686.04736,-578.6106,-633.8423,-580.15063
122631.03,-686.1929,-578.7566,-633.9878,-580.29663
122652.01,-686.3379,-578.90283,-634.13257,-580.4426
122672.984,-686.4829,-579.0486,-634.2781,-580.5884
122693.96,-686.6279,-579.1946,-634.4231,-580.7344
122714.94,-686.77295,-579.3406,-634.5686,-580.8804
122735.914,-686.91846,-579.4866,-634.7136,-581.0266
122756.9,-687.0635,-579.6323,-634.8589,-581.1726
122777.875,-687.2085,-579.7783,-635.0039,-581.31836
122798.85,-687.3535,-579.9243,-635.1494,-581.4646
122819.83,-687.49854,-580.0703,-635.29443,-581.61035
122840.805,-687.64355,-580.2163,-635.4397,-581.75635
122861.78,-687.7886,-580.36206,-635.5847,-581.90234
122882.76,-687.9336,-580.50806,-635.7302,-582.0481
122903.734,-688.0786,-580.6543,-635.8755,-582.1941
122924.71,-688.2241,-580.80005,-636.02075,-582.3401
122945.69,-688.36914,-580.9458,-636.1658,-582.4863
122966.664,-688.51416,-581.09204,-636.3113,-582.63184
122987.64,-688.6592,-581.2378,-636.45654,-582.7781
123008.62,-688.8042,-581.38403,-636.6013,-582.9241
123029.59,-688.9492,-581.53,-636.7468,-583.0698
123050.57,-689.09424,-581.676,-636.89185,-583.2158
123071.55,-689.23926,-581.8218,-637.03735,-583.3618
123092.52,-689.3843,-581.9678,-637.1824,-583.50757
123113.5,-689.5298,-582.1138,-637.3279,-583.65356
123134.48,-689.6748,-582.2595,-637.4729,-583.7998
123155.45,-689.8198,-582.4055,-637.61816,-583.9453
123176.43,-689.96484,-582.5513,-637.7632,-584.09155
123197.41,-690.10986,-582.69775,-637.9082,-584.23755
123218.39,-690.2549,-582.84326,-638.05396,-584.38354
123239.37,-690.3999,-582.98926,-638.199,-584.52954
123260.34,-690.5449,-583.13574,-638.344,-584.67554
123281.32,-690.68994,-583.2815,-638.4895,-584.8213
123302.3,-690.83496,-583.4275,-638.635,-584.9673
123323.27,-690.98,-583.5735,-638.78,-585.1133
123344.25,-691.1255,-583.71924,-638.9248,-585.25903
123365.23,-691.2705,-583.865,-639.07056,-585.4053
123386.2,-691.4155,-584.011,-639.21533,-585.5513
123407.18,-691.56055,-584.157,-639.3611,-585.69727
123428.16,-691.70557,-584.3032,-639.50586,-585.84326
123449.13,-691.8506,-584.4492,-639.65137,-585.989
123470.11,-691.9956,-584.5952,-639.7964,-586.135
123491.086,-692.1406,-584.74097,-639.94165,-586.281
123512.06,-692.28564,-584.88696,-640.0869,-586.42676
123533.04,-692.43066,-585.0327,-640.23193,-586.573
123554.016,-692.5762,-585.1787,-640.37744,-586.719
123574.99,-692.7212,-585.32446,-640.52246,-586.865
123595.97,-692.8662,-585.47046,-640.66797,-587.01074
123616.945,-693.0112,-585.61694,-640.813,-587.15674
123637.92,-693.15625,-585.7627,-640.958,-587.30273
123658.9,-693.3013,-585.9087,-641.1035,-587.4485
123679.875,-693.4463,-586.0547,-641.24854,-587.5945
123700.86,-693.5918,-586.20044,-641.39404,-587.7405
123721.836,-693.7368,-586.3467,-641.53906,-587.8865
123742.81,-693.88184,-586.49243,-641.6846,-588.0322
123763.79,-694.02734,-586.6382,-641.8296,-588.1782
123784.766,-694.17236,-586.7842,-641.9746,-588.32446
123805.74,-694.3169,-586.9302,-642.1201,-588.47046
123826.72,-694.4619,-587.0762,-642.26514,-588.61646
123847.695,-694.6074,-587.2224,-642.41064,-588.7622
123868.67,-694.75244,-587.3684,-642.55566,-588.9082
123889.65,-694.89746,-587.51416,-642.7009,-589.05396
123910.625,-695.042,-587.66016,-642.8462,-589.19995
123931.6,-695.1875,-587.8059,-642.99146,-589.3457
123952.58,-695.333,-587.9519,-643.1367,-589.4922
123973.555,-695.478,-588.0979,-643.2815,-589.6382
123994.53,-695.62305,-588.24365,-643.42725,-589.78394
124015.51,-695.7676,-588.38965,-643.572,-589.92993
124036.484,-695.9131,-588.53613,-643.7178,-590.0759
124057.46,-696.0581,-588.6819,-643.86255,-590.2217
124078.44,-696.2031,-588.82764,-644.00806,-590.36743
124099.414,-696.34814,-588.9739,-644.1531,-590.5137
124120.39,-696.49316,-589.1196,-644.2986,-590.6594
124141.37,-696.6387,-589.2654,-644.4436,-590.80566
124162.35,-696.7832,-589.4116,-644.5886,-590.9514
124183.33,-696.9282,-589.5574,-644.7344,-591.0979
124204.305,-697.0737,-589.70337,-644.87915,-591.24365
124225.28,-697.21875,-589.84937,-645.0244,-591.38965
124246.26,-697.3638,-589.9951,-645.1697,-591.53564
124267.234,-697.5088,-590.1416,-645.3147,-591.6814
124288.21,-697.6538,-590.28735,-645.4602,-591.82715
124309.19,-697.7988,-590.43335,-645.6052,-591.97314
124330.164,-697.94385,-590.5791,-645.75073,-592.11914
124351.14,-698.08887,-590.7251,-645.89575,-592.2649
124372.12,-698.2344,-590.8711,-646.04126,-592.4114
124393.09,-698.3789,-591.01685,-646.18604,-592.5574
124414.07,-698.5244,-591.16284,-646.3313,-592.7031
124435.05,-698.66943,-591.30884,-646.4768,-592.8491
124456.02,-698.81445,-591.4551,-646.6218,-592.9951
124477.0,-698.9595,-591.6008,-646.7671,-593.14087
124497.98,-699.1045,-591.7468,-646.91235,-593.2866
124518.95,-699.2495,-591.8928,-647.0576,-593.4326
124539.93,-699.39453,-592.0386,-647.2029,-593.5786
124560.91,-699.53955,-592.1846,-647.34814,-593.72485
124581.88,-699.68506,-592.33057,-647.49316,-593.87085
124602.86,-699.8301,-592.47656,-647.6387,-594.01685
124623.84,-699.9751,-592.62256,-647.78394,-594.16284
124644.82,-700.1201,-592.7688,-647.92896,-594.3086
124665.8,-700.26514,-592.9143,-648.0742,-594.4546
124686.77,-700.41016,-593.06055,-648.2195,-594.60034
124707.75,-700.5552,-593.20654,-648.3645,-594.74634
124728.73,-700.7002,-593.35254,-648.51,-594.89233
124749.7,-700.8452,-593.4983,-648.6548,-595.0381
124770.68,-700.99023,-593.6443,-648.8003,-595.1841
124791.66,-701.13574,-593.7903,-648.9453,-595.33057
124812.63,-701.28076,-593.93604,-649.0908,-595.47656
124833.61,-701.4258,-594.0823,-649.23584,-595.6221
124854.586,-701.5713,-594.228,-649.38135,-595.7683
124875.56,-701.7158,-594.37427,-649.52637,-595.91406
124896.54,-701.86084,-594.52,-649.6714,-596.06006
124917.516,-702.00586,-594.666,-649.8169,-596.2058
124938.49,-702.1509,-594.812,-649.9619,-596.3518
124959.47,-702.2964,-594.95776,-650.1074,-596.4983
124980.445,-702.4414,-595.10376,-650.2522,-596.64404
125001.42,-709.26025,-599.01,-654.135,-599.01
125022.4,-709.40674,-599.15674,-654.28174,-599.15674
125043.375,-709.5537,-599.30347,-654.42847,-599.30347
125064.35,-709.7002,-599.45044,-654.57544,-599.45044
125085.336,-709.84717,-599.5974,-654.7224,-599.5974
125106.31,-709.99414,-599.74414,-654.86914,-599.74414
125127.29,-710.1406,-599.89087,-655.01587,-599.89087
125148.266,-710.2876,-600.0376,-655.1626,-600.0376
125169.24,-710.43506,-600.1848,-655.3098,-600.1848
125190.22,-710.58154,-600.3318,-655.4568,-600.3318
125211.195,-710.7285,-600.4785,-655.6035,-600.4785
125232.17,-710.875,-600.62524,-655.75024,-600.62524
125253.15,-711.022,-600.772,-655.897,-600.772
125274.125,-711.16895,-600.9187,-656.0437,-600.9187
125295.1,-711.3154,-601.0657,-656.1907,-601.0657
125316.08,-711.4624,-601.2124,-656.3374,-601.2124
125337.055,-711.6094,-601.3596,-656.4846,-601.3596
125358.03,-711.75635,-601.50635,-656.63135,-601.50635
125379.01,-711.9033,-601.6531,-656.7781,-601.6531
125399.984,-712.0498,-601.80005,-656.92505,-601.80005
125420.96,-712.1968,-601.9468,-657.0718,-601.9468
125441.94,-712.34326,-602.0935,-657.2185,-602.0935
125462.914,-712.49023,-602.24023,-657.36523,-602.24023
125483.89,-712.6372,-602.38696,-657.51196,-602.38696
125504.87,-712.7842,-602.5344,-657.6594,-602.5344
125525.84,-712.93115,-602.68115,-657.80615,-602.68115
125546.82,-713.07764,-602.8279,-657.9529,-602.8279
125567.805,-713.2246,-602.97485,-658.09985,-602.97485
125588.78,-713.3716,-603.1216,-658.2466,-603.1216
125609.76,-713.51855,-603.2683,-658.3933,-603.2683
125630.734,-713.66504,-603.41504,-658.54004,-603.41504
125651.71,-713.812,-603.562,-658.687,-603.562
125672.69,-713.9585,-603.70874,-658.83374,-603.70874
125693.664,-714.10547,-603.85547,-658.98047,-603.85547
125714.64,-714.25244,-604.0022,-659.1272,-604.0022
125735.62,-714.3994,-604.1494,-659.2744,-604.1494
125756.59,-714.5464,-604.2964,-659.4214,-604.2964
125777.57,-714.6929,-604.4431,-659.5681,-604.4431
125798.55,-714.83984,-604.58984,-659.71484,-604.58984
125819.52,-714.9868,-604.7366,-659.8616,-604.7366
125840.5,-715.1333,-604.8833,-660.0083,-604.8833
125861.48,-715.2803,-605.0303,-660.1553,-605.0303
125882.45,-715.42676,-605.177,-660.302,-605.177
125903.43,-715.5742,-605.3242,-660.4492,-605.3242
125924.41,-715.7212,-605.47095,-660.59595,-605.47095
125945.38,-715.8677,-605.6177,-660.7427,-605.6177
125966.36,-716.01465,-605.76465,-660.88965,-605.76465
125987.336,-716.16113,-605.9114,-661.0364,-605.9114
126008.31,-716.3081,-606.0581,-661.1831,-606.0581
126029.3,-716.4551,-606.2051,-661.3301,-606.2051
126050.27,-716.60205,-606.3518,-661.4768,-606.3518
126071.25,-716.74854,-606.49854,-661.62354,-606.49854
126092.23,-716.8955,-606.6455,-661.7705,-606.6455
126113.2,-717.042,-606.79224,-661.91724,-606.79224
126134.18,-717.18945,-606.93945,-662.06445,-606.93945
126155.16,-717.3364,-607.0862,-662.2112,-607.0862
126176.13,-717.4829,-607.2329,-662.3579,-607.2329
126197.11,-717.6299,-607.3799,-662.5049,-607.3799
126218.086,-717.77637,-607.5266,-662.6516,-607.5266
126239.06,-717.92334,-607.67334,-662.79834,-607.67334
126260.04,-718.0703,-607.82007,-662.94507,-607.82007
126281.016,-718.2168,-607.9668,-663.0918,-607.9668
126301.99,-718.36426,-608.11426,-663.23926,-608.11426
126322.97,-718.51074,-608.261,-663.386,-608.261
126343.945,-718.6577,-608.4077,-663.5327,-608.4077
126364.92,-718.8047,-608.55444,-663.67944,-608.55444
126385.9,-718.9512,-608.7012,-663.8262,-608.7012
126406.875,-719.09814,-608.84814,-663.97314,-608.84814
126427.85,-719.2446,-608.9949,-664.1199,-608.9949
126448.83,-719.3916,-609.1416,-664.2666,-609.1416
126469.805,-719.53906,-609.2888,-664.4138,-609.2888
126490.79,-719.68555,-609.4353,-664.5603,-609.4353
126511.766,-719.8325,-609.5825,-664.7075,-609.5825
126532.74,-719.9795,-609.7295,-664.8545,-609.7295
126553.72,-720.126,-609.8762,-665.0012,-609.8762
126574.695,-720.27295,-610.02295,-665.14795,-610.02295
126595.67,-720.4199,-610.1697,-665.2947,-610.1697
126616.65,-720.5664,-610.3164,-665.4414,-610.3164
126637.625,-720.7134,-610.4634,-665.5884,-610.4634
126658.6,-720.85986,-610.6101,-665.7351,-610.6101
126679.58,-721.00684,-610.75684,-665.88184,-610.75684
126700.555,-721.1543,-610.90405,-666.02905,-610.90405
126721.53,-721.3008,-611.0508,-666.1758,-611.0508
126742.51,-721.44775,-611.19775,-666.32275,-611.19775
126763.484,-721.59424,-611.3445,-666.4695,-611.3445
126784.46,-721.7412,-611.4912,-666.6162,-611.4912
126805.44,-721.8882,-611.63794,-666.76294,-611.63794
126826.414,-722.03467,-611.78467,-666.90967,-611.78467
126847.39,-722.18164,-611.93164,-667.05664,-611.93164
126868.37,-722.3286,-612.07886,-667.20386,-612.07886
126889.34,-722.4756,-612.2256,-667.3506,-612.2256
126910.32,-722.62256,-612.3723,-667.4973,-612.3723
126931.3,-722.76904,-612.51904,-667.64404,-612.51904
126952.27,-722.916,-612.666,-667.791,-612.666
126973.26,-723.063,-612.81274,-667.93774,-612.81274
126994.234,-723.2095,-612.9597,-668.0847,-612.9597
127015.21,-723.35645,-613.10645,-668.23145,-613.10645
127036.19,-723.5034,-613.2532,-668.3782,-613.2532
127057.164,-723.6499,-613.3999,-668.5249,-613.3999
127078.14,-723.79736,-613.5471,-668.6721,-613.5471
127099.12,-723.94385,-613.6941,-668.8191,-613.6941
127120.09,-724.0908,-613.8408,-668.9658,-613.8408
127141.07,-724.2378,-613.98755,-669.11255,-613.98755
127162.05,-724.3843,-614.1343,-669.2593,-614.1343
127183.02,-724.53125,-614.281,-669.406,-614.281
127204.0,-724.67773,-614.428,-669.553,-614.428
127224.98,-724.8247,-614.5747,-669.6997,-614.5747
127245.95,-724.9717,-614.72144,-669.84644,-614.72144
127266.93,-725.11865,-614.86865,-669.99365,-614.86865
127287.91,-725.2656,-615.0154,-670.1404,-615.0154
127308.88,-725.4121,-615.16235,-670.28735,-615.16235
127329.86,-725.5591,-615.3091,-670.4341,-615.3091
127350.836,-725.70605,-615.4558,-670.5808,-615.4558
127371.81,-725.85254,-615.60254,-670.72754,-615.60254
127392.79,-725.9995,-615.74927,-670.87427,-615.74927
127413.766,-726.146,-615.89624,-671.02124,-615.89624
127434.75,-726.29297,-616.0432,-671.1682,-616.0432
127455.73,-726.43994,-616.18994,-671.31494,-616.18994
127476.7,-726.5869,-616.33716,-671.46216,-616.33716
127497.68,-726.7339,-616.4839,-671.6089,-616.4839
127518.66,-726.88086,-616.6306,-671.7556,-616.6306
127539.63,-727.02734,-616.7776,-671.9026,-616.7776
127560.61,-727.1743,-616.9243,-672.0493,-616.9243
127581.586,-727.3208,-617.07104,-672.19604,-617.07104
127602.56,-727.4678,-617.2178,-672.3428,-617.2178
127623.54,-727.61475,-617.3645,-672.4895,-617.3645
127644.516,-727.7617,-617.51196,-672.63696,-617.51196
127665.49,-727.9087,-617.6587,-672.7837,-617.6587
127686.47,-728.0552,-617.8054,-672.9304,-617.8054
127707.445,-728.20215,-617.95215,-673.07715,-617.95215
127728.42,-728.3491,-618.0989,-673.2239,-618.0989
127749.4,-728.4956,-618.24585,-673.37085,-618.24585
127770.375,-728.6426,-618.3926,-673.5176,-618.3926
127791.35,-728.78906,-618.5393,-673.6643,-618.5393
127812.33,-728.93604,-618.68604,-673.81104,-618.68604
127833.305,-729.0835,-618.83325,-673.95825,-618.83325
127854.28,-729.23,-618.9802,-674.1052,-618.9802
127875.26,-729.37695,-619.12695,-674.25195,-619.12695
127896.24,-729.5239,-619.2739,-674.3989,-619.2739
127917.22,-729.6704,-619.42065,-674.54565,-619.42065
127938.195,-729.8174,-619.5674,-674.6924,-619.5674
127959.17,-729.96436,-619.7141,-674.8391,-619.7141
127980.15,-730.11084,-619.86084,-674.98584,-619.86084
128001.125,-730.2578,-620.0078,-675.1328,-620.0078
128022.1,-730.4043,-620.15454,-675.27954,-620.15454
128043.08,-730.55176,-620.30176,-675.42676,-620.30176
128064.055,-730.6987,-620.4485,-675.5735,-620.4485
128085.03,-730.8452,-620.5952,-675.7202,-620.5952
128106.01,-730.9922,-620.7422,-675.8672,-620.7422
128126.984,-731.1387,-620.8889,-676.0139,-620.8889
128147.96,-731.28564,-621.03564,-676.16064,-621.03564
128168.94,-731.4326,-621.1824,-676.3074,-621.1824
128189.914,-731.5791,-621.3291,-676.4541,-621.3291
128210.89,-731.7261,-621.4761,-676.6011,-621.4761
128231.87,-731.87305,-621.6233,-676.7483,-621.6233
128252.84,-732.02,-621.77,-676.895,-621.77
128273.82,-732.167,-621.91675,-677.04175,-621.91675
128294.8,-732.3135,-622.0635,-677.1885,-622.0635
128315.77,-732.46045,-622.21045,-677.33545,-622.21045
128336.75,-732.60693,-622.3572,-677.4822,-622.3572
128357.734,-732.7539,-622.50415,-677.62915,-622.50415
128378.71,-732.9009,-622.6509,-677.7759,-622.6509
128399.69,-733.04785,-622.7976,-677.9226,-622.7976
128420.664,-733.19434,-622.94434,-678.06934,-622.94434
128441.64,-733.3418,-623.0918,-678.2168,-623.0918
128462.62,-733.4883,-623.2385,-678.3635,-623.2385
128483.59,-733.63525,-623.38525,-678.51025,-623.38525
128504.57,-733.7822,-623.532,-678.657,-623.532
128525.55,-733.9287,-623.6787,-678.8037,-623.6787
128546.52,-734.0757,-623.8257,-678.9507,-623.8257
128567.5,-734.22217,-623.9724,-679.0974,-623.9724
128588.48,-734.36914,-624.11914,-679.24414,-624.11914
128609.45,-734.5166,-624.26636,-679.39136,-624.26636
128630.43,-734.6631,-624.4131,-679.5381,-624.4131
128651.41,-734.81006,-624.56006,-679.68506,-624.56006
128672.38,-734.95654,-624.7068,-679.8318,-624.7068
128693.36,-735.1035,-624.8535,-679.9785,-624.8535
128714.336,-735.2505,-625.00024,-680.12524,-625.00024
128735.31,-735.397,-625.147,-680.272,-625.147
128756.29,-735.54395,-625.29395,-680.41895,-625.29395
128777.266,-735.6904,-625.4407,-680.5657,-625.4407
128798.24,-735.8379,-625.5879,-680.7129,-625.5879
128819.22,-735.98486,-625.7346,-680.8596,-625.7346
128840.2,-736.13184,-625.8816,-681.0066,-625.8816
128861.18,-736.2783,-626.0283,-681.1533,-626.0283
128882.16,-736.4253,-626.1753,-681.3003,-626.1753
128903.13,-736.5718,-626.322,-681.447,-626.322
128924.11,-736.71875,-626.46875,-681.59375,-626.46875
128945.086,-736.8657,-626.6155,-681.7405,-626.6155
128966.06,-737.0122,-626.7622,-681.8872,-626.7622
128987.04,-737.1592,-626.9092,-682.0342,-626.9092
129008.016,-737.30615,-627.0564,-682.1814,-627.0564
129028.99,-737.4531,-627.2031,-682.3281,-627.2031
129049.97,-737.6001,-627.34985,-682.4751,-627.34985
129070.945,-737.7466,-627.4966,-682.6216,-627.4966
129091.92,-737.89355,-627.64355,-682.76855,-627.64355
129112.9,-738.04004,-627.7903,-682.91504,-627.7903
129133.875,-738.187,-627.937,-683.062,-627.937
129154.85,-738.334,-628.08374,-683.209,-628.08374
129175.83,-738.48096,-628.23096,-683.35596,-628.23096
129196.805,-738.6279,-628.3779,-683.5029,-628.3779
129217.78,-738.7744,-628.52466,-683.6494,-628.52466
129238.76,-738.9214,-628.6714,-683.7964,-628.6714
129259.734,-739.06836,-628.8181,-683.94336,-628.8181
129280.71,-739.21484,-628.96484,-684.08984,-628.96484
129301.695,-739.3618,-629.1118,-684.2368,-629.1118
129322.67,-739.5088,-629.25854,-684.3838,-629.25854
129343.65,-739.6553,-629.4055,-684.5303,-629.4055
129364.625,-739.80225,-629.55225,-684.67725,-629.55225
129385.6,-739.9492,-629.699,-684.8242,-629.699
129406.58,-740.0962,-629.8462,-684.9712,-629.8462
129427.555,-740.24316,-629.9929,-685.11816,-629.9929
129448.53,-740.38965,-630.1399,-685.26465,-630.1399
129469.51,-740.5366,-630.2866,-685.4116,-630.2866
129490.484,-740.6836,-630.43335,-685.5586,-630.43335
129511.46,-740.8301,-630.5801,-685.7051,-630.5801
129532.44,-740.97705,-630.7268,-685.85205,-630.7268
129553.414,-741.12354,-630.8738,-685.99854,-630.8738
129574.39,-741.271,-631.021,-686.146,-631.021
129595.37,-741.41797,-631.1677,-686.29297,-631.1677
129616.34,-741.56445,-631.31445,-686.43945,-631.31445
129637.32,-741.7114,-631.4612,-686.5864,-631.4612
129658.3,-741.8579,-631.60815,-686.7329,-631.60815
129679.27,-742.0049,-631.7549,-686.8799,-631.7549
129700.25,-742.15186,-631.9016,-687.02686,-631.9016
129721.23,-742.29834,-632.04834,-687.17334,-632.04834
129742.2,-742.4458,-632.19556,-687.3208,-632.19556
129763.19,-742.5923,-632.34204,-687.4673,-632.34204
129784.164,-742.73926,-632.4895,-687.61426,-632.4895
129805.14,-742.8862,-632.6362,-687.7612,-632.6362
129826.12,-743.0327,-632.78296,-687.9077,-632.78296
129847.09,-743.1797,-632.9297,-688.0547,-632.9297
129868.07,-743.32666,-633.0764,-688.20166,-633.0764
129889.05,-743.47314,-633.2234,-688.34814,-633.2234
129910.02,-743.6201,-633.3701,-688.4951,-633.3701
129931.0,-743.7666,-633.51685,-688.6416,-633.51685
129951.98,-743.9136,-633.6636,-688.7886,-633.6636
129972.95,-744.06104,-633.8108,-688.93604,-633.8108
129993.93,-744.2075,-633.95776,-689.0825,-633.95776
130014.91,-744.3545,-634.1045,-689.2295,-634.1045
130035.88,-744.501,-634.2512,-689.376,-634.2512
130056.86,-744.64795,-634.39795,-689.52295,-634.39795
130077.836,-744.7949,-634.5447,-689.6699,-634.5447
130098.81,-744.9414,-634.69165,-689.8164,-634.69165
130119.79,-745.0884,-634.8384,-689.9634,-634.8384
130140.766,-745.23535,-634.9856,-690.11035,-634.9856
130161.74,-745.3823,-635.1323,-690.2573,-635.1323
130182.72,-745.5293,-635.27905,-690.4043,-635.27905
130203.695,-745.6758,-635.426,-690.5508,-635.426
130224.67,-745.82275,-635.57275,-690.69775,-635.57275
130245.66,-745.9697,-635.7197,-690.8447,-635.7197
130266.63,-746.1162,-635.86646,-690.9912,-635.86646
130287.61,-746.2632,-636.0132,-691.1382,-636.0132
130308.586,-746.41016,-636.1599,-691.28516,-636.1599
130329.56,-746.55664,-636.30664,-691.43164,-636.30664
130350.54,-746.7036,-636.4536,-691.5786,-636.4536
130371.516,-746.8506,-636.6008,-691.7256,-636.6008
130392.49,-746.99756,-636.74756,-691.87256,-636.74756
130413.47,-747.14453,-636.8943,-692.01953,-636.8943
130434.445,-747.291,-637.041,-692.166,-637.041
130455.42,-747.438,-637.188,-692.313,-637.188
130476.4,-747.5845,-637.3347,-692.4595,-637.3347
130497.375,-747.73145,-637.48145,-692.60645,-637.48145
130518.35,-747.8784,-637.6282,-692.7534,-637.6282
130539.33,-748.0254,-637.7754,-692.9004,-637.7754
130560.305,-748.17236,-637.92236,-693.04736,-637.92236
130581.28,-748.31885,-638.0691,-693.19385,-638.0691
130602.26,-748.4658,-638.2158,-693.3408,-638.2158
130623.234,-748.6128,-638.36255,-693.4878,-638.36255
130644.21,-748.7593,-638.5093,-693.6343,-638.5093
130665.19,-748.90625,-638.65625,-693.78125,-638.65625
130686.164,-749.05273,-638.803,-693.92773,-638.803
130707.15,-749.1997,-638.94995,-694.0747,-638.94995
130728.125,-749.3467,-639.0967,-694.2217,-639.0967
130749.1,-749.49414,-639.2439,-694.36914,-639.2439
130770.08,-749.6406,-639.3906,-694.5156,-639.3906
130791.055,-749.7876,-639.5376,-694.6626,-639.5376
130812.03,-749.9341,-639.6843,-694.8091,-639.6843
130833.01,-750.08105,-639.83105,-694.95605,-639.83105
130853.984,-750.228,-639.9778,-695.103,-639.9778
130874.96,-750.3745,-640.1245,-695.2495,-640.1245
130895.94,-750.5215,-640.2715,-695.3965,-640.2715
130916.914,-750.66797,-640.4182,-695.54297,-640.4182
130937.89,-750.8154,-640.5654,-695.6904,-640.5654
130958.87,-750.9624,-640.71216,-695.8374,-640.71216
130979.84,-751.1089,-640.8589,-695.9839,-640.8589
131000.82,-751.25586,-641.00586,-696.13086,-641.00586
131021.8,-751.40234,-641.1526,-696.27734,-641.1526
131042.77,-751.5493,-641.2993,-696.4243,-641.2993
131063.75,-751.6963,-641.44604,-696.5713,-641.44604
131084.73,-751.84326,-641.593,-696.71826,-641.593
131105.7,-751.99023,-641.74023,-696.86523,-641.74023
131126.69,-752.1367,-641.8867,-697.0117,-641.8867
131147.66,-752.2837,-642.0337,-697.1587,-642.0337
131168.64,-752.43066,-642.18066,-697.30566,-642.18066
131189.61,-752.57715,-642.32715,-697.45215,-642.32715
131210.6,-752.7241,-642.4741,-697.5991,-642.4741
131231.56,-752.8706,-642.62085,-697.7456,-642.62085
131252.55,-753.0176,-642.7678,-697.8926,-642.7678
131273.52,-753.16504,-642.9148,-698.04004,-642.9148
131294.5,-753.3115,-643.0613,-698.1865,-643.0613
131315.47,-753.4585,-643.2085,-698.3335,-643.2085
131336.45,-753.60547,-643.35547,-698.48047,-643.35547
131357.42,-753.75195,-643.50195,-698.62695,-643.50195
131378.4,-753.8989,-643.6489,-698.7739,-643.6489
131399.39,-754.0459,-643.7959,-698.9209,-643.7959
131420.36,-754.1924,-643.9424,-699.0674,-643.9424
131441.34,-754.33936,-644.08936,-699.21436,-644.08936
131462.31,-754.48584,-644.2361,-699.36084,-644.2361
131483.3,-754.6328,-644.38306,-699.5078,-644.38306
131504.27,-754.7803,-644.53,-699.6553,-644.53
131525.25,-754.92676,-644.6765,-699.80176,-644.6765
131546.22,-755.0737,-644.8237,-699.9487,-644.8237
131567.2,-755.2207,-644.97046,-700.0957,-644.97046
131588.17,-755.3672,-645.1172,-700.2422,-645.1172
131609.16,-755.51416,-645.26416,-700.38916,-645.26416
131630.12,-755.66064,-645.41064,-700.53564,-645.41064
131651.11,-755.8076,-645.5576,-700.6826,-645.5576
131672.08,-755.9546,-645.70483,-700.8296,-645.70483
131693.06,-756.1011,-645.8513,-700.9761,-645.8513
131714.03,-756.24854,-645.9983,-701.12354,-645.9983
131735.02,-756.3955,-646.14526,-701.2705,-646.14526
131755.98,-756.542,-646.292,-701.417,-646.292
131776.97,-756.68896,-646.4387,-701.56396,-646.4387
131797.94,-756.83545,-646.58545,-701.71045,-646.58545
131818.92,-756.9824,-646.7324,-701.8574,-646.7324
131839.89,-757.1294,-646.8794,-702.0044,-646.8794
131860.88,-757.2759,-647.0259,-702.1509,-647.0259
131881.86,-757.42285,-647.17285,-702.29785,-647.17285
131902.83,-757.5698,-647.32007,-702.4448,-647.32007
131923.81,-757.7168,-647.46704,-702.5918,-647.46704
131944.78,-757.8638,-647.6135,-702.7388,-647.6135
131965.77,-758.01025,-647.7605,-702.88525,-647.7605
131986.73,-758.1572,-647.907,-703.0322,-647.907
132007.72,-758.3042,-648.05396,-703.1792,-648.05396
132028.69,-758.4507,-648.2007,-703.3257,-648.2007
132049.67,-758.59766,-648.34766,-703.47266,-648.34766
132070.64,-758.7446,-648.4946,-703.6196,-648.4946
132091.62,-758.8911,-648.6411,-703.7661,-648.6411
132112.6,-759.0381,-648.7883,-703.9131,-648.7883
132133.58,-759.18506,-648.9353,-704.06006,-648.9353
132154.55,-759.33203,-649.0818,-704.20703,-649.0818
132175.53,-759.4785,-649.22876,-704.3535,-649.22876
132196.5,-759.6255,-649.37524,-704.5005,-649.37524
132217.48,-759.77246,-649.5222,-704.64746,-649.5222
132238.45,-759.91943,-649.66943,-704.79443,-649.66943
132259.44,-760.0659,-649.8159,-704.9409,-649.8159
132280.4,-760.2129,-649.9629,-705.0879,-649.9629
132301.39,-760.35986,-650.10986,-705.23486,-650.10986
132322.36,-760.50635,-650.2566,-705.38135,-650.2566
132343.34,-760.6533,-650.40356,-705.5283,-650.40356
132364.33,-760.8003,-650.5503,-705.6753,-650.5503
132385.3,-760.9468,-650.697,-705.8218,-650.697
132406.28,-761.09375,-650.844,-705.96875,-650.844
132427.25,-761.2407,-650.9905,-706.1157,-650.9905
132448.23,-761.3877,-651.13745,-706.2627,-651.13745
132469.2,-761.53467,-651.28467,-706.40967,-651.28467
132490.19,-761.68115,-651.43115,-706.55615,-651.43115
132511.16,-761.8281,-651.5781,-706.7031,-651.5781
132532.14,-761.9751,-651.7251,-706.8501,-651.7251
132553.11,-762.1216,-651.8718,-706.9966,-651.8718
132574.1,-762.26855,-652.01855,-707.14355,-652.01855
132595.06,-762.41504,-652.1653,-707.29004,-652.1653
132616.05,-762.562,-652.31226,-707.437,-652.31226
132637.02,-762.7095,-652.4592,-707.5845,-652.4592
132658.0,-762.85596,-652.6057,-707.73096,-652.6057
132678.97,-763.0029,-652.7529,-707.8779,-652.7529
132699.95,-763.1499,-652.8999,-708.0249,-652.8999
132720.92,-763.2964,-653.0464,-708.1714,-653.0464
132741.9,-763.44336,-653.19336,-708.31836,-653.19336
132762.88,-763.58984,-653.3401,-708.46484,-653.3401
132783.86,-763.7368,-653.4868,-708.6118,-653.4868
132804.84,-763.8838,-653.6338,-708.7588,-653.6338
132825.81,-764.0303,-653.7805,-708.9053,-653.7805
132846.8,-764.17725,-653.9275,-709.05225,-653.9275
132867.77,-764.3247,-654.07446,-709.1997,-654.07446
132888.75,-764.4717,-654.22144,-709.3467,-654.22144
132909.72,-764.61816,-654.36816,-709.49316,-654.36816
132930.7,-764.76514,-654.51514,-709.64014,-654.51514
132951.67,-764.9116,-654.6616,-709.7866,-654.6616
132972.66,-765.0586,-654.8086,-709.9336,-654.8086
132993.62,-765.2051,-654.9551,-710.0801,-654.9551
133014.61,-765.35205,-655.10205,-710.22705,-655.10205
133035.58,-765.499,-655.24927,-710.374,-655.24927
133056.56,-765.6455,-655.39575,-710.5205,-655.39575
133077.53,-765.79297,-655.5427,-710.66797,-655.5427
133098.52,-765.93994,-655.6897,-710.81494,-655.6897
133119.48,-766.0864,-655.8364,-710.9614,-655.8364
133140.47,-766.2334,-655.9834,-711.1084,-655.9834
133161.44,-766.3799,-656.1299,-711.2549,-656.1299
133182.42,-766.52686,-656.27686,-711.40186,-656.27686
133203.39,-766.6738,-656.4238,-711.5488,-656.4238
133224.38,-766.8203,-656.5703,-711.6953,-656.5703
133245.34,-766.9673,-656.7175,-711.8423,-656.7175
133266.33,-767.11426,-656.8645,-711.98926,-656.8645
133287.31,-767.2612,-657.0115,-712.1362,-657.0115
133308.28,-767.4082,-657.15796,-712.2832,-657.15796
133329.27,-767.5552,-657.30493,-712.4302,-657.30493
133350.23,-767.70166,-657.45166,-712.57666,-657.45166
133371.22,-767.84863,-657.59863,-712.72363,-657.59863
133392.19,-767.9951,-657.7451,-712.8701,-657.7451
133413.17,-768.1421,-657.8921,-713.0171,-657.8921
133434.14,-768.28906,-658.03906,-713.16406,-658.03906
133455.12,-768.43604,-658.18604,-713.31104,-658.18604
133476.1,-768.5825,-658.33276,-713.4575,-658.33276
133497.08,-768.7295,-658.47974,-713.6045,-658.47974
133518.05,-768.87646,-658.6262,-713.75146,-658.6262
133539.03,-769.02344,-658.7732,-713.89844,-658.7732
133560.0,-769.1699,-658.9199,-714.0449,-658.9199
133580.98,-769.3169,-659.0669,-714.1919,-659.0669
133601.95,-769.46387,-659.21387,-714.33887,-659.21387
133622.94,-769.61035,-659.36035,-714.48535,-659.36035
133643.9,-769.7573,-659.5073,-714.6323,-659.5073
133664.89,-769.9043,-659.6543,-714.7793,-659.6543
133685.86,-770.0508,-659.801,-714.9258,-659.801
133706.84,-770.19775,-659.948,-715.07275,-659.948
133727.81,-770.3447,-660.0945,-715.2197,-660.0945
133748.8,-770.4917,-660.24146,-715.3667,-660.24146
133769.78,-770.6387,-660.3884,-715.5137,-660.3884
133790.75,-770.78516,-660.53516,-715.66016,-660.53516
133811.73,-770.9321,-660.6819,-715.8071,-660.6819
133832.7,-771.0791,-660.8291,-715.9541,-660.8291
133853.69,-771.2261,-660.9761,-716.1011,-660.9761
133874.66,-771.37256,-661.12256,-716.24756,-661.12256
133895.64,-771.51953,-661.26953,-716.39453,-661.26953
133916.61,-771.666,-661.41626,-716.541,-661.41626
133937.6,-771.813,-661.56323,-716.688,-661.56323
133958.56,-771.95996,-661.7097,-716.83496,-661.7097
133979.55,-772.10693,-661.8567,-716.98193,-661.8567
134000.52,-772.2539,-662.0039,-717.1289,-662.0039
134021.5,-772.4009,-662.15063,-717.2759,-662.15063
134042.47,-772.54736,-662.29736,-717.42236,-662.29736
134063.45,-772.69434,-662.44434,-717.56934,-662.44434
134084.42,-772.8408,-662.5908,-717.7158,-662.5908
134105.4,-772.9878,-662.7378,-717.8628,-662.7378
134126.38,-773.1343,-662.8845,-718.0093,-662.8845
134147.36,-773.28125,-663.0315,-718.15625,-663.0315
134168.33,-773.4287,-663.17847,-718.3037,-663.17847
134189.31,-773.5752,-663.32495,-718.4502,-663.32495
134210.3,-773.7217,-663.4719,-718.5967,-663.4719
134231.27,-773.86914,-663.6189,-718.74414,-663.6189
134252.25,-774.0161,-663.76587,-718.8911,-663.76587
134273.22,-774.1626,-663.9126,-719.0376,-663.9126
134294.2,-774.3096,-664.0596,-719.1846,-664.0596
134315.17,-774.45605,-664.20605,-719.33105,-664.20605
134336.16,-774.603,-664.353,-719.478,-664.353
134357.12,-774.7495,-664.49976,-719.6245,-664.49976
134378.11,-774.8965,-664.6467,-719.7715,-664.6467
134399.08,-775.04395,-664.7937,-719.91895,-664.7937
134420.06,-775.1904,-664.9407,-720.0654,-664.9407
134441.03,-775.3374,-665.08716,-720.2124,-665.08716
134462.02,-775.4844,-665.23413,-720.3594,-665.23413
134482.98,-775.63086,-665.38086,-720.50586,-665.38086
134503.97,-775.77783,-665.52783,-720.65283,-665.52783
134524.94,-775.9243,-665.6743,-720.7993,-665.6743
134545.92,-776.0713,-665.8213,-720.9463,-665.8213
134566.89,-776.21826,-665.9685,-721.09326,-665.9685
134587.88,-776.36523,-666.1155,-721.24023,-666.1155
134608.84,-776.5122,-666.26196,-721.3872,-666.26196
134629.83,-776.6587,-666.40894,-721.5337,-666.40894
134650.8,-776.80566,-666.5554,-721.68066,-666.5554
134671.78,-776.95264,-666.7024,-721.82764,-666.7024
134692.77,-777.0996,-666.84937,-721.9746,-666.84937
134713.73,-777.2461,-666.9961,-722.1211,-666.9961
134734.72,-777.39307,-667.14307,-722.26807,-667.14307
134755.69,-777.53955,-667.28955,-722.41455,-667.28955
134776.67,-777.6865,-667.4365,-722.5615,-667.4365
134797.64,-777.8335,-667.58374,-722.7085,-667.58374
134818.62,-777.98047,-667.73047,-722.85547,-667.73047
134839.6,-778.12695,-667.8772,-723.00195,-667.8772
134860.58,-778.2739,-668.0242,-723.1489,-668.0242
134881.55,-778.4209,-668.17065,-723.2959,-668.17065
134902.53,-778.5679,-668.3176,-723.4429,-668.3176
134923.5,-778.71436,-668.46436,-723.58936,-668.46436
134944.48,-778.8613,-668.6113,-723.7363,-668.6113
134965.45,-779.0083,-668.7583,-723.8833,-668.7583
134986.44,-779.1553,-668.9053,-724.0303,-668.9053
135007.4,-779.30176,-669.052,-724.17676,-669.052
135028.39,-779.4487,-669.1987,-724.3237,-669.1987
135049.36,-779.5952,-669.34546,-724.4702,-669.34546
135070.34,-779.7422,-669.49243,-724.6172,-669.49243
135091.31,-779.88916,-669.6389,-724.76416,-669.6389
135112.3,-780.03613,-669.7859,-724.91113,-669.7859
135133.27,-780.1831,-669.9331,-725.0581,-669.9331
135154.25,-780.3296,-670.0796,-725.2046,-670.0796
135175.23,-780.47656,-670.22656,-725.35156,-670.22656
135196.2,-780.62354,-670.37354,-725.49854,-670.37354
135217.19,-780.7705,-670.5205,-725.6455,-670.5205
135238.16,-780.917,-670.667,-725.792,-670.667
135259.14,-781.06396,-670.81396,-725.93896,-670.81396
135280.11,-781.21045,-670.9607,-726.08545,-670.9607
135301.1,-781.3574,-671.10767,-726.2324,-671.10767
135322.06,-781.5044,-671.25415,-726.3794,-671.25415
135343.05,-781.65137,-671.4011,-726.52637,-671.4011
135364.02,-781.79834,-671.54834,-726.67334,-671.54834
135385.0,-781.9453,-671.6953,-726.8203,-671.6953
135405.97,-782.0918,-671.8418,-726.9668,-671.8418
135426.95,-782.2388,-671.9888,-727.1138,-671.9888
135447.92,-782.38525,-672.13525,-727.26025,-672.13525
135468.9,-782.5322,-672.2822,-727.4072,-672.2822
135489.88,-782.6787,-672.42896,-727.5537,-672.42896
135510.86,-782.8257,-672.5759,-727.7007,-672.5759
135531.83,-782.97314,-672.7229,-727.84814,-672.7229
135552.81,-783.1201,-672.8699,-727.9951,-672.8699
135573.78,-783.2666,-673.0166,-728.1416,-673.0166
135594.77,-783.4136,-673.1636,-728.2886,-673.1636
135615.75,-783.56055,-673.31055,-728.43555,-673.31055
135636.72,-783.70703,-673.45703,-728.58203,-673.45703
135657.7,-783.854,-673.604,-728.729,-673.604
135678.67,-784.0005,-673.7505,-728.8755,-673.7505
135699.66,-784.14746,-673.89746,-729.02246,-673.89746
135720.62,-784.29395,-674.0442,-729.16895,-674.0442
135741.61,-784.4409,-674.19116,-729.3159,-674.19116
135762.58,-784.5884,-674.33813,-729.4634,-674.33813
135783.56,-784.73535,-674.4851,-729.61035,-674.4851
135804.53,-784.88184,-674.63184,-729.75684,-674.63184
135825.52,-785.0288,-674.7788,-729.9038,-674.7788
135846.48,-785.1753,-674.9253,-730.0503,-674.9253
135867.47,-785.32227,-675.07227,-730.19727,-675.07227
135888.44,-785.46875,-675.21875,-730.34375,-675.21875
135909.42,-785.6157,-675.3657,-730.4907,-675.3657
135930.39,-785.7627,-675.51294,-730.6377,-675.51294
135951.38,-785.90967,-675.6599,-730.78467,-675.6599
135972.34,-786.05664,-675.8064,-730.93164,-675.8064
135993.33,-786.2036,-675.95337,-731.0786,-675.95337
136014.3,-786.3501,-676.1001,-731.2251,-676.1001
136035.28,-786.4971,-676.2471,-731.3721,-676.2471
136056.25,-786.64355,-676.39355,-731.51855,-676.39355
136077.23,-786.7905,-676.5405,-731.6655,-676.5405
136098.22,-786.9375,-676.6875,-731.8125,-676.6875
136119.19,-787.0845,-676.8345,-731.9595,-676.8345
136140.17,-787.23096,-676.98096,-732.10596,-676.98096
136161.14,-787.3779,-677.1282,-732.2529,-677.1282
136182.12,-787.5249,-677.27515,-732.3999,-677.27515
136203.1,-787.6719,-677.42163,-732.5469,-677.42163
136224.08,-787.81885,-677.5686,-732.69385,-677.5686
136245.05,-787.96533,-677.71533,-732.84033,-677.71533
136266.03,-788.1123,-677.86206,-732.9873,-677.86206
136287.0,-788.2588,-678.0088,-733.1338,-678.0088
136307.98,-788.40576,-678.15576,-733.28076,-678.15576
136328.95,-788.55273,-678.30273,-733.42773,-678.30273
136349.94,-788.6997,-678.4497,-733.5747,-678.4497
136370.9,-788.8462,-678.59644,-733.7212,-678.59644
136391.89,-788.99316,-678.7434,-733.86816,-678.7434
136412.86,-789.14014,-678.8899,-734.01514,-678.8899
136433.84,-789.2871,-679.03687,-734.1621,-679.03687
136454.81,-789.4336,-679.1836,-734.3086,-679.1836
136475.8,-789.58057,-679.3303,-734.45557,-679.3303
136496.77,-789.72754,-679.47754,-734.60254,-679.47754
136517.75,-789.8745,-679.6245,-734.7495,-679.6245
136538.72,-790.021,-679.771,-734.896,-679.771
136559.7,-790.16797,-679.91797,-735.04297,-679.91797
136580.69,-790.31494,-680.06494,-735.18994,-680.06494
136601.66,-790.4614,-680.2117,-735.3364,-680.2117
136622.64,-790.6084,-680.35864,-735.4834,-680.35864
136643.61,-790.7554,-680.5051,-735.6304,-680.5051
136664.6,-790.90186,-680.6521,-735.77686,-680.6521
136685.56,-791.0493,-680.7991,-735.9243,-680.7991
136706.55,-791.1958,-680.94556,-736.0708,-680.94556
136727.52,-791.3428,-681.0928,-736.2178,-681.0928
136748.5,-791.48975,-681.23975,-736.36475,-681.23975
136769.47,-791.6362,-681.3862,-736.5112,-681.3862
136790.45,-791.7832,-681.5332,-736.6582,-681.5332
136811.42,-791.9297,-681.67993,-736.8047,-681.67993
136832.4,-792.07666,-681.8269,-736.95166,-681.8269
136853.38,-792.22363,-681.9734,-737.09863,-681.9734
136874.36,-792.3701,-682.12036,-737.2451,-682.12036
136895.33,-792.5176,-682.26733,-737.3926,-682.26733
136916.31,-792.66455,-682.41455,-737.53955,-682.41455
136937.28,-792.81104,-682.56104,-737.68604,-682.56104
136958.27,-792.958,-682.708,-737.833,-682.708
136979.23,-793.1045,-682.8545,-737.9795,-682.8545
137000.22,-793.25146,-683.00146,-738.12646,-683.00146
137021.2,-793.39844,-683.14844,-738.27344,-683.14844
137042.17,-793.5449,-683.2949,-738.4199,-683.2949
137063.16,-793.6919,-683.4419,-738.5669,-683.4419
137084.12,-793.83887,-683.58887,-738.71387,-683.58887
137105.11,-793.98535,-683.73535,-738.86035,-683.73535
137126.08,-794.1328,-683.8828,-739.0078,-683.8828
137147.06,-794.2798,-684.0298,-739.1548,-684.0298
137168.03,-794.4263,-684.1763,-739.3013,-684.1763
137189.02,-794.57324,-684.32324,-739.44824,-684.32324
137209.98,-794.7197,-684.4697,-739.5947,-684.4697
137230.97,-794.8667,-684.6167,-739.7417,-684.6167
137251.94,-795.0137,-684.7637,-739.8887,-684.7637
137272.92,-795.16016,-684.91016,-740.03516,-684.91016
137293.89,-795.3071,-685.0571,-740.1821,-685.0571
137314.88,-795.4541,-685.2041,-740.3291,-685.2041
137335.84,-795.6011,-685.3511,-740.4761,-685.3511
137356.83,-795.74805,-685.49805,-740.62305,-685.49805
137377.8,-795.89453,-685.64453,-740.76953,-685.64453
137398.78,-796.0415,-685.7915,-740.9165,-685.7915
137419.75,-796.188,-685.938,-741.063,-685.938
137440.73,-796.33496,-686.08496,-741.20996,-686.08496
137461.7,-796.48193,-686.23193,-741.35693,-686.23193
137482.69,-796.6289,-686.3789,-741.5039,-686.3789
137503.67,-796.7754,-686.5254,-741.6504,-686.5254
137524.64,-796.92236,-686.67236,-741.79736,-686.67236
137545.62,-797.06934,-686.81934,-741.94434,-686.81934
137566.6,-797.2163,-686.9663,-742.0913,-686.9663
137587.58,-797.3633,-687.1133,-742.2383,-687.1133
137608.55,-797.50977,-687.25977,-742.38477,-687.25977
137629.53,-797.65674,-687.40674,-742.53174,-687.40674
137650.5,-797.8037,-687.5537,-742.6787,-687.5537
137671.48,-797.9502,-687.7002,-742.8252,-687.7002
137692.45,-798.09717,-687.84717,-742.97217,-687.84717
137713.44,-798.24414,-687.99414,-743.11914,-687.99414
137734.4,-798.3906,-688.1406,-743.2656,-688.1406
137755.39,-798.5376,-688.2876,-743.4126,-688.2876
137776.36,-798.6846,-688.4346,-743.5596,-688.4346
137797.34,-798.83154,-688.58154,-743.70654,-688.58154
137818.31,-798.978,-688.728,-743.853,-688.728
137839.3,-799.125,-688.875,-744.0,-688.875
137860.27,-799.272,-689.022,-744.147,-689.022
137881.25,-799.41895,-689.16895,-744.29395,-689.16895
137902.22,-799.5654,-689.3154,-744.4404,-689.3154
137923.2,-799.7124,-689.4624,-744.5874,-689.4624
137944.19,-799.8594,-689.6094,-744.7344,-689.6094
137965.16,-800.00586,-689.75586,-744.88086,-689.75586
137986.14,-800.15283,-689.90283,-745.02783,-689.90283
138007.11,-800.2998,-690.0498,-745.1748,-690.0498
138028.1,-800.4468,-690.1968,-745.3218,-690.1968
138049.06,-800.59375,-690.34375,-745.46875,-690.34375
138070.05,-800.74023,-690.49023,-745.61523,-690.49023
138091.02,-800.8872,-690.6372,-745.7622,-690.6372
138112.0,-801.0342,-690.7842,-745.9092,-690.7842
138132.97,-801.18066,-690.93066,-746.05566,-690.93066
138153.95,-801.32764,-691.07764,-746.20264,-691.07764
138174.92,-801.4741,-691.2241,-746.3491,-691.2241
138195.9,-801.6211,-691.3711,-746.4961,-691.3711
138216.88,-801.76855,-691.51855,-746.64355,-691.51855
138237.86,-801.91504,-691.66504,-746.79004,-691.66504
138258.83,-802.062,-691.812,-746.937,-691.812
138279.81,-802.209,-691.959,-747.084,-691.959
138300.78,-802.35547,-692.10547,-747.23047,-692.10547
138321.77,-802.50244,-692.25244,-747.37744,-692.25244
138342.73,-802.6489,-692.3989,-747.5239,-692.3989
138363.72,-802.7959,-692.5459,-747.6709,-692.5459
138384.69,-802.9424,-692.6924,-747.8174,-692.6924
138405.67,-803.08936,-692.83936,-747.96436,-692.83936
138426.66,-803.2363,-692.9863,-748.1113,-692.9863
138447.62,-803.3838,-693.1338,-748.2588,-693.1338
138468.61,-803.5303,-693.2803,-748.4053,-693.2803
138489.58,-803.67725,-693.42725,-748.55225,-693.42725
138510.56,-803.8242,-693.5742,-748.6992,-693.5742
138531.53,-803.9707,-693.7207,-748.8457,-693.7207
138552.52,-804.1177,-693.8677,-748.9927,-693.8677
138573.48,-804.26416,-694.01416,-749.13916,-694.01416
138594.47,-804.41113,-694.16113,-749.28613,-694.16113
138615.44,-804.5581,-694.3081,-749.4331,-694.3081
138636.42,-804.7046,-694.4546,-749.5796,-694.4546
138657.39,-804.85205,-694.60205,-749.72705,-694.60205
138678.38,-804.999,-694.749,-749.874,-694.749
138699.34,-805.1455,-694.8955,-750.0205,-694.8955
138720.33,-805.2925,-695.0425,-750.1675,-695.0425
138741.3,-805.43896,-695.18896,-750.31396,-695.18896
138762.28,-805.58594,-695.33594,-750.46094,-695.33594
138783.25,-805.7329,-695.4829,-750.6079,-695.4829
138804.23,-805.8794,-695.6294,-750.7544,-695.6294
138825.2,-806.02637,-695.77637,-750.90137,-695.77637
138846.19,-806.17334,-695.92334,-751.04834,-695.92334
138867.16,-806.3203,-696.0703,-751.1953,-696.0703
138888.14,-806.4673,-696.2173,-751.3423,-696.2173
138909.12,-806.6138,-696.3638,-751.4888,-696.3638
138930.1,-806.76074,-696.51074,-751.63574,-696.51074
138951.08,-806.9077,-696.6577,-751.7827,-696.6577
138972.05,-807.0542,-696.8042,-751.9292,-696.8042
138993.03,-807.2012,-696.9512,-752.0762,-696.9512
139014.0,-807.34814,-697.09814,-752.22314,-697.09814
139034.98,-807.4946,-697.2446,-752.3696,-697.2446
139055.95,-807.6416,-697.3916,-752.5166,-697.3916
139076.94,-807.7886,-697.5386,-752.6636,-697.5386
139097.9,-807.93555,-697.68555,-752.81055,-697.68555
139118.89,-808.08203,-697.83203,-752.95703,-697.83203
139139.86,-808.229,-697.979,-753.104,-697.979
139160.84,-808.376,-698.126,-753.251,-698.126
139181.81,-808.52295,-698.27295,-753.39795,-698.27295
139202.8,-808.66943,-698.41943,-753.54443,-698.41943
139223.77,-808.8164,-698.5664,-753.6914,-698.5664
139244.75,-808.9634,-698.7134,-753.8384,-698.7134
139265.72,-809.10986,-698.85986,-753.98486,-698.85986
139286.7,-809.25684,-699.00684,-754.13184,-699.00684
139307.67,-809.4038,-699.1538,-754.2788,-699.1538
139328.66,-809.5503,-699.3003,-754.4253,-699.3003
139349.64,-809.69727,-699.44727,-754.57227,-699.44727
139370.61,-809.84424,-699.59424,-754.71924,-699.59424
139391.6,-809.9912,-699.7412,-754.8662,-699.7412
139412.56,-810.1382,-699.8882,-755.0132,-699.8882
139433.55,-810.28467,-700.03467,-755.15967,-700.03467
139454.52,-810.43164,-700.18164,-755.30664,-700.18164
139475.5,-810.5786,-700.3286,-755.4536,-700.3286
139496.47,-810.7251,-700.4751,-755.6001,-700.4751
139517.45,-810.8721,-700.6221,-755.7471,-700.6221
139538.42,-811.01855,-700.76855,-755.89355,-700.76855
139559.4,-811.1655,-700.9155,-756.0405,-700.9155
139580.38,-811.313,-701.063,-756.188,-701.063
139601.36,-811.4595,-701.2095,-756.3345,-701.2095
139622.33,-811.60645,-701.35645,-756.48145,-701.35645
139643.31,-811.7534,-701.5034,-756.6284,-701.5034
139664.28,-811.8999,-701.6499,-756.7749,-701.6499
139685.27,-812.0469,-701.7969,-756.9219,-701.7969
139706.23,-812.19336,-701.94336,-757.06836,-701.94336
139727.22,-812.34033,-702.09033,-757.21533,-702.09033
139748.19,-812.4873,-702.2373,-757.3623,-702.2373
139769.17,-812.6338,-702.3838,-757.5088,-702.3838
139790.14,-812.78125,-702.53125,-757.65625,-702.53125
139811.12,-812.9282,-702.6782,-757.8032,-702.6782
139832.11,-813.0752,-702.8252,-757.9502,-702.8252
139853.08,-813.2217,-702.9717,-758.0967,-702.9717
139874.06,-813.36865,-703.11865,-758.24365,-703.11865
139895.03,-813.51514,-703.26514,-758.39014,-703.26514
139916.02,-813.6621,-703.4121,-758.5371,-703.4121
139936.98,-813.8086,-703.5586,-758.6836,-703.5586
139957.97,-813.95557,-703.70557,-758.83057,-703.70557
139978.94,-814.10254,-703.85254,-758.97754,-703.85254
139999.92,-814.249,-703.999,-759.124,-703.999
140020.89,-814.3965,-704.1465,-759.2715,-704.1465
140041.88,-814.54346,-704.29346,-759.41846,-704.29346
140062.84,-814.68994,-704.43994,-759.56494,-704.43994
140083.83,-814.8369,-704.5869,-759.7119,-704.5869
140104.8,-814.9834,-704.7334,-759.8584,-704.7334
140125.78,-815.1304,-704.8804,-760.0054,-704.8804
140146.75,-815.27734,-705.02734,-760.15234,-705.02734
140167.73,-815.4238,-705.1738,-760.2988,-705.1738
140188.7,-815.5708,-705.3208,-760.4458,-705.3208
140209.69,-815.7178,-705.4678,-760.5928,-705.4678
140230.66,-815.86475,-705.61475,-760.73975,-705.61475
140251.64,-816.0117,-705.7617,-760.8867,-705.7617
140272.61,-816.1582,-705.9082,-761.0332,-705.9082
140293.6,-816.3052,-706.0552,-761.1802,-706.0552
140314.58,-816.45215,-706.20215,-761.32715,-706.20215
140335.55,-816.59863,-706.34863,-761.47363,-706.34863
140356.53,-816.7456,-706.4956,-761.6206,-706.4956
140377.5,-816.8926,-706.6426,-761.7676,-706.6426
140398.48,-817.03955,-706.78955,-761.91455,-706.78955
140419.45,-817.18604,-706.93604,-762.06104,-706.93604
140440.44,-817.333,-707.083,-762.208,-707.083
140461.4,-817.48,-707.23,-762.355,-707.23
140482.39,-817.62695,-707.37695,-762.50195,-707.37695
140503.36,-817.77344,-707.52344,-762.64844,-707.52344
140524.34,-817.9204,-707.6704,-762.7954,-707.6704
140545.31,-818.0674,-707.8174,-762.9424,-707.8174
140566.3,-818.21387,-707.96387,-763.08887,-707.96387
140587.27,-818.36084,-708.11084,-763.23584,-708.11084
140608.25,-818.5078,-708.2578,-763.3828,-708.2578
140629.22,-818.6543,-708.4043,-763.5293,-708.4043
140650.2,-818.8013,-708.5513,-763.6763,-708.5513
140671.17,-818.94824,-708.69824,-763.82324,-708.69824
140692.16,-819.0952,-708.8452,-763.9702,-708.8452
140713.12,-819.2422,-708.9922,-764.1172,-708.9922
140734.11,-819.3887,-709.1387,-764.2637,-709.1387
140755.1,-819.53564,-709.28564,-764.41064,-709.28564
140776.06,-819.6826,-709.4326,-764.5576,-709.4326
140797.05,-819.8296,-709.5796,-764.7046,-709.5796
140818.02,-819.9761,-709.7261,-764.8511,-709.7261
140839.0,-820.12305,-709.87305,-764.99805,-709.87305
140859.97,-820.26953,-710.01953,-765.14453,-710.01953
140880.95,-820.4165,-710.1665,-765.2915,-710.1665
140901.92,-820.5635,-710.3135,-765.4385,-710.3135
140922.9,-820.71045,-710.46045,-765.58545,-710.46045
140943.88,-820.8574,-710.6074,-765.7324,-710.6074
140964.86,-821.0044,-710.7544,-765.8794,-710.7544
140985.83,-821.1509,-710.9009,-766.0259,-710.9009
141006.81,-821.29785,-711.04785,-766.17285,-711.04785
141027.78,-821.44434,-711.19434,-766.31934,-711.19434
141048.77,-821.5913,-711.3413,-766.4663,-711.3413
141069.73,-821.7378,-711.4878,-766.6128,-711.4878
141090.72,-821.88477,-711.63477,-766.75977,-711.63477
141111.69,-822.0322,-711.7822,-766.9072,-711.7822
141132.67,-822.1787,-711.9287,-767.0537,-711.9287
141153.64,-822.3257,-712.0757,-767.2007,-712.0757
141174.62,-822.47266,-712.22266,-767.34766,-712.22266
141195.6,-822.61914,-712.36914,-767.49414,-712.36914
141216.58,-822.7661,-712.5161,-767.6411,-712.5161
141237.56,-822.9131,-712.6631,-767.7881,-712.6631
141258.53,-823.0596,-712.8096,-767.9346,-712.8096
141279.52,-823.20654,-712.95654,-768.08154,-712.95654
141300.48,-823.353,-713.103,-768.228,-713.103
141321.47,-823.5,-713.25,-768.375,-713.25
141342.44,-823.64746,-713.39746,-768.52246,-713.39746
141363.42,-823.79395,-713.54395,-768.66895,-713.54395
141384.39,-823.9409,-713.6909,-768.8159,-713.6909
141405.38,-824.0879,-713.8379,-768.9629,-713.8379
141426.34,-824.2344,-713.9844,-769.1094,-713.9844
141447.33,-824.38135,-714.13135,-769.25635,-714.13135
141468.3,-824.52783,-714.27783,-769.40283,-714.27783
141489.28,-824.6748,-714.4248,-769.5498,-714.4248
141510.25,-824.8218,-714.5718,-769.6968,-714.5718
141531.23,-824.96875,-714.71875,-769.84375,-714.71875
141552.2,-825.1157,-714.8657,-769.9907,-714.8657
141573.19,-825.2622,-715.0122,-770.1372,-715.0122
141594.16,-825.4092,-715.1592,-770.2842,-715.1592
141615.14,-825.55615,-715.30615,-770.43115,-715.30615
141636.11,-825.70264,-715.45264,-770.57764,-715.45264
141657.1,-825.8496,-715.5996,-770.7246,-715.5996
141678.06,-825.9966,-715.7466,-770.8716,-715.7466
141699.05,-826.14307,-715.89307,-771.01807,-715.89307
141720.03,-826.29004,-716.04004,-771.16504,-716.04004
141741.0,-826.437,-716.187,-771.312,-716.187
141761.98,-826.584,-716.334,-771.459,-716.334
141782.95,-826.73047,-716.48047,-771.60547,-716.48047
141803.94,-826.87744,-716.62744,-771.75244,-716.62744
141824.9,-827.0244,-716.7744,-771.8994,-716.7744
141845.89,-827.1714,-716.9214,-772.0464,-716.9214
141866.86,-827.3179,-717.0679,-772.1929,-717.0679
141887.84,-827.46484,-717.21484,-772.33984,-717.21484
141908.81,-827.6118,-717.3618,-772.4868,-717.3618
141929.8,-827.7588,-717.5088,-772.6338,-717.5088
141950.77,-827.9053,-717.6553,-772.7803,-717.6553
141971.75,-828.05225,-717.80225,-772.92725,-717.80225
141992.72,-828.1987,-717.9487,-773.0737,-717.9487
142013.7,-828.3457,-718.0957,-773.2207,-718.0957
142034.67,-828.4927,-718.2427,-773.3677,-718.2427
142055.66,-828.63965,-718.38965,-773.51465,-718.38965
142076.62,-828.7866,-718.5366,-773.6616,-718.5366
142097.61,-828.9331,-718.6831,-773.8081,-718.6831
142118.58,-829.0801,-718.8301,-773.9551,-718.8301
142139.56,-829.22705,-718.97705,-774.10205,-718.97705
142160.55,-829.374,-719.124,-774.249,-719.124
142181.52,-829.5205,-719.2705,-774.3955,-719.2705
142202.5,-829.6675,-719.4175,-774.5425,-719.4175
142223.47,-829.81396,-719.56396,-774.68896,-719.56396
142244.45,-829.96094,-719.71094,-774.83594,-719.71094
142265.42,-830.1079,-719.8579,-774.9829,-719.8579
142286.4,-830.2549,-720.0049,-775.1299,-720.0049
142307.38,-830.40186,-720.15186,-775.27686,-720.15186
142328.36,-830.5488,-720.2988,-775.4238,-720.2988
142349.33,-830.6953,-720.4453,-775.5703,-720.4453
142370.31,-830.8423,-720.5923,-775.7173,-720.5923
142391.28,-830.9888,-720.7388,-775.8638,-720.7388
142412.27,-831.13574,-720.88574,-776.01074,-720.88574
142433.23,-831.2822,-721.0322,-776.1572,-721.0322
142454.22,-831.4292,-721.1792,-776.3042,-721.1792
142475.19,-831.57666,-721.32666,-776.45166,-721.32666
142496.17,-831.72363,-721.47363,-776.59863,-721.47363
142517.14,-831.8701,-721.6201,-776.7451,-721.6201
142538.12,-832.0171,-721.7671,-776.8921,-721.7671
142559.1,-832.1636,-721.9136,-777.0386,-721.9136
142580.08,-832.31055,-722.06055,-777.18555,-722.06055
142601.05,-832.45703,-722.20703,-777.33203,-722.20703
142622.03,-832.604,-722.354,-777.479,-722.354
142643.02,-832.751,-722.501,-777.626,-722.501
142663.98,-832.89746,-722.64746,-777.77246,-722.64746
142684.97,-833.04443,-722.79443,-777.91943,-722.79443
142705.94,-833.1919,-722.9419,-778.0669,-722.9419
142726.92,-833.33887,-723.08887,-778.21387,-723.08887
142747.89,-833.48535,-723.23535,-778.36035,-723.23535
142768.88,-833.6323,-723.3823,-778.5073,-723.3823
142789.84,-833.7788,-723.5288,-778.6538,-723.5288
142810.83,-833.9258,-723.6758,-778.8008,-723.6758
142831.8,-834.07227,-723.82227,-778.94727,-723.82227
142852.78,-834.21924,-723.96924,-779.09424,-723.96924
142873.75,-834.3662,-724.1162,-779.2412,-724.1162
142894.73,-834.5132,-724.2632,-779.3882,-724.2632
142915.7,-834.66016,-724.41016,-779.53516,-724.41016
142936.69,-834.8071,-724.5571,-779.6821,-724.5571
142957.66,-834.9536,-724.7036,-779.8286,-724.7036
142978.64,-835.1006,-724.8506,-779.9756,-724.8506
142999.61,-835.2471,-724.9971,-780.1221,-724.9971
143020.6,-835.39404,-725.14404,-780.26904,-725.14404
143041.56,-835.541,-725.291,-780.416,-725.291
143062.55,-835.688,-725.438,-780.563,-725.438
143083.52,-835.8345,-725.5845,-780.7095,-725.5845
143104.5,-835.98145,-725.73145,-780.85645,-725.73145
143125.48,-836.1284,-725.8784,-781.0034,-725.8784
143146.45,-836.2754,-726.0254,-781.1504,-726.0254
143167.44,-836.42236,-726.17236,-781.29736,-726.17236
143188.4,-836.56885,-726.31885,-781.44385,-726.31885
143209.39,-836.7158,-726.4658,-781.5908,-726.4658
143230.36,-836.8623,-726.6123,-781.7373,-726.6123
143251.34,-837.0093,-726.7593,-781.8843,-726.7593
143272.31,-837.15625,-726.90625,-782.03125,-726.90625
143293.3,-837.3032,-727.0532,-782.1782,-727.0532
143314.27,-837.4497,-727.1997,-782.3247,-727.1997
143335.25,-837.5967,-727.3467,-782.4717,-727.3467
143356.22,-837.74365,-727.49365,-782.61865,-727.49365
143377.2,-837.8906,-727.6406,-782.7656,-727.6406
143398.17,-838.0371,-727.7871,-782.9121,-727.7871
143419.16,-838.1841,-727.9341,-783.0591,-727.9341
143440.12,-838.33105,-728.08105,-783.20605,-728.08105
143461.11,-838.478,-728.228,-783.353,-728.228
143482.08,-838.6245,-728.3745,-783.4995,-728.3745
143503.06,-838.7715,-728.5215,-783.6465,-728.5215
143524.03,-838.91797,-728.66797,-783.79297,-728.66797
143545.02,-839.06494,-728.81494,-783.93994,-728.81494
143566.0,-839.2119,-728.9619,-784.0869,-728.9619
143586.97,-839.3589,-729.1089,-784.2339,-729.1089
143607.95,-839.5054,-729.2554,-784.3804,-729.2554
143628.92,-839.65283,-729.40283,-784.52783,-729.40283
143649.9,-839.7993,-729.5493,-784.6743,-729.5493
143670.88,-839.9463,-729.6963,-784.8213,-729.6963
143691.86,-840.09326,-729.84326,-784.96826,-729.84326
143712.83,-840.23975,-729.98975,-785.11475,-729.98975
143733.81,-840.3867,-730.1367,-785.2617,-730.1367
143754.78,-840.5332,-730.2832,-785.4082,-730.2832
143775.77,-840.6802,-730.4302,-785.5552,-730.4302
143796.73,-840.82715,-730.57715,-785.70215,-730.57715
143817.72,-840.97363,-730.72363,-785.84863,-730.72363
143838.69,-841.1211,-730.8711,-785.9961,-730.8711
143859.67,-841.26807,-731.01807,-786.14307,-731.01807
143880.64,-841.41455,-731.16455,-786.28955,-731.16455
143901.62,-841.5615,-731.3115,-786.4365,-731.3115
143922.6,-841.708,-731.458,-786.583,-731.458
143943.58,-841.855,-731.605,-786.73,-731.605
143964.55,-842.00146,-731.75146,-786.87646,-731.75146
143985.53,-842.14844,-731.89844,-787.02344,-731.89844
144006.5,-842.2959,-732.0459,-787.1709,-732.0459
144027.48,-842.4424,-732.1924,-787.3174,-732.1924
144048.47,-842.58887,-732.33887,-787.46387,-732.33887
144069.44,-842.7363,-732.4863,-787.6113,-732.4863
144090.42,-842.8833,-732.6333,-787.7583,-732.6333
144111.39,-843.0298,-732.7798,-787.9048,-732.7798
144132.38,-843.17676,-732.92676,-788.05176,-732.92676
144153.34,-843.32324,-733.07324,-788.19824,-733.07324
144174.33,-843.4702,-733.2202,-788.3452,-733.2202
144195.3,-843.6172,-733.3672,-788.4922,-733.3672
144216.28,-843.7637,-733.5137,-788.6387,-733.5137
144237.25,-843.91064,-733.66064,-788.78564,-733.66064
144258.23,-844.0576,-733.8076,-788.9326,-733.8076
144279.2,-844.2046,-733.9546,-789.0796,-733.9546
144300.19,-844.35156,-734.10156,-789.22656,-734.10156
144321.16,-844.49805,-734.24805,-789.37305,-734.24805
144342.14,-844.645,-734.395,-789.52,-734.395
144363.11,-844.7915,-734.5415,-789.6665,-734.5415
144384.1,-844.9385,-734.6885,-789.8135,-734.6885
144405.06,-845.08545,-734.83545,-789.96045,-734.83545
144426.05,-845.2324,-734.9824,-790.1074,-734.9824
144447.02,-845.3789,-735.1289,-790.2539,-735.1289
144468.0,-845.5259,-735.2759,-790.4009,-735.2759
144488.98,-845.67285,-735.42285,-790.54785,-735.42285
144509.95,-845.8198,-735.5698,-790.6948,-735.5698
144530.94,-845.9668,-735.7168,-790.8418,-735.7168
144551.9,-846.1133,-735.8633,-790.9883,-735.8633
144572.89,-846.26025,-736.01025,-791.13525,-736.01025
144593.86,-846.4072,-736.1572,-791.2822,-736.1572
144614.84,-846.5537,-736.3037,-791.4287,-736.3037
144635.81,-846.7007,-736.4507,-791.5757,-736.4507
144656.8,-846.84766,-736.59766,-791.72266,-736.59766
144677.77,-846.99414,-736.74414,-791.86914,-736.74414
144698.75,-847.1411,-736.8911,-792.0161,-736.8911
144719.72,-847.2881,-737.0381,-792.1631,-737.0381
144740.7,-847.43506,-737.18506,-792.31006,-737.18506
144761.67,-847.58154,-737.33154,-792.45654,-737.33154
144782.66,-847.7285,-737.4785,-792.6035,-737.4785
144803.62,-847.8755,-737.6255,-792.7505,-737.6255
144824.61,-848.02246,-737.77246,-792.89746,-737.77246
144845.58,-848.16895,-737.91895,-793.04395,-737.91895
144866.56,-848.3159,-738.0659,-793.1909,-738.0659
144887.53,-848.4624,-738.2124,-793.3374,-738.2124
144908.52,-848.6094,-738.3594,-793.4844,-738.3594
144929.48,-848.75635,-738.50635,-793.63135,-738.50635
144950.47,-848.9033,-738.6533,-793.7783,-738.6533
144971.45,-849.0503,-738.8003,-793.9253,-738.8003
144992.42,-849.19727,-738.94727,-794.07227,-738.94727
145013.4,-849.34375,-739.09375,-794.21875,-739.09375
145034.38,-849.4907,-739.2407,-794.3657,-739.2407
145055.36,-849.6377,-739.3877,-794.5127,-739.3877
145076.33,-849.7842,-739.5342,-794.6592,-739.5342
145097.31,-849.93115,-739.68115,-794.80615,-739.68115
145118.28,-850.07764,-739.82764,-794.95264,-739.82764
145139.27,-850.2246,-739.9746,-795.0996,-739.9746
145160.23,-850.3721,-740.1221,-795.2471,-740.1221
145181.22,-850.51855,-740.26855,-795.39355,-740.26855
145202.19,-850.6655,-740.4155,-795.5405,-740.4155
145223.17,-850.8125,-740.5625,-795.6875,-740.5625
145244.14,-850.959,-740.709,-795.834,-740.709
145265.12,-851.10596,-740.85596,-795.98096,-740.85596
145286.1,-851.25244,-741.00244,-796.12744,-741.00244
145307.08,-851.3994,-741.1494,-796.2744,-741.1494
145328.05,-851.5459,-741.2959,-796.4209,-741.2959
145349.03,-851.6929,-741.4429,-796.5679,-741.4429
145370.0,-851.84033,-741.59033,-796.71533,-741.59033
145390.98,-851.9873,-741.7373,-796.8623,-741.7373
145411.95,-852.1338,-741.8838,-797.0088,-741.8838
145432.94,-852.28076,-742.03076,-797.15576,-742.03076
145453.92,-852.42773,-742.17773,-797.30273,-742.17773
145474.89,-852.5742,-742.3242,-797.4492,-742.3242
145495.88,-852.7212,-742.4712,-797.5962,-742.4712
145516.84,-852.8677,-742.6177,-797.7427,-742.6177
145537.83,-853.01465,-742.76465,-797.88965,-742.76465
145558.8,-853.1616,-742.9116,-798.0366,-742.9116
145579.78,-853.3081,-743.0581,-798.1831,-743.0581
145600.75,-853.45557,-743.20557,-798.33057,-743.20557
145621.73,-853.60254,-743.35254,-798.47754,-743.35254
145642.7,-853.749,-743.499,-798.624,-743.499
145663.69,-853.896,-743.646,-798.771,-743.646
145684.66,-854.0425,-743.7925,-798.9175,-743.7925
145705.64,-854.18945,-743.93945,-799.06445,-743.93945
145726.61,-854.3364,-744.0864,-799.2114,-744.0864
145747.6,-854.4829,-744.2329,-799.3579,-744.2329
145768.56,-854.6299,-744.3799,-799.5049,-744.3799
145789.55,-854.77686,-744.52686,-799.65186,-744.52686
145810.52,-854.9238,-744.6738,-799.7988,-744.6738
145831.5,-855.0708,-744.8208,-799.9458,-744.8208
145852.47,-855.2173,-744.9673,-800.0923,-744.9673
145873.45,-855.36426,-745.11426,-800.23926,-745.11426
145894.44,-855.5112,-745.2612,-800.3862,-745.2612
145915.4,-855.6577,-745.4077,-800.5327,-745.4077
145936.39,-855.8047,-745.5547,-800.6797,-745.5547
145957.36,-855.95166,-745.70166,-800.82666,-745.70166
145978.34,-856.09814,-745.84814,-800.97314,-745.84814
145999.31,-856.2451,-745.9951,-801.1201,-745.9951
146020.3,-856.3921,-746.1421,-801.2671,-746.1421
146041.27,-856.53906,-746.28906,-801.41406,-746.28906
146062.25,-856.68555,-746.43555,-801.56055,-746.43555
146083.22,-856.8325,-746.5825,-801.7075,-746.5825
146104.2,-856.9795,-746.7295,-801.8545,-746.7295
146125.17,-857.12646,-746.87646,-802.00146,-746.87646
146146.16,-857.27295,-747.02295,-802.14795,-747.02295
146167.12,-857.4199,-747.1699,-802.2949,-747.1699
146188.11,-857.5669,-747.3169,-802.4419,-747.3169
146209.08,-857.7134,-747.4634,-802.5884,-747.4634
146230.06,-857.86035,-747.61035,-802.73535,-747.61035
146251.03,-858.0073,-747.7573,-802.8823,-747.7573
146272.02,-858.1538,-747.9038,-803.0288,-747.9038
146292.98,-858.3013,-748.0513,-803.1763,-748.0513
146313.97,-858.44775,-748.19775,-803.32275,-748.19775
146334.94,-858.5947,-748.3447,-803.4697,-748.3447
146355.92,-858.7417,-748.4917,-803.6167,-748.4917
146376.9,-858.8882,-748.6382,-803.7632,-748.6382
146397.88,-859.03516,-748.78516,-803.91016,-748.78516
146418.86,-859.1821,-748.9321,-804.0571,-748.9321
146439.83,-859.3286,-749.0786,-804.2036,-749.0786
146460.81,-859.4756,-749.2256,-804.3506,-749.2256
146481.78,-859.6221,-749.3721,-804.4971,-749.3721
146502.77,-859.76904,-749.51904,-804.64404,-749.51904
146523.73,-859.9165,-749.6665,-804.7915,-749.6665
146544.72,-860.063,-749.813,-804.938,-749.813
146565.69,-860.20996,-749.95996,-805.08496,-749.95996
146586.67,-860.35693,-750.10693,-805.23193,-750.10693
146607.64,-860.5034,-750.2534,-805.3784,-750.2534
146628.62,-860.6504,-750.4004,-805.5254,-750.4004
146649.6,-860.7969,-750.5469,-805.6719,-750.5469
146670.58,-860.94385,-750.69385,-805.81885,-750.69385
146691.55,-861.0908,-750.8408,-805.9658,-750.8408
146712.53,-861.2373,-750.9873,-806.1123,-750.9873
146733.5,-861.38477,-751.13477,-806.25977,-751.13477
146754.48,-861.53174,-751.28174,-806.40674,-751.28174
146775.45,-861.6782,-751.4282,-806.5532,-751.4282
146796.44,-861.8252,-751.5752,-806.7002,-751.5752
146817.4,-861.9717,-751.7217,-806.8467,-751.7217
146838.39,-862.11865,-751.86865,-806.99365,-751.86865
146859.38,-862.2656,-752.0156,-807.1406,-752.0156
146880.34,-862.4121,-752.1621,-807.2871,-752.1621
146901.33,-862.5591,-752.3091,-807.4341,-752.3091
146922.3,-862.70605,-752.45605,-807.58105,-752.45605
146943.28,-862.85254,-752.60254,-807.72754,-752.60254
146964.25,-863.0,-752.75,-807.875,-752.75
146985.23,-863.147,-752.897,-808.022,-752.897
147006.2,-863.29346,-753.04346,-808.16846,-753.04346
147027.19,-863.4404,-753.1904,-808.3154,-753.1904
147048.16,-863.5869,-753.3369,-808.4619,-753.3369
147069.14,-863.7339,-753.4839,-808.6089,-753.4839
147090.11,-863.88086,-753.63086,-808.75586,-753.63086
147111.1,-864.02734,-753.77734,-808.90234,-753.77734
147132.06,-864.1743,-753.9243,-809.0493,-753.9243
147153.05,-864.3213,-754.0713,-809.1963,-754.0713
147174.02,-864.46826,-754.21826,-809.34326,-754.21826
147195.0,-864.61523,-754.36523,-809.49023,-754.36523
147215.97,-864.7617,-754.5117,-809.6367,-754.5117
147236.95,-864.9087,-754.6587,-809.7837,-754.6587
147257.92,-865.05566,-754.80566,-809.93066,-754.80566
147278.9,-865.20215,-754.95215,-810.07715,-754.95215
147299.89,-865.3491,-755.0991,-810.2241,-755.0991
147320.86,-865.4961,-755.2461,-810.3711,-755.2461
147341.84,-865.64307,-755.39307,-810.51807,-755.39307
147362.81,-865.78955,-755.53955,-810.66455,-755.53955
147383.8,-865.9365,-755.6865,-810.8115,-755.6865
147404.77,-866.0835,-755.8335,-810.9585,-755.8335
147425.75,-866.23047,-755.98047,-811.10547,-755.98047
147446.72,-866.37695,-756.12695,-811.25195,-756.12695
147467.7,-866.5239,-756.2739,-811.3989,-756.2739
147488.67,-866.6709,-756.4209,-811.5459,-756.4209
147509.66,-866.8174,-756.5674,-811.6924,-756.5674
147530.62,-866.96436,-756.71436,-811.83936,-756.71436
147551.61,-867.1113,-756.8613,-811.9863,-756.8613
147572.58,-867.2578,-757.0078,-812.1328,-757.0078
147593.56,-867.4048,-757.1548,-812.2798,-757.1548
147614.53,-867.55176,-757.30176,-812.42676,-757.30176
147635.52,-867.6987,-757.4487,-812.5737,-757.4487
147656.48,-867.8457,-757.5957,-812.7207,-757.5957
147677.47,-867.9922,-757.7422,-812.8672,-757.7422
147698.44,-868.13916,-757.88916,-813.01416,-757.88916
147719.42,-868.28613,-758.03613,-813.16113,-758.03613
147740.39,-868.4326,-758.1826,-813.3076,-758.1826
147761.38,-868.5796,-758.3296,-813.4546,-758.3296
147782.36,-868.72656,-758.47656,-813.60156,-758.47656
147803.33,-868.87305,-758.62305,-813.74805,-758.62305
147824.31,-869.02,-758.77,-813.895,-758.77
147845.28,-869.167,-758.917,-814.042,-758.917
147866.27,-869.31396,-759.06396,-814.18896,-759.06396
147887.23,-869.46094,-759.21094,-814.33594,-759.21094
147908.22,-869.6079,-759.3579,-814.4829,-759.3579
147929.19,-869.7544,-759.5044,-814.6294,-759.5044
147950.17,-869.90137,-759.65137,-814.77637,-759.65137
147971.14,-870.04785,-759.79785,-814.92285,-759.79785
147992.12,-870.1948,-759.9448,-815.0698,-759.9448
148013.1,-870.3413,-760.0913,-815.2163,-760.0913
148034.08,-870.4883,-760.2383,-815.3633,-760.2383
148055.05,-870.63574,-760.38574,-815.51074,-760.38574
148076.03,-870.7822,-760.5322,-815.6572,-760.5322
148097.0,-870.9292,-760.6792,-815.8042,-760.6792
148117.98,-871.0762,-760.8262,-815.9512,-760.8262
148138.95,-871.22266,-760.97266,-816.09766,-760.97266
148159.94,-871.3696,-761.1196,-816.2446,-761.1196
148180.9,-871.5161,-761.2661,-816.3911,-761.2661
148201.89,-871.6631,-761.4131,-816.5381,-761.4131
148222.86,-871.81006,-761.56006,-816.68506,-761.56006
148243.84,-871.95654,-761.70654,-816.83154,-761.70654
148264.83,-872.1035,-761.8535,-816.9785,-761.8535
148285.8,-872.251,-762.001,-817.126,-762.001
148306.78,-872.39746,-762.14746,-817.27246,-762.14746
148327.75,-872.54443,-762.29443,-817.41943,-762.29443
148348.73,-872.6914,-762.4414,-817.5664,-762.4414
148369.7,-872.8379,-762.5879,-817.7129,-762.5879
148390.69,-872.98486,-762.73486,-817.85986,-762.73486
148411.66,-873.13135,-762.88135,-818.00635,-762.88135
148432.64,-873.2783,-763.0283,-818.1533,-763.0283
148453.61,-873.4253,-763.1753,-818.3003,-763.1753
148474.6,-873.57227,-763.32227,-818.44727,-763.32227
148495.56,-873.71924,-763.46924,-818.59424,-763.46924
148516.55,-873.8657,-763.6157,-818.7407,-763.6157
148537.52,-874.0127,-763.7627,-818.8877,-763.7627
148558.5,-874.15967,-763.90967,-819.03467,-763.90967
148579.47,-874.30615,-764.05615,-819.18115,-764.05615
148600.45,-874.4531,-764.2031,-819.3281,-764.2031
148621.42,-874.6001,-764.3501,-819.4751,-764.3501
148642.4,-874.7466,-764.4966,-819.6216,-764.4966
148663.38,-874.89355,-764.64355,-819.76855,-764.64355
148684.36,-875.0405,-764.7905,-819.9155,-764.7905
148705.34,-875.1875,-764.9375,-820.0625,-764.9375
148726.31,-875.334,-765.084,-820.209,-765.084
148747.3,-875.48096,-765.23096,-820.35596,-765.23096
148768.27,-875.6279,-765.3779,-820.5029,-765.3779
148789.25,-875.7749,-765.5249,-820.6499,-765.5249
148810.22,-875.9214,-765.6714,-820.7964,-765.6714
148831.2,-876.06836,-765.81836,-820.94336,-765.81836
148852.17,-876.21533,-765.96533,-821.09033,-765.96533
148873.16,-876.3623,-766.1123,-821.2373,-766.1123
148894.12,-876.5088,-766.2588,-821.3838,-766.2588
148915.11,-876.65576,-766.40576,-821.53076,-766.40576
148936.08,-876.80225,-766.55225,-821.67725,-766.55225
148957.06,-876.9492,-766.6992,-821.8242,-766.6992
148978.03,-877.0962,-766.8462,-821.9712,-766.8462
148999.02,-877.24316,-766.99316,-822.11816,-766.99316
149019.98,-877.39014,-767.14014,-822.26514,-767.14014
149040.97,-877.5366,-767.2866,-822.4116,-767.2866
149061.94,-877.6836,-767.4336,-822.5586,-767.4336
149082.92,-877.83057,-767.58057,-822.70557,-767.58057
149103.89,-877.97705,-767.72705,-822.85205,-767.72705
149124.88,-878.124,-767.874,-822.999,-767.874
149145.84,-878.2705,-768.0205,-823.1455,-768.0205
149166.83,-878.4175,-768.1675,-823.2925,-768.1675
149187.81,-878.56445,-768.31445,-823.43945,-768.31445
149208.78,-878.7114,-768.4614,-823.5864,-768.4614
149229.77,-878.8584,-768.6084,-823.7334,-768.6084
149250.73,-879.0054,-768.7554,-823.8804,-768.7554
149271.72,-879.15234,-768.90234,-824.02734,-768.90234
149292.69,-879.2988,-769.0488,-824.1738,-769.0488
149313.67,-879.4458,-769.1958,-824.3208,-769.1958
149334.64,-879.5923,-769.3423,-824.4673,-769.3423
149355.62,-879.73926,-769.48926,-824.61426,-769.48926
149376.6,-879.88574,-769.63574,-824.76074,-769.63574
149397.58,-880.0327,-769.7827,-824.9077,-769.7827
149418.55,-880.1802,-769.9302,-825.0552,-769.9302
149439.53,-880.32715,-770.07715,-825.20215,-770.07715
149460.5,-880.47363,-770.22363,-825.34863,-770.22363
149481.48,-880.6206,-770.3706,-825.4956,-770.3706
149502.45,-880.7671,-770.5171,-825.6421,-770.5171
149523.44,-880.91406,-770.66406,-825.78906,-770.66406
149544.4,-881.06055,-770.81055,-825.93555,-770.81055
149565.39,-881.2075,-770.9575,-826.0825,-770.9575
149586.36,-881.3545,-771.1045,-826.2295,-771.1045
149607.34,-881.501,-771.251,-826.376,-771.251
149628.31,-881.64844,-771.39844,-826.52344,-771.39844
149649.3,-881.7954,-771.5454,-826.6704,-771.5454
149670.28,-881.9424,-771.6924,-826.8174,-771.6924
149691.25,-882.08887,-771.83887,-826.96387,-771.83887
149712.23,-882.23584,-771.98584,-827.11084,-771.98584
149733.2,-882.3823,-772.1323,-827.2573,-772.1323
149754.19,-882.5293,-772.2793,-827.4043,-772.2793
149775.16,-882.6758,-772.4258,-827.5508,-772.4258
149796.14,-882.82275,-772.57275,-827.69775,-772.57275
149817.11,-882.9697,-772.7197,-827.8447,-772.7197
149838.1,-883.1167,-772.8667,-827.9917,-772.8667
149859.06,-883.2637,-773.0137,-828.1387,-773.0137
149880.05,-883.41064,-773.16064,-828.28564,-773.16064
149901.02,-883.5571,-773.3071,-828.4321,-773.3071
149922.0,-883.7041,-773.4541,-828.5791,-773.4541
149942.97,-883.8506,-773.6006,-828.7256,-773.6006
149963.95,-883.99756,-773.74756,-828.87256,-773.74756
149984.92,-884.14453,-773.89453,-829.01953,-773.89453
150005.9,-884.2915,-774.0415,-829.1665,-774.0415
150026.88,-884.438,-774.188,-829.313,-774.188
150047.86,-884.58496,-774.33496,-829.45996,-774.33496
150068.83,-884.73193,-774.48193,-829.60693,-774.48193
150089.81,-884.8789,-774.6289,-829.7539,-774.6289
150110.8,-885.0259,-774.7759,-829.9009,-774.7759
150131.77,-885.17236,-774.92236,-830.04736,-774.92236
150152.75,-885.31934,-775.06934,-830.19434,-775.06934
150173.72,-885.4658,-775.2158,-830.3408,-775.2158
150194.7,-885.6128,-775.3628,-830.4878,-775.3628
150215.67,-885.75977,-775.50977,-830.63477,-775.50977
150236.66,-885.90674,-775.65674,-830.78174,-775.65674
150257.62,-886.0532,-775.8032,-830.9282,-775.8032
150278.61,-886.2002,-775.9502,-831.0752,-775.9502
150299.58,-886.34717,-776.09717,-831.22217,-776.09717
150320.56,-886.49414,-776.24414,-831.36914,-776.24414
150341.53,-886.6406,-776.3906,-831.5156,-776.3906
150362.52,-886.7876,-776.5376,-831.6626,-776.5376
150383.48,-886.9346,-776.6846,-831.8096,-776.6846
150404.47,-887.08154,-776.83154,-831.95654,-776.83154
150425.44,-887.228,-776.978,-832.103,-776.978
150446.42,-887.375,-777.125,-832.25,-777.125
150467.39,-887.5215,-777.2715,-832.3965,-777.2715
150488.38,-887.66846,-777.41846,-832.54346,-777.41846
150509.34,-887.8154,-777.5654,-832.6904,-777.5654
150530.33,-887.9624,-777.7124,-832.8374,-777.7124
150551.3,-888.1094,-777.8594,-832.9844,-777.8594
150572.28,-888.25635,-778.00635,-833.13135,-778.00635
150593.27,-888.40283,-778.15283,-833.27783,-778.15283
150614.23,-888.5498,-778.2998,-833.4248,-778.2998
150635.22,-888.6968,-778.4468,-833.5718,-778.4468
150656.19,-888.84326,-778.59326,-833.71826,-778.59326
150677.17,-888.99023,-778.74023,-833.86523,-778.74023
150698.14,-889.1367,-778.8867,-834.0117,-778.8867
150719.12,-889.2837,-779.0337,-834.1587,-779.0337
150740.1,-889.43066,-779.18066,-834.30566,-779.18066
150761.08,-889.57715,-779.32715,-834.45215,-779.32715
150782.05,-889.7246,-779.4746,-834.5996,-779.4746
150803.03,-889.8716,-779.6216,-834.7466,-779.6216
150824.0,-890.01807,-779.76807,-834.89307,-779.76807
150844.98,-890.16504,-779.91504,-835.04004,-779.91504
150865.95,-890.3115,-780.0615,-835.1865,-780.0615
150886.94,-890.4585,-780.2085,-835.3335,-780.2085
150907.9,-890.605,-780.355,-835.48,-780.355
150928.89,-890.75195,-780.50195,-835.62695,-780.50195
150949.86,-890.8994,-780.6494,-835.7744,-780.6494
150970.84,-891.0459,-780.7959,-835.9209,-780.7959
150991.81,-891.1929,-780.9429,-836.0679,-780.9429
151012.8,-891.33984,-781.08984,-836.21484,-781.08984
151033.77,-891.4863,-781.2363,-836.3613,-781.2363
151054.75,-891.6333,-781.3833,-836.5083,-781.3833
151075.73,-891.7803,-781.5303,-836.6553,-781.5303
151096.7,-891.92676,-781.67676,-836.80176,-781.67676
151117.69,-892.0737,-781.8237,-836.9487,-781.8237
151138.66,-892.2207,-781.9707,-837.0957,-781.9707
151159.64,-892.3672,-782.1172,-837.2422,-782.1172
151180.61,-892.51416,-782.26416,-837.38916,-782.26416
151201.6,-892.66113,-782.41113,-837.53613,-782.41113
151222.56,-892.8081,-782.5581,-837.6831,-782.5581
151243.55,-892.9551,-782.7051,-837.8301,-782.7051
151264.52,-893.10156,-782.85156,-837.97656,-782.85156
151285.5,-893.24854,-782.99854,-838.12354,-782.99854
151306.47,-893.395,-783.145,-838.27,-783.145
151327.45,-893.542,-783.292,-838.417,-783.292
151348.42,-893.68896,-783.43896,-838.56396,-783.43896
151369.4,-893.83594,-783.58594,-838.71094,-783.58594
151390.38,-893.9824,-783.7324,-838.8574,-783.7324
151411.36,-894.1294,-783.8794,-839.0044,-783.8794
151432.33,-894.27637,-784.02637,-839.15137,-784.02637
151453.31,-894.42334,-784.17334,-839.29834,-784.17334
151474.28,-894.5698,-784.3198,-839.4448,-784.3198
151495.27,-894.7168,-784.4668,-839.5918,-784.4668
151516.25,-894.8638,-784.6138,-839.7388,-784.6138
151537.22,-895.01074,-784.76074,-839.88574,-784.76074
151558.2,-895.1572,-784.9072,-840.0322,-784.9072
151579.17,-895.3042,-785.0542,-840.1792,-785.0542
151600.16,-895.4512,-785.2012,-840.3262,-785.2012
151621.12,-895.59766,-785.34766,-840.47266,-785.34766
151642.11,-895.7446,-785.4946,-840.6196,-785.4946
151663.08,-895.8916,-785.6416,-840.7666,-785.6416
151684.06,-896.0386,-785.7886,-840.9136,-785.7886
151705.03,-896.18506,-785.93506,-841.06006,-785.93506
151726.02,-896.33203,-786.08203,-841.20703,-786.08203
151746.98,-896.479,-786.229,-841.354,-786.229
151767.97,-896.626,-786.376,-841.501,-786.376
151788.94,-896.77246,-786.52246,-841.64746,-786.52246
151809.92,-896.91943,-786.66943,-841.79443,-786.66943
151830.89,-897.0659,-786.8159,-841.9409,-786.8159
151851.88,-897.2129,-786.9629,-842.0879,-786.9629
151872.84,-897.35986,-787.10986,-842.23486,-787.10986
151893.83,-897.50684,-787.25684,-842.38184,-787.25684
151914.8,-897.6538,-787.4038,-842.5288,-787.4038
151935.78,-897.8008,-787.5508,-842.6758,-787.5508
151956.75,-897.94727,-787.69727,-842.82227,-787.69727
151977.73,-898.09424,-787.84424,-842.96924,-787.84424
151998.72,-898.2412,-787.9912,-843.1162,-787.9912
152019.69,-898.3877,-788.1377,-843.2627,-788.1377
152040.67,-898.53467,-788.28467,-843.40967,-788.28467
152061.64,-898.68115,-788.43115,-843.55615,-788.43115
152082.62,-898.8281,-788.5781,-843.7031,-788.5781
152103.6,-898.9756,-788.7256,-843.8506,-788.7256
152124.58,-899.1221,-788.8721,-843.9971,-788.8721
152145.55,-899.26904,-789.01904,-844.14404,-789.01904
152166.53,-899.416,-789.166,-844.291,-789.166
152187.5,-899.5625,-789.3125,-844.4375,-789.3125
152208.48,-899.7095,-789.4595,-844.5845,-789.4595
152229.45,-899.85596,-789.60596,-844.73096,-789.60596
152250.44,-900.0029,-789.7529,-844.8779,-789.7529
152271.4,-900.1494,-789.8994,-845.0244,-789.8994
152292.39,-900.2964,-790.0464,-845.1714,-790.0464
152313.36,-900.44385,-790.19385,-845.31885,-790.19385
152334.34,-900.5908,-790.3408,-845.4658,-790.3408
152355.31,-900.7373,-790.4873,-845.6123,-790.4873
152376.3,-900.8843,-790.6343,-845.7593,-790.6343
152397.27,-901.03076,-790.78076,-845.90576,-790.78076
152418.25,-901.17773,-790.92773,-846.05273,-790.92773
152439.23,-901.3247,-791.0747,-846.1997,-791.0747
152460.2,-901.4712,-791.2212,-846.3462,-791.2212
152481.19,-901.61816,-791.36816,-846.49316,-791.36816
152502.16,-901.76514,-791.51514,-846.64014,-791.51514
152523.14,-901.9116,-791.6616,-846.7866,-791.6616
152544.11,-902.0591,-791.8091,-846.9341,-791.8091
152565.1,-902.20605,-791.95605,-847.08105,-791.95605
152586.06,-902.35254,-792.10254,-847.22754,-792.10254
152607.05,-902.4995,-792.2495,-847.3745,-792.2495
152628.02,-902.646,-792.396,-847.521,-792.396
152649.0,-902.79297,-792.54297,-847.66797,-792.54297
152669.97,-902.93994,-792.68994,-847.81494,-792.68994
152690.95,-903.0864,-792.8364,-847.9614,-792.8364
152711.92,-903.2334,-792.9834,-848.1084,-792.9834
152732.9,-903.3804,-793.1304,-848.2554,-793.1304
152753.88,-903.52734,-793.27734,-848.40234,-793.27734
152774.86,-903.6743,-793.4243,-848.5493,-793.4243
152795.83,-903.8208,-793.5708,-848.6958,-793.5708
152816.81,-903.9678,-793.7178,-848.8428,-793.7178
152837.78,-904.11426,-793.86426,-848.98926,-793.86426
152858.77,-904.2612,-794.0112,-849.1362,-794.0112
152879.73,-904.4082,-794.1582,-849.2832,-794.1582
152900.72,-904.5552,-794.3052,-849.4302,-794.3052
152921.7,-904.70166,-794.45166,-849.57666,-794.45166
152942.67,-904.84863,-794.59863,-849.72363,-794.59863
152963.66,-904.9956,-794.7456,-849.8706,-794.7456
152984.62,-905.1426,-794.8926,-850.0176,-794.8926
153005.61,-905.28906,-795.03906,-850.16406,-795.03906
153026.58,-905.43604,-795.18604,-850.31104,-795.18604
153047.56,-905.583,-795.333,-850.458,-795.333
153068.53,-905.73,-795.48,-850.605,-795.48
153089.52,-905.87646,-795.62646,-850.75146,-795.62646
153110.48,-906.02344,-795.77344,-850.89844,-795.77344
153131.47,-906.1704,-795.9204,-851.0454,-795.9204
153152.44,-906.3169,-796.0669,-851.1919,-796.0669
153173.42,-906.46387,-796.21387,-851.33887,-796.21387
153194.39,-906.61084,-796.36084,-851.48584,-796.36084
153215.38,-906.7573,-796.5073,-851.6323,-796.5073
153236.34,-906.9048,-796.6548,-851.7798,-796.6548
153257.33,-907.0513,-796.8013,-851.9263,-796.8013
153278.3,-907.19824,-796.94824,-852.07324,-796.94824
153299.28,-907.3452,-797.0952,-852.2202,-797.0952
153320.25,-907.4917,-797.2417,-852.3667,-797.2417
153341.23,-907.6387,-797.3887,-852.5137,-797.3887
153362.2,-907.78516,-797.53516,-852.66016,-797.53516
153383.19,-907.9321,-797.6821,-852.8071,-797.6821
153404.17,-908.0791,-797.8291,-852.9541,-797.8291
153425.14,-908.2256,-797.9756,-853.1006,-797.9756
153446.12,-908.37256,-798.12256,-853.24756,-798.12256
153467.1,-908.52,-798.27,-853.395,-798.27
153488.08,-908.6665,-798.4165,-853.5415,-798.4165
153509.05,-908.8135,-798.5635,-853.6885,-798.5635
153530.03,-908.96045,-798.71045,-853.83545,-798.71045
153551.0,-909.10693,-798.85693,-853.98193,-798.85693
153571.98,-909.2539,-799.0039,-854.1289,-799.0039
153592.95,-909.4004,-799.1504,-854.2754,-799.1504
153613.94,-909.54736,-799.29736,-854.42236,-799.29736
153634.9,-909.69434,-799.44434,-854.56934,-799.44434
153655.89,-909.8408,-799.5908,-854.7158,-799.5908
153676.86,-909.9883,-799.7383,-854.8633,-799.7383
153697.84,-910.13525,-799.88525,-855.01025,-799.88525
153718.81,-910.28174,-800.03174,-855.15674,-800.03174
153739.8,-910.4287,-800.1787,-855.3037,-800.1787
153760.77,-910.5752,-800.3252,-855.4502,-800.3252
153781.75,-910.72217,-800.47217,-855.59717,-800.47217
153802.72,-910.86914,-800.61914,-855.74414,-800.61914
153823.7,-911.0156,-800.7656,-855.8906,-800.7656
153844.69,-911.1626,-800.9126,-856.0376,-800.9126
153865.66,-911.3096,-801.0596,-856.1846,-801.0596
153886.64,-911.45605,-801.20605,-856.33105,-801.20605
153907.61,-911.6035,-801.3535,-856.4785,-801.3535
153928.6,-911.7505,-801.5005,-856.6255,-801.5005
153949.56,-911.897,-801.647,-856.772,-801.647
153970.55,-912.04395,-801.79395,-856.91895,-801.79395
153991.52,-912.1904,-801.9404,-857.0654,-801.9404
154012.5,-912.3374,-802.0874,-857.2124,-802.0874
154033.47,-912.4844,-802.2344,-857.3594,-802.2344
154054.45,-912.63086,-802.38086,-857.50586,-802.38086
154075.42,-912.77783,-802.52783,-857.65283,-802.52783
154096.4,-912.9248,-802.6748,-857.7998,-802.6748
154117.38,-913.0718,-802.8218,-857.9468,-802.8218
154138.36,-913.21875,-802.96875,-858.09375,-802.96875
154159.33,-913.36523,-803.11523,-858.24023,-803.11523
154180.31,-913.5122,-803.2622,-858.3872,-803.2622
154201.28,-913.6592,-803.4092,-858.5342,-803.4092
154222.27,-913.80566,-803.55566,-858.68066,-803.55566
154243.23,-913.95264,-803.70264,-858.82764,-803.70264
154264.22,-914.0996,-803.8496,-858.9746,-803.8496
154285.19,-914.2461,-803.9961,-859.1211,-803.9961
154306.17,-914.39307,-804.14307,-859.26807,-804.14307
154327.16,-914.54004,-804.29004,-859.41504,-804.29004
154348.12,-914.687,-804.437,-859.562,-804.437
154369.11,-914.834,-804.584,-859.709,-804.584
154390.08,-914.98047,-804.73047,-859.85547,-804.73047
154411.06,-915.12744,-804.87744,-860.00244,-804.87744
154432.03,-915.2744,-805.0244,-860.1494,-805.0244
154453.02,-915.4209,-805.1709,-860.2959,-805.1709
154473.98,-915.5679,-805.3179,-860.4429,-805.3179
154494.97,-915.71484,-805.46484,-860.58984,-805.46484
154515.94,-915.8613,-805.6113,-860.7363,-805.6113
154536.92,-916.0083,-805.7583,-860.8833,-805.7583
154557.89,-916.1553,-805.9053,-861.0303,-805.9053
154578.88,-916.30225,-806.05225,-861.17725,-806.05225
154599.84,-916.4492,-806.1992,-861.3242,-806.1992
154620.83,-916.5957,-806.3457,-861.4707,-806.3457
154641.8,-916.7427,-806.4927,-861.6177,-806.4927
154662.78,-916.88965,-806.63965,-861.76465,-806.63965
154683.75,-917.03613,-806.78613,-861.91113,-806.78613
154704.73,-917.1831,-806.9331,-862.0581,-806.9331
154725.7,-917.3296,-807.0796,-862.2046,-807.0796
154746.69,-917.47656,-807.22656,-862.35156,-807.22656
154767.66,-917.624,-807.374,-862.499,-807.374
154788.64,-917.7705,-807.5205,-862.6455,-807.5205
154809.62,-917.9175,-807.6675,-862.7925,-807.6675
154830.6,-918.06445,-807.81445,-862.93945,-807.81445
154851.58,-918.2114,-807.9614,-863.0864,-807.9614
154872.55,-918.3579,-808.1079,-863.2329,-808.1079
154893.53,-918.5049,-808.2549,-863.3799,-808.2549
154914.5,-918.65137,-808.40137,-863.52637,-808.40137
154935.48,-918.79834,-808.54834,-863.67334,-808.54834
154956.45,-918.9448,-808.6948,-863.8198,-808.6948
154977.44,-919.0918,-808.8418,-863.9668,-808.8418
154998.4,-919.23926,-808.98926,-864.11426,-808.98926
155019.39,-919.38574,-809.13574,-864.26074,-809.13574
155040.36,-919.5327,-809.2827,-864.4077,-809.2827
155061.34,-919.6797,-809.4297,-864.5547,-809.4297
155082.31,-919.8262,-809.5762,-864.7012,-809.5762
155103.3,-919.97314,-809.72314,-864.84814,-809.72314
155124.27,-920.1196,-809.8696,-864.9946,-809.8696
155145.25,-920.2666,-810.0166,-865.1416,-810.0166
155166.22,-920.4136,-810.1636,-865.2886,-810.1636
155187.2,-920.56006,-810.31006,-865.43506,-810.31006
155208.17,-920.7075,-810.4575,-865.5825,-810.4575
155229.16,-920.8545,-810.6045,-865.7295,-810.6045
155250.14,-921.001,-810.751,-865.876,-810.751
155271.11,-921.14795,-810.89795,-866.02295,-810.89795
155292.1,-921.2949,-811.0449,-866.1699,-811.0449
155313.06,-921.4414,-811.1914,-866.3164,-811.1914
155334.05,-921.5884,-811.3384,-866.4634,-811.3384
155355.02,-921.73486,-811.48486,-866.60986,-811.48486
155376.0,-921.88184,-811.63184,-866.75684,-811.63184
155396.97,-922.0288,-811.7788,-866.9038,-811.7788
155417.95,-922.1758,-811.9258,-867.0508,-811.9258
155438.92,-922.32275,-812.07275,-867.19775,-812.07275
155459.9,-922.46924,-812.21924,-867.34424,-812.21924
155480.88,-922.6162,-812.3662,-867.4912,-812.3662
155501.86,-922.7632,-812.5132,-867.6382,-812.5132
155522.83,-922.90967,-812.65967,-867.78467,-812.65967
155543.81,-923.05664,-812.80664,-867.93164,-812.80664
155564.78,-923.2036,-812.9536,-868.0786,-812.9536
155585.77,-923.3501,-813.1001,-868.2251,-813.1001
155606.73,-923.4971,-813.2471,-868.3721,-813.2471
155627.72,-923.64404,-813.39404,-868.51904,-813.39404
155648.69,-923.791,-813.541,-868.666,-813.541
155669.67,-923.9375,-813.6875,-868.8125,-813.6875
155690.64,-924.0845,-813.8345,-868.9595,-813.8345
155711.62,-924.23145,-813.98145,-869.10645,-813.98145
155732.61,-924.3784,-814.1284,-869.2534,-814.1284
155753.58,-924.5249,-814.2749,-869.3999,-814.2749
155774.56,-924.6719,-814.4219,-869.5469,-814.4219
155795.53,-924.81885,-814.56885,-869.69385,-814.56885
155816.52,-924.9658,-814.7158,-869.8408,-814.7158
155837.48,-925.1123,-814.8623,-869.9873,-814.8623
155858.47,-925.2593,-815.0093,-870.1343,-815.0093
155879.44,-925.40576,-815.15576,-870.28076,-815.15576
155900.42,-925.55273,-815.30273,-870.42773,-815.30273
155921.39,-925.6997,-815.4497,-870.5747,-815.4497
155942.38,-925.8467,-815.5967,-870.7217,-815.5967
155963.34,-925.99365,-815.74365,-870.86865,-815.74365
155984.33,-926.14014,-815.89014,-871.01514,-815.89014
156005.3,-926.2871,-816.0371,-871.1621,-816.0371
156026.28,-926.4341,-816.1841,-871.3091,-816.1841
156047.25,-926.58057,-816.33057,-871.45557,-816.33057
156068.23,-926.72754,-816.47754,-871.60254,-816.47754
156089.2,-926.874,-816.624,-871.749,-816.624
156110.19,-927.021,-816.771,-871.896,-816.771
156131.16,-927.16846,-816.91846,-872.04346,-816.91846
156152.14,-927.31494,-817.06494,-872.18994,-817.06494
156173.11,-927.4619,-817.2119,-872.3369,-817.2119
156194.1,-927.6089,-817.3589,-872.4839,-817.3589
156215.08,-927.75586,-817.50586,-872.63086,-817.50586
156236.05,-927.90234,-817.65234,-872.77734,-817.65234
156257.03,-928.0493,-817.7993,-872.9243,-817.7993
156278.0,-928.1958,-817.9458,-873.0708,-817.9458
156298.98,-928.3428,-818.0928,-873.2178,-818.0928
156319.95,-928.48926,-818.23926,-873.36426,-818.23926
156340.94,-928.6362,-818.3862,-873.5112,-818.3862
156361.9,-928.7837,-818.5337,-873.6587,-818.5337
156382.89,-928.93066,-818.68066,-873.80566,-818.68066
156403.86,-929.07715,-818.82715,-873.95215,-818.82715
156424.84,-929.2241,-818.9741,-874.0991,-818.9741
156445.81,-929.3706,-819.1206,-874.2456,-819.1206
156466.8,-929.5176,-819.2676,-874.3926,-819.2676
156487.77,-929.66406,-819.41406,-874.53906,-819.41406
156508.75,-929.81104,-819.56104,-874.68604,-819.56104
156529.72,-929.958,-819.708,-874.833,-819.708
156550.7,-930.1045,-819.8545,-874.9795,-819.8545
156571.67,-930.25195,-820.00195,-875.12695,-820.00195
156592.66,-930.3989,-820.1489,-875.2739,-820.1489
156613.62,-930.5454,-820.2954,-875.4204,-820.2954
156634.61,-930.6924,-820.4424,-875.5674,-820.4424
156655.6,-930.83936,-820.58936,-875.71436,-820.58936
156676.56,-930.98584,-820.73584,-875.86084,-820.73584
156697.55,-931.1328,-820.8828,-876.0078,-820.8828
156718.52,-931.2793,-821.0293,-876.1543,-821.0293
156739.5,-931.4263,-821.1763,-876.3013,-821.1763
156760.47,-931.57324,-821.32324,-876.44824,-821.32324
156781.45,-931.7202,-821.4702,-876.5952,-821.4702
156802.42,-931.8672,-821.6172,-876.7422,-821.6172
156823.4,-932.01416,-821.76416,-876.88916,-821.76416
156844.38,-932.16064,-821.91064,-877.03564,-821.91064
156865.36,-932.3076,-822.0576,-877.1826,-822.0576
156886.33,-932.4541,-822.2041,-877.3291,-822.2041
156907.31,-932.6011,-822.3511,-877.4761,-822.3511
156928.28,-932.74805,-822.49805,-877.62305,-822.49805
156949.27,-932.895,-822.645,-877.77,-822.645
156970.23,-933.0415,-822.7915,-877.9165,-822.7915
156991.22,-933.1885,-822.9385,-878.0635,-822.9385
157012.19,-933.33545,-823.08545,-878.21045,-823.08545
157033.17,-933.4824,-823.2324,-878.3574,-823.2324
157054.14,-933.6289,-823.3789,-878.5039,-823.3789
157075.12,-933.7759,-823.5259,-878.6509,-823.5259
157096.1,-933.92285,-823.67285,-878.79785,-823.67285
157117.08,-934.06934,-823.81934,-878.94434,-823.81934
157138.06,-934.2163,-823.9663,-879.0913,-823.9663
157159.03,-934.3633,-824.1133,-879.2383,-824.1133
157180.02,-934.51025,-824.26025,-879.38525,-824.26025
157200.98,-934.65674,-824.40674,-879.53174,-824.40674
157221.97,-934.8037,-824.5537,-879.6787,-824.5537
157242.94,-934.9507,-824.7007,-879.8257,-824.7007
157263.92,-935.09766,-824.84766,-879.97266,-824.84766
157284.89,-935.24414,-824.99414,-880.11914,-824.99414
157305.88,-935.3911,-825.1411,-880.2661,-825.1411
157326.84,-935.5381,-825.2881,-880.4131,-825.2881
157347.83,-935.68506,-825.43506,-880.56006,-825.43506
157368.8,-935.83154,-825.58154,-880.70654,-825.58154
157389.78,-935.9785,-825.7285,-880.8535,-825.7285
157410.75,-936.125,-825.875,-881.0,-825.875
157431.73,-936.272,-826.022,-881.147,-826.022
157452.7,-936.41895,-826.16895,-881.29395,-826.16895
157473.69,-936.5659,-826.3159,-881.4409,-826.3159
157494.66,-936.7129,-826.4629,-881.5879,-826.4629
157515.64,-936.85986,-826.60986,-881.73486,-826.60986
157536.61,-937.00635,-826.75635,-881.88135,-826.75635
157557.6,-937.1533,-826.9033,-882.0283,-826.9033
157578.56,-937.2998,-827.0498,-882.1748,-827.0498
157599.55,-937.4468,-827.1968,-882.3218,-827.1968
157620.53,-937.59375,-827.34375,-882.46875,-827.34375
157641.5,-937.74023,-827.49023,-882.61523,-827.49023
157662.48,-937.8872,-827.6372,-882.7622,-827.6372
157683.45,-938.0342,-827.7842,-882.9092,-827.7842
157704.44,-938.18066,-827.93066,-883.05566,-827.93066
157725.4,-938.3281,-828.0781,-883.2031,-828.0781
157746.39,-938.4751,-828.2251,-883.3501,-828.2251
157767.36,-938.6216,-828.3716,-883.4966,-828.3716
157788.34,-938.76855,-828.51855,-883.64355,-828.51855
157809.31,-938.91504,-828.66504,-883.79004,-828.66504
157830.3,-939.062,-828.812,-883.937,-828.812
157851.27,-939.2085,-828.9585,-884.0835,-828.9585
157872.25,-939.35547,-829.10547,-884.23047,-829.10547
157893.22,-939.5029,-829.2529,-884.3779,-829.2529
157914.2,-939.6494,-829.3994,-884.5244,-829.3994
157935.17,-939.7964,-829.5464,-884.6714,-829.5464
157956.16,-939.94336,-829.69336,-884.81836,-829.69336
157977.12,-940.08984,-829.83984,-884.96484,-829.83984
157998.11,-940.2368,-829.9868,-885.1118,-829.9868
158019.08,-940.3833,-830.1333,-885.2583,-830.1333
158040.06,-940.5303,-830.2803,-885.4053,-830.2803
158061.05,-940.67725,-830.42725,-885.55225,-830.42725
158082.02,-940.8242,-830.5742,-885.6992,-830.5742
158103.0,-940.9707,-830.7207,-885.8457,-830.7207
158123.97,-941.1177,-830.8677,-885.9927,-830.8677
158144.95,-941.26465,-831.01465,-886.13965,-831.01465
158165.92,-941.4116,-831.1616,-886.2866,-831.1616
158186.9,-941.5586,-831.3086,-886.4336,-831.3086
158207.88,-941.7051,-831.4551,-886.5801,-831.4551
158228.86,-941.85205,-831.60205,-886.72705,-831.60205
158249.83,-941.99854,-831.74854,-886.87354,-831.74854
158270.81,-942.1455,-831.8955,-887.0205,-831.8955
158291.78,-942.2925,-832.0425,-887.1675,-832.0425
158312.77,-942.43945,-832.18945,-887.31445,-832.18945
158333.73,-942.58594,-832.33594,-887.46094,-832.33594
158354.72,-942.7329,-832.4829,-887.6079,-832.4829
158375.69,-942.8799,-832.6299,-887.7549,-832.6299
158396.67,-943.02686,-832.77686,-887.90186,-832.77686
158417.64,-943.17334,-832.92334,-888.04834,-832.92334
158438.62,-943.3203,-833.0703,-888.1953,-833.0703
158459.6,-943.4673,-833.2173,-888.3423,-833.2173
158480.58,-943.61426,-833.36426,-888.48926,-833.36426
158501.55,-943.76074,-833.51074,-888.63574,-833.51074
158522.53,-943.9077,-833.6577,-888.7827,-833.6577
158543.52,-944.0547,-833.8047,-888.9297,-833.8047
158564.48,-944.2012,-833.9512,-889.0762,-833.9512
158585.47,-944.34814,-834.09814,-889.22314,-834.09814
158606.44,-944.4951,-834.2451,-889.3701,-834.2451
158627.42,-944.6421,-834.3921,-889.5171,-834.3921
158648.39,-944.7886,-834.5386,-889.6636,-834.5386
158669.38,-944.93555,-834.68555,-889.81055,-834.68555
158690.34,-945.0825,-834.8325,-889.9575,-834.8325
158711.33,-945.2295,-834.9795,-890.1045,-834.9795
158732.3,-945.376,-835.126,-890.251,-835.126
158753.28,-945.52295,-835.27295,-890.39795,-835.27295
158774.25,-945.66943,-835.41943,-890.54443,-835.41943
158795.23,-945.8164,-835.5664,-890.6914,-835.5664
158816.2,-945.9634,-835.7134,-890.8384,-835.7134
158837.19,-946.11035,-835.86035,-890.98535,-835.86035
158858.16,-946.2573,-836.0073,-891.1323,-836.0073
158879.14,-946.4043,-836.1543,-891.2793,-836.1543
158900.11,-946.5508,-836.3008,-891.4258,-836.3008
158921.1,-946.69775,-836.44775,-891.57275,-836.44775
158942.06,-946.84424,-836.59424,-891.71924,-836.59424
158963.05,-946.9912,-836.7412,-891.8662,-836.7412
158984.03,-947.1382,-836.8882,-892.0132,-836.8882
159005.0,-947.28467,-837.03467,-892.15967,-837.03467
159025.98,-947.43164,-837.18164,-892.30664,-837.18164
159046.95,-947.5791,-837.3291,-892.4541,-837.3291
159067.94,-947.7256,-837.4756,-892.6006,-837.4756
159088.9,-947.87256,-837.62256,-892.74756,-837.62256
159109.89,-948.01953,-837.76953,-892.89453,-837.76953
159130.86,-948.166,-837.916,-893.041,-837.916
159151.84,-948.313,-838.063,-893.188,-838.063
159172.81,-948.4595,-838.2095,-893.3345,-838.2095
159193.8,-948.60645,-838.35645,-893.48145,-838.35645
159214.77,-948.7529,-838.5029,-893.6279,-838.5029
159235.75,-948.8999,-838.6499,-893.7749,-838.6499
159256.72,-949.04736,-838.79736,-893.92236,-838.79736
159277.7,-949.19434,-838.94434,-894.06934,-838.94434
159298.67,-949.3408,-839.0908,-894.2158,-839.0908
159319.66,-949.4878,-839.2378,-894.3628,-839.2378
159340.62,-949.6343,-839.3843,-894.5093,-839.3843
159361.61,-949.78125,-839.53125,-894.65625,-839.53125
159382.58,-949.92773,-839.67773,-894.80273,-839.67773
159403.56,-950.0747,-839.8247,-894.9497,-839.8247
159424.53,-950.2217,-839.9717,-895.0967,-839.9717
159445.52,-950.36865,-840.11865,-895.24365,-840.11865
159466.5,-950.51514,-840.26514,-895.39014,-840.26514
159487.47,-950.6626,-840.4126,-895.5376,-840.4126
159508.45,-950.8096,-840.5596,-895.6846,-840.5596
159529.42,-950.95605,-840.70605,-895.83105,-840.70605
159550.4,-951.103,-840.853,-895.978,-840.853
159571.38,-951.2495,-840.9995,-896.1245,-840.9995
159592.36,-951.3965,-841.1465,-896.2715,-841.1465
159613.33,-951.54346,-841.29346,-896.41846,-841.29346
159634.31,-951.68994,-841.43994,-896.56494,-841.43994
159655.28,-951.8369,-841.5869,-896.7119,-841.5869
159676.27,-951.9839,-841.7339,-896.8589,-841.7339
159697.23,-952.13086,-841.88086,-897.00586,-841.88086
159718.22,-952.27783,-842.02783,-897.15283,-842.02783
159739.19,-952.4243,-842.1743,-897.2993,-842.1743
159760.17,-952.5713,-842.3213,-897.4463,-842.3213
159781.14,-952.7178,-842.4678,-897.5928,-842.4678
159802.12,-952.86475,-842.61475,-897.73975,-842.61475
159823.1,-953.0117,-842.7617,-897.8867,-842.7617
159844.08,-953.1587,-842.9087,-898.0337,-842.9087
159865.05,-953.3052,-843.0552,-898.1802,-843.0552
159886.03,-953.45215,-843.20215,-898.32715,-843.20215
159907.0,-953.5991,-843.3491,-898.4741,-843.3491
159927.98,-953.7461,-843.4961,-898.6211,-843.4961
159948.97,-953.8926,-843.6426,-898.7676,-843.6426
159969.94,-954.03955,-843.78955,-898.91455,-843.78955
159990.92,-954.1865,-843.9365,-899.0615,-843.9365
160011.89,-954.3335,-844.0835,-899.2085,-844.0835
160032.88,-954.48,-844.23,-899.355,-844.23
160053.84,-954.62695,-844.37695,-899.50195,-844.37695
160074.83,-954.7739,-844.5239,-899.6489,-844.5239
160095.8,-954.9204,-844.6704,-899.7954,-844.6704
160116.78,-955.0674,-844.8174,-899.9424,-844.8174
160137.75,-955.21436,-844.96436,-900.08936,-844.96436
160158.73,-955.36084,-845.11084,-900.23584,-845.11084
160179.7,-955.5083,-845.2583,-900.3833,-845.2583
160200.69,-955.6548,-845.4048,-900.5298,-845.4048
160221.66,-955.80176,-845.55176,-900.67676,-845.55176
160242.64,-955.9487,-845.6987,-900.8237,-845.6987
160263.61,-956.0952,-845.8452,-900.9702,-845.8452
160284.6,-956.2422,-845.9922,-901.1172,-845.9922
160305.56,-956.3887,-846.1387,-901.2637,-846.1387
160326.55,-956.53564,-846.28564,-901.41064,-846.28564
160347.52,-956.6826,-846.4326,-901.5576,-846.4326
160368.5,-956.8291,-846.5791,-901.7041,-846.5791
160389.48,-956.9761,-846.7261,-901.8511,-846.7261
160410.45,-957.12354,-846.87354,-901.99854,-846.87354
160431.44,-957.27,-847.02,-902.145,-847.02
160452.4,-957.417,-847.167,-902.292,-847.167
160473.39,-957.56396,-847.31396,-902.43896,-847.31396
160494.36,-957.71045,-847.46045,-902.58545,-847.46045
160515.34,-957.8574,-847.6074,-902.7324,-847.6074
160536.31,-958.0039,-847.7539,-902.8789,-847.7539
160557.3,-958.1509,-847.9009,-903.0259,-847.9009
160578.27,-958.29785,-848.04785,-903.17285,-848.04785
160599.25,-958.44434,-848.19434,-903.31934,-848.19434
160620.22,-958.5918,-848.3418,-903.4668,-848.3418
160641.2,-958.7388,-848.4888,-903.6138,-848.4888
160662.17,-958.88525,-848.63525,-903.76025,-848.63525
160683.16,-959.0322,-848.7822,-903.9072,-848.7822
160704.12,-959.1787,-848.9287,-904.0537,-848.9287
160725.11,-959.3257,-849.0757,-904.2007,-849.0757
160746.08,-959.47266,-849.22266,-904.34766,-849.22266
160767.06,-959.61914,-849.36914,-904.49414,-849.36914
160788.03,-959.7661,-849.5161,-904.6411,-849.5161
160809.02,-959.9131,-849.6631,-904.7881,-849.6631
160829.98,-960.06006,-849.81006,-904.93506,-849.81006
160850.97,-960.20703,-849.95703,-905.08203,-849.95703
160871.95,-960.354,-850.104,-905.229,-850.104
160892.92,-960.5005,-850.2505,-905.3755,-850.2505
160913.9,-960.64746,-850.39746,-905.52246,-850.39746
160934.88,-960.79395,-850.54395,-905.66895,-850.54395
160955.86,-960.9409,-850.6909,-905.8159,-850.6909
160976.83,-961.0879,-850.8379,-905.9629,-850.8379
160997.81,-961.2344,-850.9844,-906.1094,-850.9844
161018.78,-961.38135,-851.13135,-906.25635,-851.13135
161039.77,-961.5283,-851.2783,-906.4033,-851.2783
161060.73,-961.6753,-851.4253,-906.5503,-851.4253
161081.72,-961.82227,-851.57227,-906.69727,-851.57227
161102.69,-961.96875,-851.71875,-906.84375,-851.71875
161123.67,-962.1157,-851.8657,-906.9907,-851.8657
161144.64,-962.2627,-852.0127,-907.1377,-852.0127
161165.62,-962.4092,-852.1592,-907.2842,-852.1592
161186.6,-962.55615,-852.30615,-907.43115,-852.30615
161207.58,-962.7031,-852.4531,-907.5781,-852.4531
161228.55,-962.8496,-852.5996,-907.7246,-852.5996
161249.53,-962.9966,-852.7466,-907.8716,-852.7466
161270.5,-963.14355,-852.89355,-908.01855,-852.89355
161291.48,-963.2905,-853.0405,-908.1655,-853.0405
161312.45,-963.437,-853.187,-908.312,-853.187
161333.44,-963.584,-853.334,-908.459,-853.334
161354.42,-963.73096,-853.48096,-908.60596,-853.48096
161375.39,-963.8779,-853.6279,-908.7529,-853.6279
161396.38,-964.0244,-853.7744,-908.8994,-853.7744
161417.34,-964.1714,-853.9214,-909.0464,-853.9214
161438.33,-964.31836,-854.06836,-909.19336,-854.06836
161459.3,-964.46484,-854.21484,-909.33984,-854.21484
161480.28,-964.6118,-854.3618,-909.4868,-854.3618
161501.25,-964.7588,-854.5088,-909.6338,-854.5088
161522.23,-964.90576,-854.65576,-909.78076,-854.65576
161543.2,-965.05273,-854.80273,-909.92773,-854.80273
161564.19,-965.1992,-854.9492,-910.0742,-854.9492
161585.16,-965.3462,-855.0962,-910.2212,-855.0962
161606.14,-965.49316,-855.24316,-910.36816,-855.24316
161627.11,-965.63965,-855.38965,-910.51465,-855.38965
161648.1,-965.7866,-855.5366,-910.6616,-855.5366
161669.06,-965.9331,-855.6831,-910.8081,-855.6831
161690.05,-966.0801,-855.8301,-910.9551,-855.8301
161711.02,-966.22754,-855.97754,-911.10254,-855.97754
161732.0,-966.374,-856.124,-911.249,-856.124
161752.97,-966.521,-856.271,-911.396,-856.271
161773.95,-966.66797,-856.41797,-911.54297,-856.41797
161794.94,-966.81494,-856.56494,-911.68994,-856.56494
161815.9,-966.9614,-856.7114,-911.8364,-856.7114
161836.89,-967.1084,-856.8584,-911.9834,-856.8584
161857.86,-967.2549,-857.0049,-912.1299,-857.0049
161878.84,-967.40186,-857.15186,-912.27686,-857.15186
161899.81,-967.54834,-857.29834,-912.42334,-857.29834
161920.8,-967.6953,-857.4453,-912.5703,-857.4453
161941.77,-967.8428,-857.5928,-912.7178,-857.5928
161962.75,-967.98926,-857.73926,-912.86426,-857.73926
161983.72,-968.1362,-857.8862,-913.0112,-857.8862
162004.7,-968.2832,-858.0332,-913.1582,-858.0332
162025.67,-968.4297,-858.1797,-913.3047,-858.1797
162046.66,-968.57666,-858.32666,-913.45166,-858.32666
162067.62,-968.72314,-858.47314,-913.59814,-858.47314
162088.61,-968.8701,-858.6201,-913.7451,-858.6201
162109.58,-969.0171,-858.7671,-913.8921,-858.7671
162130.56,-969.1636,-858.9136,-914.0386,-858.9136
162151.53,-969.31104,-859.06104,-914.18604,-859.06104
162172.52,-969.458,-859.208,-914.333,-859.208
162193.48,-969.6045,-859.3545,-914.4795,-859.3545
162214.47,-969.75146,-859.50146,-914.62646,-859.50146
162235.44,-969.89795,-859.64795,-914.77295,-859.64795
162256.42,-970.0449,-859.7949,-914.9199,-859.7949
162277.4,-970.1919,-859.9419,-915.0669,-859.9419
162298.38,-970.3384,-860.0884,-915.2134,-860.0884
162319.36,-970.48535,-860.23535,-915.36035,-860.23535
162340.33,-970.6323,-860.3823,-915.5073,-860.3823
162361.31,-970.7793,-860.5293,-915.6543,-860.5293
162382.28,-970.9263,-860.6763,-915.8013,-860.6763
162403.27,-971.07275,-860.82275,-915.94775,-860.82275
162424.23,-971.2197,-860.9697,-916.0947,-860.9697
162445.22,-971.3667,-861.1167,-916.2417,-861.1167
162466.19,-971.5132,-861.2632,-916.3882,-861.2632
162487.17,-971.66016,-861.41016,-916.53516,-861.41016
162508.14,-971.8071,-861.5571,-916.6821,-861.5571
162529.12,-971.9536,-861.7036,-916.8286,-861.7036
162550.1,-972.1006,-861.8506,-916.9756,-861.8506
162571.08,-972.24756,-861.99756,-917.12256,-861.99756
162592.05,-972.39453,-862.14453,-917.26953,-862.14453
162613.03,-972.541,-862.291,-917.416,-862.291
162634.0,-972.688,-862.438,-917.563,-862.438
162654.98,-972.83496,-862.58496,-917.70996,-862.58496
162675.95,-972.98193,-862.73193,-917.85693,-862.73193
162696.94,-973.1284,-862.8784,-918.0034,-862.8784
162717.9,-973.2754,-863.0254,-918.1504,-863.0254
162738.89,-973.42236,-863.17236,-918.29736,-863.17236
162759.88,-973.56934,-863.31934,-918.44434,-863.31934
162780.84,-973.7158,-863.4658,-918.5908,-863.4658
162801.83,-973.8628,-863.6128,-918.7378,-863.6128
162822.8,-974.0093,-863.7593,-918.8843,-863.7593
162843.78,-974.15625,-863.90625,-919.03125,-863.90625
162864.75,-974.3032,-864.0532,-919.1782,-864.0532
162885.73,-974.4502,-864.2002,-919.3252,-864.2002
162906.7,-974.59717,-864.34717,-919.47217,-864.34717
162927.69,-974.74365,-864.49365,-919.61865,-864.49365
162948.66,-974.8906,-864.6406,-919.7656,-864.6406
162969.64,-975.0376,-864.7876,-919.9126,-864.7876
162990.61,-975.1841,-864.9341,-920.0591,-864.9341
163011.6,-975.33105,-865.08105,-920.20605,-865.08105
163032.56,-975.47754,-865.22754,-920.35254,-865.22754
163053.55,-975.6245,-865.3745,-920.4995,-865.3745
163074.52,-975.772,-865.522,-920.647,-865.522
163095.5,-975.91846,-865.66846,-920.79346,-865.66846
163116.47,-976.0654,-865.8154,-920.9404,-865.8154
163137.45,-976.2124,-865.9624,-921.0874,-865.9624
163158.42,-976.3589,-866.1089,-921.2339,-866.1089
163179.4,-976.50586,-866.25586,-921.38086,-866.25586
163200.39,-976.65283,-866.40283,-921.52783,-866.40283
163221.36,-976.7993,-866.5493,-921.6743,-866.5493
163242.34,-976.9463,-866.6963,-921.8213,-866.6963
163263.31,-977.0928,-866.8428,-921.9678,-866.8428
163284.3,-977.23975,-866.98975,-922.11475,-866.98975
163305.27,-977.3872,-867.1372,-922.2622,-867.1372
163326.25,-977.5342,-867.2842,-922.4092,-867.2842
163347.22,-977.68066,-867.43066,-922.55566,-867.43066
163368.2,-977.82764,-867.57764,-922.70264,-867.57764
163389.17,-977.9741,-867.7241,-922.8491,-867.7241
163410.16,-978.1211,-867.8711,-922.9961,-867.8711
163431.12,-978.2676,-868.0176,-923.1426,-868.0176
163452.11,-978.41455,-868.16455,-923.28955,-868.16455
163473.08,-978.5615,-868.3115,-923.4365,-868.3115
163494.06,-978.708,-868.458,-923.583,-868.458
163515.03,-978.85547,-868.60547,-923.73047,-868.60547
163536.02,-979.00244,-868.75244,-923.87744,-868.75244
163556.98,-979.1489,-868.8989,-924.0239,-868.8989
163577.97,-979.2959,-869.0459,-924.1709,-869.0459
163598.94,-979.4424,-869.1924,-924.3174,-869.1924
163619.92,-979.58936,-869.33936,-924.46436,-869.33936
163640.89,-979.7363,-869.4863,-924.6113,-869.4863
163661.88,-979.8828,-869.6328,-924.7578,-869.6328
163682.86,-980.0298,-869.7798,-924.9048,-869.7798
163703.83,-980.17676,-869.92676,-925.05176,-869.92676
163724.81,-980.3237,-870.0737,-925.1987,-870.0737
163745.78,-980.4707,-870.2207,-925.3457,-870.2207
163766.77,-980.6177,-870.3677,-925.4927,-870.3677
163787.73,-980.76416,-870.51416,-925.63916,-870.51416
163808.72,-980.91113,-870.66113,-925.78613,-870.66113
163829.69,-981.0576,-870.8076,-925.9326,-870.8076
163850.67,-981.2046,-870.9546,-926.0796,-870.9546
163871.64,-981.35156,-871.10156,-926.22656,-871.10156
163892.62,-981.49854,-871.24854,-926.37354,-871.24854
163913.6,-981.645,-871.395,-926.52,-871.395
163934.58,-981.792,-871.542,-926.667,-871.542
163955.55,-981.93896,-871.68896,-926.81396,-871.68896
163976.53,-982.08594,-871.83594,-926.96094,-871.83594
163997.5,-982.2324,-871.9824,-927.1074,-871.9824
164018.48,-982.3794,-872.1294,-927.2544,-872.1294
164039.45,-982.52637,-872.27637,-927.40137,-872.27637
164060.44,-982.67285,-872.42285,-927.54785,-872.42285
164081.4,-982.8198,-872.5698,-927.6948,-872.5698
164102.39,-982.9668,-872.7168,-927.8418,-872.7168
164123.36,-983.1133,-872.8633,-927.9883,-872.8633
164144.34,-983.26025,-873.01025,-928.13525,-873.01025
164165.33,-983.4072,-873.1572,-928.2822,-873.1572
164186.3,-983.5542,-873.3042,-928.4292,-873.3042
164207.28,-983.7012,-873.4512,-928.5762,-873.4512
164228.25,-983.84766,-873.59766,-928.72266,-873.59766
164249.23,-983.9946,-873.7446,-928.8696,-873.7446
164270.2,-984.1416,-873.8916,-929.0166,-873.8916
164291.19,-984.2886,-874.0386,-929.1636,-874.0386
164312.16,-984.43506,-874.18506,-929.31006,-874.18506
164333.14,-984.58203,-874.33203,-929.45703,-874.33203
164354.11,-984.7285,-874.4785,-929.6035,-874.4785
164375.1,-984.8755,-874.6255,-929.7505,-874.6255
164396.06,-985.02246,-874.77246,-929.89746,-874.77246
164417.05,-985.16943,-874.91943,-930.04443,-874.91943
164438.02,-985.3164,-875.0664,-930.1914,-875.0664
164459.0,-985.4634,-875.2134,-930.3384,-875.2134
164479.97,-985.60986,-875.35986,-930.48486,-875.35986
164500.95,-985.75684,-875.50684,-930.63184,-875.50684
164521.92,-985.9033,-875.6533,-930.7783,-875.6533
164542.9,-986.0503,-875.8003,-930.9253,-875.8003
164563.88,-986.1968,-875.9468,-931.0718,-875.9468
164584.86,-986.34375,-876.09375,-931.21875,-876.09375
164605.84,-986.4907,-876.2407,-931.3657,-876.2407
164626.81,-986.6377,-876.3877,-931.5127,-876.3877
164647.8,-986.7842,-876.5342,-931.6592,-876.5342
164668.77,-986.93164,-876.68164,-931.80664,-876.68164
164689.75,-987.0786,-876.8286,-931.9536,-876.8286
164710.72,-987.2251,-876.9751,-932.1001,-876.9751
164731.7,-987.3721,-877.1221,-932.2471,-877.1221
164752.67,-987.51855,-877.26855,-932.39355,-877.26855
164773.66,-987.6655,-877.4155,-932.5405,-877.4155
164794.62,-987.812,-877.562,-932.687,-877.562
164815.61,-987.959,-877.709,-932.834,-877.709
164836.58,-988.10645,-877.85645,-932.98145,-877.85645
164857.56,-988.2529,-878.0029,-933.1279,-878.0029
164878.53,-988.3999,-878.1499,-933.2749,-878.1499
164899.52,-988.5469,-878.2969,-933.4219,-878.2969
164920.48,-988.69336,-878.44336,-933.56836,-878.44336
164941.47,-988.84033,-878.59033,-933.71533,-878.59033
164962.44,-988.9868,-878.7368,-933.8618,-878.7368
164983.42,-989.1338,-878.8838,-934.0088,-878.8838
165004.39,-989.28076,-879.03076,-934.15576,-879.03076
165025.38,-989.42773,-879.17773,-934.30273,-879.17773
165046.34,-989.5747,-879.3247,-934.4497,-879.3247
165067.33,-989.7212,-879.4712,-934.5962,-879.4712
165088.31,-989.86816,-879.61816,-934.74316,-879.61816
165109.28,-990.01514,-879.76514,-934.89014,-879.76514
165130.27,-990.1621,-879.9121,-935.0371,-879.9121
165151.23,-990.3086,-880.0586,-935.1836,-880.0586
165172.22,-990.45557,-880.20557,-935.33057,-880.20557
165193.19,-990.60205,-880.35205,-935.47705,-880.35205
165214.17,-990.749,-880.499,-935.624,-880.499
165235.14,-990.896,-880.646,-935.771,-880.646
165256.12,-991.04297,-880.79297,-935.91797,-880.79297
165277.1,-991.18945,-880.93945,-936.06445,-880.93945
165298.08,-991.3364,-881.0864,-936.2114,-881.0864
165319.05,-991.4834,-881.2334,-936.3584,-881.2334
165340.03,-991.6304,-881.3804,-936.5054,-881.3804
165361.0,-991.77686,-881.52686,-936.65186,-881.52686
165381.98,-991.9238,-881.6738,-936.7988,-881.6738
165402.95,-992.0708,-881.8208,-936.9458,-881.8208
165423.94,-992.2178,-881.9678,-937.0928,-881.9678
165444.9,-992.36426,-882.11426,-937.23926,-882.11426
165465.89,-992.5112,-882.2612,-937.3862,-882.2612
165486.86,-992.6577,-882.4077,-937.5327,-882.4077
165507.84,-992.8047,-882.5547,-937.6797,-882.5547
165528.81,-992.95166,-882.70166,-937.82666,-882.70166
165549.8,-993.09863,-882.84863,-937.97363,-882.84863
165570.78,-993.2456,-882.9956,-938.1206,-882.9956
165591.75,-993.3921,-883.1421,-938.2671,-883.1421
165612.73,-993.53906,-883.28906,-938.41406,-883.28906
165633.7,-993.68604,-883.43604,-938.56104,-883.43604
165654.69,-993.833,-883.583,-938.708,-883.583
165675.66,-993.9795,-883.7295,-938.8545,-883.7295
165696.64,-994.12646,-883.87646,-939.00146,-883.87646
165717.61,-994.27295,-884.02295,-939.14795,-884.02295
165738.6,-994.4199,-884.1699,-939.2949,-884.1699
165759.56,-994.5669,-884.3169,-939.4419,-884.3169
165780.55,-994.71387,-884.46387,-939.58887,-884.46387
165801.52,-994.86084,-884.61084,-939.73584,-884.61084
165822.5,-995.0078,-884.7578,-939.8828,-884.7578
165843.47,-995.1543,-884.9043,-940.0293,-884.9043
165864.45,-995.3013,-885.0513,-940.1763,-885.0513
165885.42,-995.44775,-885.19775,-940.32275,-885.19775
165906.4,-995.5947,-885.3447,-940.4697,-885.3447
165927.38,-995.7412,-885.4912,-940.6162,-885.4912
165948.36,-995.8882,-885.6382,-940.7632,-885.6382
165969.33,-996.03564,-885.78564,-940.91064,-885.78564
165990.31,-996.1826,-885.9326,-941.0576,-885.9326
166011.3,-996.3291,-886.0791,-941.2041,-886.0791
166032.27,-996.4761,-886.2261,-941.3511,-886.2261
166053.25,-996.62305,-886.37305,-941.49805,-886.37305
166074.22,-996.76953,-886.51953,-941.64453,-886.51953
166095.2,-996.9165,-886.6665,-941.7915,-886.6665
166116.17,-997.063,-886.813,-941.938,-886.813
166137.16,-997.20996,-886.95996,-942.08496,-886.95996
166158.12,-997.35645,-887.10645,-942.23145,-887.10645
166179.11,-997.5034,-887.2534,-942.3784,-887.2534
166200.08,-997.6509,-887.4009,-942.5259,-887.4009
166221.06,-997.79785,-887.54785,-942.67285,-887.54785
166242.03,-997.94434,-887.69434,-942.81934,-887.69434
166263.02,-998.0913,-887.8413,-942.9663,-887.8413
166283.98,-998.2378,-887.9878,-943.1128,-887.9878
166304.97,-998.38477,-888.13477,-943.25977,-888.13477
166325.94,-998.53125,-888.28125,-943.40625,-888.28125
166346.92,-998.6782,-888.4282,-943.5532,-888.4282
166367.89,-998.8252,-888.5752,-943.7002,-888.5752
166388.88,-998.97217,-888.72217,-943.84717,-888.72217
166409.84,-999.11914,-888.86914,-943.99414,-888.86914
166430.83,-999.2661,-889.0161,-944.1411,-889.0161
166451.8,-999.4126,-889.1626,-944.2876,-889.1626
166472.78,-999.5596,-889.3096,-944.4346,-889.3096
166493.77,-999.70654,-889.45654,-944.58154,-889.45654
166514.73,-999.853,-889.603,-944.728,-889.603
166535.72,-1000.0,-889.75,-944.875,-889.75
166556.69,-1000.147,-889.897,-945.022,-889.897
166577.67,-1000.29346,-890.04346,-945.16846,-890.04346
166598.64,-1000.4404,-890.1904,-945.3154,-890.1904
166619.62,-1000.5874,-890.3374,-945.4624,-890.3374
166640.6,-1000.7344,-890.4844,-945.6094,-890.4844
166661.58,-1000.88135,-890.63135,-945.75635,-890.63135
166682.55,-1001.02783,-890.77783,-945.90283,-890.77783
166703.53,-1001.1748,-890.9248,-946.0498,-890.9248
166724.5,-1001.3213,-891.0713,-946.1963,-891.0713
166745.48,-1001.46826,-891.21826,-946.34326,-891.21826
166766.45,-1001.61523,-891.36523,-946.49023,-891.36523
166787.44,-1001.7622,-891.5122,-946.6372,-891.5122
166808.4,-1001.9087,-891.6587,-946.7837,-891.6587
166829.39,-1002.05566,-891.80566,-946.93066,-891.80566
166850.36,-1002.20264,-891.95264,-947.07764,-891.95264
166871.34,-1002.3496,-892.0996,-947.2246,-892.0996
166892.31,-1002.4961,-892.2461,-947.3711,-892.2461
166913.3,-1002.64307,-892.39307,-947.51807,-892.39307
166934.28,-1002.79004,-892.54004,-947.66504,-892.54004
166955.25,-1002.937,-892.687,-947.812,-892.687
166976.23,-1003.0835,-892.8335,-947.9585,-892.8335
166997.2,-1003.23047,-892.98047,-948.10547,-892.98047
167018.19,-1003.37744,-893.12744,-948.25244,-893.12744
167039.16,-1003.5239,-893.2739,-948.3989,-893.2739
167060.14,-1003.6709,-893.4209,-948.5459,-893.4209
167081.11,-1003.8179,-893.5679,-948.6929,-893.5679
167102.1,-1003.96436,-893.71436,-948.83936,-893.71436
167123.06,-1004.1118,-893.8618,-948.9868,-893.8618
167144.05,-1004.2583,-894.0083,-949.1333,-894.0083
167165.02,-1004.4053,-894.1553,-949.2803,-894.1553
167186.0,-1004.55225,-894.30225,-949.42725,-894.30225
167206.97,-1004.6987,-894.4487,-949.5737,-894.4487
167227.95,-1004.8457,-894.5957,-949.7207,-894.5957
167248.92,-1004.9922,-894.7422,-949.8672,-894.7422
167269.9,-1005.13916,-894.88916,-950.01416,-894.88916
167290.88,-1005.28613,-895.03613,-950.16113,-895.03613
167311.86,-1005.4326,-895.1826,-950.3076,-895.1826
167332.83,-1005.5801,-895.3301,-950.4551,-895.3301
167353.81,-1005.72705,-895.47705,-950.60205,-895.47705
167374.78,-1005.87354,-895.62354,-950.74854,-895.62354
167395.77,-1006.0205,-895.7705,-950.8955,-895.7705
167416.75,-1006.1675,-895.9175,-951.0425,-895.9175
167437.72,-1006.31396,-896.06396,-951.18896,-896.06396
167458.7,-1006.46094,-896.21094,-951.33594,-896.21094
167479.67,-1006.6074,-896.3574,-951.4824,-896.3574
167500.66,-1006.7544,-896.5044,-951.6294,-896.5044
167521.62,-1006.90137,-896.65137,-951.77637,-896.65137
167542.61,-1007.04785,-896.79785,-951.92285,-896.79785
167563.58,-1007.1953,-896.9453,-952.0703,-896.9453
167584.56,-1007.3423,-897.0923,-952.2173,-897.0923
167605.53,-1007.4888,-897.2388,-952.3638,-897.2388
167626.52,-1007.63574,-897.38574,-952.51074,-897.38574
167647.48,-1007.7822,-897.5322,-952.6572,-897.5322
167668.47,-1007.9292,-897.6792,-952.8042,-897.6792
167689.44,-1008.0762,-897.8262,-952.9512,-897.8262
167710.42,-1008.22266,-897.97266,-953.09766,-897.97266
167731.39,-1008.3696,-898.1196,-953.2446,-898.1196
167752.38,-1008.5166,-898.2666,-953.3916,-898.2666
167773.34,-1008.6636,-898.4136,-953.5386,-898.4136
167794.33,-1008.81055,-898.56055,-953.68555,-898.56055
167815.3,-1008.95703,-898.70703,-953.83203,-898.70703
167836.28,-1009.104,-898.854,-953.979,-898.854
167857.25,-1009.2505,-899.0005,-954.1255,-899.0005
167878.23,-1009.39746,-899.14746,-954.27246,-899.14746
167899.22,-1009.54443,-899.29443,-954.41943,-899.29443
167920.19,-1009.6914,-899.4414,-954.5664,-899.4414
167941.17,-1009.8379,-899.5879,-954.7129,-899.5879
167962.14,-1009.98486,-899.73486,-954.85986,-899.73486
167983.12,-1010.13184,-899.88184,-955.00684,-899.88184
168004.1,-1010.2788,-900.0288,-955.1538,-900.0288
168025.08,-1010.4258,-900.1758,-955.3008,-900.1758
168046.05,-1010.57227,-900.32227,-955.44727,-900.32227
168067.03,-1010.71924,-900.46924,-955.59424,-900.46924
168088.0,-1010.8662,-900.6162,-955.7412,-900.6162
168108.98,-1011.0127,-900.7627,-955.8877,-900.7627
168129.95,-1011.15967,-900.90967,-956.03467,-900.90967
168150.94,-1011.30664,-901.05664,-956.18164,-901.05664
168171.9,-1011.4531,-901.2031,-956.3281,-901.2031
168192.89,-1011.6001,-901.3501,-956.4751,-901.3501
168213.86,-1011.7471,-901.4971,-956.6221,-901.4971
168234.84,-1011.89404,-901.64404,-956.76904,-901.64404
168255.81,-1012.0405,-901.7905,-956.9155,-901.7905
168276.8,-1012.1875,-901.9375,-957.0625,-901.9375
168297.77,-1012.3345,-902.0845,-957.2095,-902.0845
168318.75,-1012.48145,-902.23145,-957.35645,-902.23145
168339.73,-1012.6279,-902.3779,-957.5029,-902.3779
168360.7,-1012.7749,-902.5249,-957.6499,-902.5249
168381.69,-1012.9219,-902.6719,-957.7969,-902.6719
168402.66,-1013.06836,-902.81836,-957.94336,-902.81836
168423.64,-1013.21533,-902.96533,-958.09033,-902.96533
168444.61,-1013.3623,-903.1123,-958.2373,-903.1123
168465.6,-1013.5093,-903.2593,-958.3843,-903.2593
168486.56,-1013.65625,-903.40625,-958.53125,-903.40625
168507.55,-1013.80273,-903.55273,-958.67773,-903.55273
168528.52,-1013.9497,-903.6997,-958.8247,-903.6997
168549.5,-1014.0967,-903.8467,-958.9717,-903.8467
168570.47,-1014.24316,-903.99316,-959.11816,-903.99316
168591.45,-1014.39014,-904.14014,-959.26514,-904.14014
168612.42,-1014.5366,-904.2866,-959.4116,-904.2866
168633.4,-1014.6836,-904.4336,-959.5586,-904.4336
168654.38,-1014.83105,-904.58105,-959.70605,-904.58105
168675.36,-1014.97754,-904.72754,-959.85254,-904.72754
168696.33,-1015.1245,-904.8745,-959.9995,-904.8745
168717.31,-1015.2715,-905.0215,-960.1465,-905.0215
168738.28,-1015.41797,-905.16797,-960.29297,-905.16797
168759.27,-1015.56494,-905.31494,-960.43994,-905.31494
168780.23,-1015.7114,-905.4614,-960.5864,-905.4614
168801.22,-1015.8584,-905.6084,-960.7334,-905.6084
168822.2,-1016.0054,-905.7554,-960.8804,-905.7554
168843.17,-1016.15186,-905.90186,-961.02686,-905.90186
168864.16,-1016.2988,-906.0488,-961.1738,-906.0488
168885.12,-1016.4463,-906.1963,-961.3213,-906.1963
168906.11,-1016.5928,-906.3428,-961.4678,-906.3428
168927.08,-1016.73975,-906.48975,-961.61475,-906.48975
168948.06,-1016.8867,-906.6367,-961.7617,-906.6367
168969.03,-1017.0332,-906.7832,-961.9082,-906.7832
168990.02,-1017.1802,-906.9302,-962.0552,-906.9302
169010.98,-1017.32666,-907.07666,-962.20166,-907.07666
169031.97,-1017.47363,-907.22363,-962.34863,-907.22363
169052.94,-1017.6206,-907.3706,-962.4956,-907.3706
169073.92,-1017.7671,-907.5171,-962.6421,-907.5171
169094.89,-1017.91455,-907.66455,-962.78955,-907.66455
169115.88,-1018.0615,-907.8115,-962.9365,-907.8115
169136.84,-1018.208,-907.958,-963.083,-907.958
169157.83,-1018.355,-908.105,-963.23,-908.105
169178.8,-1018.50146,-908.25146,-963.37646,-908.25146
169199.78,-1018.64844,-908.39844,-963.52344,-908.39844
169220.75,-1018.7954,-908.5454,-963.6704,-908.5454
169241.73,-1018.9419,-908.6919,-963.8169,-908.6919
169262.7,-1019.08887,-908.83887,-963.96387,-908.83887
169283.69,-1019.23584,-908.98584,-964.11084,-908.98584
169304.67,-1019.3828,-909.1328,-964.2578,-909.1328
169325.64,-1019.5298,-909.2798,-964.4048,-909.2798
169346.62,-1019.6763,-909.4263,-964.5513,-909.4263
169367.6,-1019.82324,-909.57324,-964.69824,-909.57324
169388.58,-1019.9702,-909.7202,-964.8452,-909.7202
169409.55,-1020.1167,-909.8667,-964.9917,-909.8667
169430.53,-1020.2637,-910.0137,-965.1387,-910.0137
169451.5,-1020.41064,-910.16064,-965.28564,-910.16064
169472.48,-1020.5571,-910.3071,-965.4321,-910.3071
169493.45,-1020.7041,-910.4541,-965.5791,-910.4541
169514.44,-1020.8511,-910.6011,-965.7261,-910.6011
169535.4,-1020.99805,-910.74805,-965.87305,-910.74805
169556.39,-1021.14453,-910.89453,-966.01953,-910.89453
169577.36,-1021.2915,-911.0415,-966.1665,-911.0415
169598.34,-1021.4385,-911.1885,-966.3135,-911.1885
169619.31,-1021.58545,-911.33545,-966.46045,-911.33545
169640.3,-1021.73193,-911.48193,-966.60693,-911.48193
169661.27,-1021.8789,-911.6289,-966.7539,-911.6289
169682.25,-1022.0259,-911.7759,-966.9009,-911.7759
169703.22,-1022.17236,-911.92236,-967.04736,-911.92236
169724.2,-1022.31934,-912.06934,-967.19434,-912.06934
169745.19,-1022.4663,-912.2163,-967.3413,-912.2163
169766.16,-1022.6128,-912.3628,-967.4878,-912.3628
169787.14,-1022.75977,-912.50977,-967.63477,-912.50977
169808.11,-1022.90674,-912.65674,-967.78174,-912.65674
169829.1,-1023.0537,-912.8037,-967.9287,-912.8037
169850.06,-1023.2007,-912.9507,-968.0757,-912.9507
169871.05,-1023.34717,-913.09717,-968.22217,-913.09717
169892.02,-1023.49414,-913.24414,-968.36914,-913.24414
169913.0,-1023.6411,-913.3911,-968.5161,-913.3911
169933.97,-1023.7876,-913.5376,-968.6626,-913.5376
169954.95,-1023.9346,-913.6846,-968.8096,-913.6846
169975.92,-1024.081,-913.83105,-968.95605,-913.83105
169996.9,-1024.228,-913.978,-969.103,-913.978
170017.88,-1024.3755,-914.1255,-969.2505,-914.1255
170038.86,-1024.522,-914.272,-969.397,-914.272
170059.83,-1024.669,-914.41895,-969.54395,-914.41895
170080.81,-1024.8159,-914.5659,-969.6909,-914.5659
170101.78,-1024.9624,-914.7124,-969.8374,-914.7124
170122.77,-1025.1094,-914.8594,-969.9844,-914.8594
170143.73,-1025.2559,-915.00586,-970.13086,-915.00586
170164.72,-1025.4028,-915.15283,-970.27783,-915.15283
170185.69,-1025.5498,-915.2998,-970.4248,-915.2998
170206.67,-1025.6963,-915.4463,-970.5713,-915.4463
170227.66,-1025.8433,-915.59326,-970.71826,-915.59326
170248.62,-1025.9907,-915.7407,-970.8657,-915.7407
170269.61,-1026.1377,-915.8877,-971.0127,-915.8877
170290.58,-1026.2842,-916.0342,-971.1592,-916.0342
170311.56,-1026.4312,-916.18115,-971.30615,-916.18115
170332.53,-1026.5776,-916.32764,-971.45264,-916.32764
170353.52,-1026.7246,-916.4746,-971.5996,-916.4746
170374.48,-1026.8711,-916.6211,-971.7461,-916.6211
170395.47,-1027.0181,-916.76807,-971.89307,-916.76807
170416.44,-1027.165,-916.91504,-972.04004,-916.91504
170437.42,-1027.3115,-917.0615,-972.1865,-917.0615
170458.39,-1027.459,-917.209,-972.334,-917.209
170479.38,-1027.606,-917.35596,-972.48096,-917.35596
170500.34,-1027.7524,-917.50244,-972.62744,-917.50244
170521.33,-1027.8994,-917.6494,-972.7744,-917.6494
170542.3,-1028.0459,-917.7959,-972.9209,-917.7959
170563.28,-1028.1929,-917.9429,-973.0679,-917.9429
170584.25,-1028.3398,-918.08984,-973.21484,-918.08984
170605.23,-1028.4863,-918.2363,-973.3613,-918.2363
170626.2,-1028.6333,-918.3833,-973.5083,-918.3833
170647.19,-1028.7803,-918.5303,-973.6553,-918.5303
170668.16,-1028.9272,-918.67725,-973.80225,-918.67725
170689.14,-1029.0742,-918.8242,-973.9492,-918.8242
170710.12,-1029.2212,-918.9712,-974.0962,-918.9712
170731.1,-1029.3677,-919.1177,-974.2427,-919.1177
170752.08,-1029.5146,-919.26465,-974.38965,-919.26465
170773.05,-1029.6611,-919.41113,-974.53613,-919.41113
170794.03,-1029.8081,-919.5581,-974.6831,-919.5581
170815.0,-1029.9551,-919.7051,-974.8301,-919.7051
170835.98,-1030.102,-919.85205,-974.97705,-919.85205
170856.95,-1030.2485,-919.99854,-975.12354,-919.99854
170877.94,-1030.3955,-920.1455,-975.2705,-920.1455
170898.9,-1030.5425,-920.2925,-975.4175,-920.2925
170919.89,-1030.6895,-920.43945,-975.56445,-920.43945
170940.86,-1030.8359,-920.58594,-975.71094,-920.58594
170961.84,-1030.9829,-920.7329,-975.8579,-920.7329
170982.81,-1031.1299,-920.8799,-976.0049,-920.8799
171003.8,-1031.2764,-921.02637,-976.15137,-921.02637
171024.77,-1031.4233,-921.17334,-976.29834,-921.17334
171045.75,-1031.5703,-921.3203,-976.4453,-921.3203
171066.72,-1031.7168,-921.4668,-976.5918,-921.4668
171087.7,-1031.8638,-921.6138,-976.7388,-921.6138
171108.67,-1032.0107,-921.76074,-976.88574,-921.76074
171129.66,-1032.1577,-921.9077,-977.0327,-921.9077
171150.64,-1032.3047,-922.0547,-977.1797,-922.0547
171171.61,-1032.4512,-922.2012,-977.3262,-922.2012
171192.6,-1032.5981,-922.34814,-977.47314,-922.34814
171213.56,-1032.7451,-922.4951,-977.6201,-922.4951
171234.55,-1032.8921,-922.6421,-977.7671,-922.6421
171255.52,-1033.0386,-922.7886,-977.9136,-922.7886
171276.5,-1033.1855,-922.93555,-978.06055,-922.93555
171297.47,-1033.332,-923.08203,-978.20703,-923.08203
171318.45,-1033.479,-923.229,-978.354,-923.229
171339.42,-1033.626,-923.376,-978.501,-923.376
171360.4,-1033.773,-923.52295,-978.64795,-923.52295
171381.38,-1033.9199,-923.6699,-978.7949,-923.6699
171402.36,-1034.0669,-923.8169,-978.9419,-923.8169
171423.33,-1034.2134,-923.9634,-979.0884,-923.9634
171444.31,-1034.3604,-924.11035,-979.23535,-924.11035
171465.28,-1034.5068,-924.25684,-979.38184,-924.25684
171486.27,-1034.6538,-924.4038,-979.5288,-924.4038
171507.23,-1034.8003,-924.5503,-979.6753,-924.5503
171528.22,-1034.9473,-924.69727,-979.82227,-924.69727
171549.19,-1035.0947,-924.8447,-979.9697,-924.8447
171570.17,-1035.2412,-924.9912,-980.1162,-924.9912
171591.14,-1035.3882,-925.1382,-980.2632,-925.1382
171612.12,-1035.5352,-925.28516,-980.41016,-925.28516
171633.11,-1035.6821,-925.4321,-980.5571,-925.4321
171654.08,-1035.8286,-925.5786,-980.7036,-925.5786
171675.06,-1035.9756,-925.7256,-980.8506,-925.7256
171696.03,-1036.1221,-925.8721,-980.9971,-925.8721
171717.02,-1036.269,-926.01904,-981.14404,-926.01904
171737.98,-1036.4155,-926.1655,-981.2905,-926.1655
171758.97,-1036.5625,-926.3125,-981.4375,-926.3125
171779.94,-1036.71,-926.45996,-981.58496,-926.45996
171800.92,-1036.8564,-926.60645,-981.73145,-926.60645
171821.89,-1037.0034,-926.7534,-981.8784,-926.7534
171842.88,-1037.1504,-926.9004,-982.0254,-926.9004
171863.84,-1037.2969,-927.0469,-982.1719,-927.0469
171884.83,-1037.4438,-927.19385,-982.31885,-927.19385
171905.8,-1037.5903,-927.34033,-982.46533,-927.34033
171926.78,-1037.7373,-927.4873,-982.6123,-927.4873
171947.75,-1037.8843,-927.6343,-982.7593,-927.6343
171968.73,-1038.0312,-927.78125,-982.90625,-927.78125
171989.7,-1038.1782,-927.9282,-983.0532,-927.9282
172010.69,-1038.3247,-928.0747,-983.1997,-928.0747
172031.66,-1038.4717,-928.2217,-983.3467,-928.2217
172052.64,-1038.6187,-928.36865,-983.49365,-928.36865
172073.61,-1038.7651,-928.51514,-983.64014,-928.51514
172094.6,-1038.9121,-928.6621,-983.7871,-928.6621
172115.58,-1039.0591,-928.8091,-983.9341,-928.8091
172136.55,-1039.2056,-928.95557,-984.08057,-928.95557
172157.53,-1039.3525,-929.10254,-984.22754,-929.10254
172178.5,-1039.4995,-929.2495,-984.3745,-929.2495
172199.48,-1039.6465,-929.3965,-984.5215,-929.3965
172220.45,-1039.793,-929.54297,-984.66797,-929.54297
172241.44,-1039.94,-929.68994,-984.81494,-929.68994
172262.4,-1040.0869,-929.8369,-984.9619,-929.8369
172283.39,-1040.2339,-929.9839,-985.1089,-929.9839
172304.36,-1040.3804,-930.1304,-985.2554,-930.1304
172325.34,-1040.5273,-930.27734,-985.40234,-930.27734
172346.31,-1040.6743,-930.4243,-985.5493,-930.4243
172367.3,-1040.8213,-930.5713,-985.6963,-930.5713
172388.27,-1040.9678,-930.7178,-985.8428,-930.7178
172409.25,-1041.1147,-930.86475,-985.98975,-930.86475
172430.22,-1041.2612,-931.0112,-986.1362,-931.0112
172451.2,-1041.4082,-931.1582,-986.2832,-931.1582
172472.17,-1041.5552,-931.3052,-986.4302,-931.3052
172493.16,-1041.7021,-931.45215,-986.57715,-931.45215
172514.12,-1041.8491,-931.5991,-986.7241,-931.5991
172535.11,-1041.9956,-931.7456,-986.8706,-931.7456
172556.1,-1042.1426,-931.8926,-987.0176,-931.8926
172577.06,-1042.2896,-932.03955,-987.16455,-932.03955
172598.05,-1042.4365,-932.1865,-987.3115,-932.1865
172619.02,-1042.583,-932.333,-987.458,-932.333
172640.0,-1042.73,-932.48,-987.605,-932.48
172660.97,-1042.8765,-932.62646,-987.75146,-932.62646
172681.95,-1043.0234,-932.77344,-987.89844,-932.77344
172702.92,-1043.1704,-932.9204,-988.0454,-932.9204
172723.9,-1043.3174,-933.0674,-988.1924,-933.0674
172744.88,-1043.4644,-933.21436,-988.33936,-933.21436
172765.86,-1043.6113,-933.3613,-988.4863,-933.3613
172786.83,-1043.7578,-933.5078,-988.6328,-933.5078
172807.81,-1043.9048,-933.6548,-988.7798,-933.6548
172828.78,-1044.0513,-933.8013,-988.9263,-933.8013
172849.77,-1044.1982,-933.94824,-989.07324,-933.94824
172870.73,-1044.3447,-934.0947,-989.2197,-934.0947
172891.72,-1044.4917,-934.2417,-989.3667,-934.2417
172912.69,-1044.6392,-934.38916,-989.51416,-934.38916
172933.67,-1044.7861,-934.53613,-989.66113,-934.53613
172954.64,-1044.9326,-934.6826,-989.8076,-934.6826
172975.62,-1045.0796,-934.8296,-989.9546,-934.8296
172996.6,-1045.2261,-934.9761,-990.1011,-934.9761
173017.58,-1045.373,-935.12305,-990.24805,-935.12305
173038.56,-1045.52,-935.27,-990.395,-935.27
173059.53,-1045.6665,-935.4165,-990.5415,-935.4165
173080.52,-1045.8135,-935.5635,-990.6885,-935.5635
173101.48,-1045.96,-935.70996,-990.83496,-935.70996
173122.47,-1046.1069,-935.85693,-990.98193,-935.85693
173143.44,-1046.2544,-936.0044,-991.1294,-936.0044
173164.42,-1046.4014,-936.15137,-991.27637,-936.15137
173185.39,-1046.5479,-936.29785,-991.42285,-936.29785
173206.38,-1046.6948,-936.4448,-991.5698,-936.4448
173227.34,-1046.8413,-936.5913,-991.7163,-936.5913
173248.33,-1046.9883,-936.7383,-991.8633,-936.7383
173269.3,-1047.1348,-936.88477,-992.00977,-936.88477
173290.28,-1047.2817,-937.03174,-992.15674,-937.03174
173311.25,-1047.4287,-937.1787,-992.3037,-937.1787
173332.23,-1047.5757,-937.3257,-992.4507,-937.3257
173353.2,-1047.7227,-937.47266,-992.59766,-937.47266
173374.19,-1047.8696,-937.6196,-992.7446,-937.6196
173395.16,-1048.0161,-937.7661,-992.8911,-937.7661
173416.14,-1048.1631,-937.9131,-993.0381,-937.9131
173437.11,-1048.3096,-938.0596,-993.1846,-938.0596
173458.1,-1048.4565,-938.20654,-993.33154,-938.20654
173479.06,-1048.6035,-938.3535,-993.4785,-938.3535
173500.05,-1048.7505,-938.5005,-993.6255,-938.5005
173521.03,-1048.897,-938.647,-993.772,-938.647
173542.0,-1049.044,-938.79395,-993.91895,-938.79395
173562.98,-1049.1909,-938.9409,-994.0659,-938.9409
173583.95,-1049.3379,-939.0879,-994.2129,-939.0879
173604.94,-1049.4849,-939.23486,-994.35986,-939.23486
173625.9,-1049.6313,-939.38135,-994.50635,-939.38135
173646.89,-1049.7783,-939.5283,-994.6533,-939.5283
173667.86,-1049.9248,-939.6748,-994.7998,-939.6748
173688.84,-1050.0718,-939.8218,-994.9468,-939.8218
173709.81,-1050.2188,-939.96875,-995.09375,-939.96875
173730.8,-1050.3657,-940.1157,-995.2407,-940.1157
173751.77,-1050.5122,-940.2622,-995.3872,-940.2622
173772.75,-1050.6592,-940.4092,-995.5342,-940.4092
173793.72,-1050.8062,-940.55615,-995.68115,-940.55615
173814.7,-1050.9531,-940.7031,-995.8281,-940.7031
173835.67,-1051.0996,-940.8496,-995.9746,-940.8496
173856.66,-1051.2466,-940.9966,-996.1216,-940.9966
173877.62,-1051.3936,-941.14355,-996.26855,-941.14355
173898.61,-1051.5405,-941.2905,-996.4155,-941.2905
173919.58,-1051.687,-941.437,-996.562,-941.437
173940.56,-1051.834,-941.584,-996.709,-941.584
173961.55,-1051.981,-941.73096,-996.85596,-941.73096
173982.52,-1052.1274,-941.87744,-997.00244,-941.87744
174003.5,-1052.2744,-942.0244,-997.1494,-942.0244
174024.47,-1052.4214,-942.1714,-997.2964,-942.1714
174045.45,-1052.5679,-942.3179,-997.4429,-942.3179
174066.42,-1052.7153,-942.46533,-997.59033,-942.46533
174087.4,-1052.8618,-942.6118,-997.7368,-942.6118
174108.38,-1053.0088,-942.7588,-997.8838,-942.7588
174129.36,-1053.1558,-942.90576,-998.03076,-942.90576
174150.33,-1053.3022,-943.05225,-998.17725,-943.05225
174171.31,-1053.4492,-943.1992,-998.3242,-943.1992
174192.28,-1053.5957,-943.3457,-998.4707,-943.3457
174213.27,-1053.7427,-943.4927,-998.6177,-943.4927
174234.23,-1053.8896,-943.63965,-998.76465,-943.63965
174255.22,-1054.0361,-943.78613,-998.91113,-943.78613
174276.19,-1054.1836,-943.9336,-999.0586,-943.9336
174297.17,-1054.3306,-944.08057,-999.20557,-944.08057
174318.14,-1054.477,-944.22705,-999.35205,-944.22705
174339.12,-1054.624,-944.374,-999.499,-944.374
174360.1,-1054.7705,-944.5205,-999.6455,-944.5205
174381.08,-1054.9175,-944.6675,-999.7925,-944.6675
174402.05,-1055.064,-944.81396,-999.93896,-944.81396
174423.03,-1055.2109,-944.96094,-1000.08594,-944.96094
174444.02,-1055.3579,-945.1079,-1000.2329,-945.1079
174464.98,-1055.5049,-945.2549,-1000.3799,-945.2549
174485.97,-1055.6514,-945.40137,-1000.52637,-945.40137
174506.94,-1055.7988,-945.5488,-1000.6738,-945.5488
174527.92,-1055.9458,-945.6958,-1000.8208,-945.6958
174548.89,-1056.0923,-945.8423,-1000.9673,-945.8423
174569.88,-1056.2393,-945.98926,-1001.11426,-945.98926
174590.84,-1056.3857,-946.13574,-1001.26074,-946.13574
174611.83,-1056.5327,-946.2827,-1001.4077,-946.2827
174632.8,-1056.6797,-946.4297,-1001.5547,-946.4297
174653.78,-1056.8262,-946.5762,-1001.7012,-946.5762
174674.75,-1056.9731,-946.72314,-1001.84814,-946.72314
174695.73,-1057.1201,-946.8701,-1001.9951,-946.8701
174716.7,-1057.2671,-947.0171,-1002.1421,-947.0171
174737.69,-1057.4141,-947.16406,-1002.28906,-947.16406
174758.66,-1057.5605,-947.31055,-1002.43555,-947.31055
174779.64,-1057.7075,-947.4575,-1002.5825,-947.4575
174800.61,-1057.854,-947.604,-1002.729,-947.604
174821.6,-1058.001,-947.751,-1002.876,-947.751
174842.56,-1058.148,-947.89795,-1003.02295,-947.89795
174863.55,-1058.2949,-948.0449,-1003.1699,-948.0449
174884.53,-1058.4414,-948.1914,-1003.3164,-948.1914
174905.5,-1058.5884,-948.3384,-1003.4634,-948.3384
174926.48,-1058.7354,-948.48535,-1003.61035,-948.48535
174947.45,-1058.8823,-948.6323,-1003.7573,-948.6323
174968.44,-1059.0293,-948.7793,-1003.9043,-948.7793
174989.4,-1059.1758,-948.9258,-1004.0508,-948.9258
175010.39,-1059.3228,-949.07275,-1004.19775,-949.07275
175031.36,-1059.4697,-949.2197,-1004.3447,-949.2197
175052.34,-1059.6162,-949.3662,-1004.4912,-949.3662
175073.31,-1059.7632,-949.5132,-1004.6382,-949.5132
175094.3,-1059.9102,-949.66016,-1004.78516,-949.66016
175115.27,-1060.0566,-949.80664,-1004.93164,-949.80664
175136.25,-1060.2036,-949.9536,-1005.0786,-949.9536
175157.22,-1060.3506,-950.1006,-1005.2256,-950.1006
175178.2,-1060.4976,-950.24756,-1005.37256,-950.24756
175199.17,-1060.644,-950.39404,-1005.51904,-950.39404
175220.16,-1060.791,-950.541,-1005.666,-950.541
175241.12,-1060.938,-950.688,-1005.813,-950.688
175262.11,-1061.085,-950.83496,-1005.95996,-950.83496
175283.08,-1061.2314,-950.98145,-1006.10645,-950.98145
175304.06,-1061.3784,-951.1284,-1006.2534,-951.1284
175325.03,-1061.5249,-951.2749,-1006.3999,-951.2749
175346.02,-1061.6719,-951.4219,-1006.5469,-951.4219
175367.0,-1061.8188,-951.56885,-1006.69385,-951.56885
175387.97,-1061.9658,-951.7158,-1006.8408,-951.7158
175408.95,-1062.1128,-951.8628,-1006.9878,-951.8628
175429.92,-1062.2598,-952.00977,-1007.13477,-952.00977
175450.9,-1062.4062,-952.15625,-1007.28125,-952.15625
175471.88,-1062.5532,-952.3032,-1007.4282,-952.3032
175492.86,-1062.7002,-952.4502,-1007.5752,-952.4502
175513.83,-1062.8467,-952.5967,-1007.7217,-952.5967
175534.81,-1062.9937,-952.74365,-1007.86865,-952.74365
175555.78,-1063.1401,-952.89014,-1008.01514,-952.89014
175576.77,-1063.2871,-953.0371,-1008.1621,-953.0371
175597.73,-1063.4346,-953.1846,-1008.3096,-953.1846
175618.72,-1063.581,-953.33105,-1008.45605,-953.33105
175639.69,-1063.728,-953.478,-1008.603,-953.478
175660.67,-1063.875,-953.625,-1008.75,-953.625
175681.64,-1064.0215,-953.7715,-1008.8965,-953.7715
175702.62,-1064.1685,-953.91846,-1009.04346,-953.91846
175723.6,-1064.315,-954.06494,-1009.18994,-954.06494
175744.58,-1064.4619,-954.2119,-1009.3369,-954.2119
175765.55,-1064.6084,-954.3584,-1009.4834,-954.3584
175786.53,-1064.7554,-954.5054,-1009.6304,-954.5054
175807.5,-1064.9028,-954.65283,-1009.77783,-954.65283
175828.48,-1065.0498,-954.7998,-1009.9248,-954.7998
175849.47,-1065.1963,-954.9463,-1010.0713,-954.9463
175870.44,-1065.3433,-955.09326,-1010.21826,-955.09326
175891.42,-1065.4902,-955.24023,-1010.36523,-955.24023
175912.39,-1065.6367,-955.3867,-1010.5117,-955.3867
175933.38,-1065.7837,-955.5337,-1010.6587,-955.5337
175954.34,-1065.9302,-955.6802,-1010.8052,-955.6802
175975.33,-1066.0771,-955.82715,-1010.95215,-955.82715
175996.3,-1066.2241,-955.9741,-1011.0991,-955.9741
176017.28,-1066.3706,-956.1206,-1011.2456,-956.1206
176038.25,-1066.5181,-956.26807,-1011.39307,-956.26807
176059.23,-1066.665,-956.41504,-1011.54004,-956.41504
176080.2,-1066.8115,-956.5615,-1011.6865,-956.5615
176101.19,-1066.9585,-956.7085,-1011.8335,-956.7085
176122.16,-1067.105,-956.855,-1011.98,-956.855
176143.14,-1067.252,-957.00195,-1012.12695,-957.00195
176164.11,-1067.3989,-957.1489,-1012.2739,-957.1489
176185.1,-1067.5454,-957.2954,-1012.4204,-957.2954
176206.06,-1067.6924,-957.4424,-1012.5674,-957.4424
176227.05,-1067.8394,-957.58936,-1012.71436,-957.58936
176248.02,-1067.9863,-957.7363,-1012.8613,-957.7363
176269.0,-1068.1333,-957.8833,-1013.0083,-957.8833
176289.98,-1068.2798,-958.0298,-1013.1548,-958.0298
176310.95,-1068.4268,-958.17676,-1013.30176,-958.17676
176331.94,-1068.5737,-958.3237,-1013.4487,-958.3237
176352.9,-1068.7202,-958.4702,-1013.5952,-958.4702
176373.89,-1068.8672,-958.6172,-1013.7422,-958.6172
176394.86,-1069.0142,-958.76416,-1013.88916,-958.76416
176415.84,-1069.1606,-958.91064,-1014.03564,-958.91064
176436.81,-1069.3076,-959.0576,-1014.1826,-959.0576
176457.8,-1069.4546,-959.2046,-1014.3296,-959.2046
176478.77,-1069.6016,-959.35156,-1014.47656,-959.35156
176499.75,-1069.748,-959.49805,-1014.62305,-959.49805
176520.72,-1069.895,-959.645,-1014.77,-959.645
176541.7,-1070.042,-959.792,-1014.917,-959.792
176562.67,-1070.189,-959.93896,-1015.06396,-959.93896
176583.66,-1070.3354,-960.08545,-1015.21045,-960.08545
176604.62,-1070.4824,-960.2324,-1015.3574,-960.2324
176625.61,-1070.6294,-960.3794,-1015.5044,-960.3794
176646.58,-1070.7759,-960.5259,-1015.6509,-960.5259
176667.56,-1070.9229,-960.67285,-1015.79785,-960.67285
176688.53,-1071.0698,-960.8198,-1015.9448,-960.8198
176709.52,-1071.2163,-960.9663,-1016.0913,-960.9663
176730.48,-1071.3638,-961.1138,-1016.2388,-961.1138
176751.47,-1071.5103,-961.26025,-1016.38525,-961.26025
176772.45,-1071.6572,-961.4072,-1016.5322,-961.4072
176793.42,-1071.8042,-961.5542,-1016.6792,-961.5542
176814.4,-1071.9507,-961.7007,-1016.8257,-961.7007
176835.38,-1072.0977,-961.84766,-1016.97266,-961.84766
176856.36,-1072.2446,-961.9946,-1017.1196,-961.9946
176877.33,-1072.3911,-962.1411,-1017.2661,-962.1411
176898.31,-1072.5381,-962.2881,-1017.4131,-962.2881
176919.28,-1072.6846,-962.4346,-1017.5596,-962.4346
176940.27,-1072.8315,-962.58154,-1017.70654,-962.58154
176961.23,-1072.979,-962.729,-1017.854,-962.729
176982.22,-1073.1255,-962.8755,-1018.0005,-962.8755
177003.19,-1073.2725,-963.02246,-1018.14746,-963.02246
177024.17,-1073.4194,-963.16943,-1018.29443,-963.16943
177045.14,-1073.5659,-963.3159,-1018.4409,-963.3159
177066.12,-1073.7129,-963.4629,-1018.5879,-963.4629
177087.1,-1073.8594,-963.6094,-1018.7344,-963.6094
177108.08,-1074.0063,-963.75635,-1018.88135,-963.75635
177129.05,-1074.1533,-963.9033,-1019.0283,-963.9033
177150.03,-1074.2998,-964.0498,-1019.1748,-964.0498
177171.0,-1074.4473,-964.19727,-1019.32227,-964.19727
177191.98,-1074.5942,-964.34424,-1019.46924,-964.34424
177212.95,-1074.7407,-964.4907,-1019.6157,-964.4907
177233.94,-1074.8877,-964.6377,-1019.7627,-964.6377
177254.92,-1075.0347,-964.78467,-1019.90967,-964.78467
177275.89,-1075.1812,-964.93115,-1020.05615,-964.93115
177296.88,-1075.3281,-965.0781,-1020.2031,-965.0781
177317.84,-1075.4746,-965.2246,-1020.3496,-965.2246
177338.83,-1075.6216,-965.3716,-1020.4966,-965.3716
177359.8,-1075.7686,-965.51855,-1020.64355,-965.51855
177380.78,-1075.915,-965.66504,-1020.79004,-965.66504
177401.75,-1076.0625,-965.8125,-1020.9375,-965.8125
177422.73,-1076.2095,-965.9595,-1021.0845,-965.9595
177443.7,-1076.356,-966.10596,-1021.23096,-966.10596
177464.69,-1076.5029,-966.2529,-1021.3779,-966.2529
177485.66,-1076.6494,-966.3994,-1021.5244,-966.3994
177506.64,-1076.7964,-966.5464,-1021.6714,-966.5464
177527.61,-1076.9434,-966.69336,-1021.81836,-966.69336
177548.6,-1077.0898,-966.83984,-1021.96484,-966.83984
177569.56,-1077.2368,-966.9868,-1022.1118,-966.9868
177590.55,-1077.3838,-967.1338,-1022.2588,-967.1338
177611.52,-1077.5308,-967.28076,-1022.40576,-967.28076
177632.5,-1077.6777,-967.42773,-1022.55273,-967.42773
177653.47,-1077.8242,-967.5742,-1022.6992,-967.5742
177674.45,-1077.9712,-967.7212,-1022.8462,-967.7212
177695.44,-1078.1182,-967.86816,-1022.99316,-967.86816
177716.4,-1078.2646,-968.01465,-1023.13965,-968.01465
177737.39,-1078.4116,-968.1616,-1023.2866,-968.1616
177758.36,-1078.5586,-968.3086,-1023.4336,-968.3086
177779.34,-1078.7056,-968.45557,-1023.58057,-968.45557
177800.31,-1078.852,-968.60205,-1023.72705,-968.60205
177821.3,-1078.999,-968.749,-1023.874,-968.749
177842.27,-1079.146,-968.896,-1024.021,-968.896
177863.25,-1079.293,-969.04297,-1024.168,-969.04297
177884.22,-1079.4395,-969.18945,-1024.3145,-969.18945
177905.2,-1079.5864,-969.3364,-1024.4614,-969.3364
177926.17,-1079.7334,-969.4834,-1024.6084,-969.4834
177947.16,-1079.8799,-969.6299,-1024.7549,-969.6299
177968.12,-1080.0269,-969.77686,-1024.9019,-969.77686
177989.11,-1080.1738,-969.9238,-1025.0488,-969.9238
178010.08,-1080.3203,-970.0703,-1025.1953,-970.0703
178031.06,-1080.4673,-970.2173,-1025.3423,-970.2173
178052.03,-1080.6143,-970.36426,-1025.4893,-970.36426
178073.02,-1080.7612,-970.5112,-1025.6362,-970.5112
178093.98,-1080.9082,-970.6582,-1025.7832,-970.6582
178114.97,-1081.0547,-970.8047,-1025.9297,-970.8047
178135.94,-1081.2017,-970.95166,-1026.0767,-970.95166
178156.92,-1081.3486,-971.09863,-1026.2236,-971.09863
178177.9,-1081.4956,-971.2456,-1026.3706,-971.2456
178198.88,-1081.6421,-971.3921,-1026.5171,-971.3921
178219.86,-1081.7891,-971.53906,-1026.6641,-971.53906
178240.83,-1081.9355,-971.68555,-1026.8105,-971.68555
178261.81,-1082.0825,-971.8325,-1026.9575,-971.8325
178282.78,-1082.2295,-971.9795,-1027.1045,-971.9795
178303.77,-1082.3765,-972.12646,-1027.2515,-972.12646
178324.73,-1082.5234,-972.27344,-1027.3984,-972.27344
178345.72,-1082.6704,-972.4204,-1027.5454,-972.4204
178366.69,-1082.8169,-972.5669,-1027.6919,-972.5669
178387.67,-1082.9639,-972.71387,-1027.8389,-972.71387
178408.64,-1083.1104,-972.86035,-1027.9854,-972.86035
178429.62,-1083.2573,-973.0073,-1028.1323,-973.0073
178450.6,-1083.4038,-973.1538,-1028.2788,-973.1538
178471.58,-1083.5508,-973.3008,-1028.4258,-973.3008
178492.55,-1083.6982,-973.44824,-1028.5732,-973.44824
178513.53,-1083.8447,-973.5947,-1028.7197,-973.5947
178534.5,-1083.9917,-973.7417,-1028.8667,-973.7417
178555.48,-1084.1387,-973.8887,-1029.0137,-973.8887
178576.45,-1084.2852,-974.03516,-1029.1602,-974.03516
178597.44,-1084.4321,-974.1821,-1029.3071,-974.1821
178618.4,-1084.5786,-974.3286,-1029.4536,-974.3286
178639.39,-1084.7256,-974.4756,-1029.6006,-974.4756
178660.38,-1084.8726,-974.62256,-1029.7476,-974.62256
178681.34,-1085.019,-974.76904,-1029.894,-974.76904
178702.33,-1085.166,-974.916,-1030.041,-974.916
178723.3,-1085.3135,-975.0635,-1030.1885,-975.0635
178744.28,-1085.46,-975.20996,-1030.335,-975.20996
178765.25,-1085.6069,-975.35693,-1030.4819,-975.35693
178786.23,-1085.7539,-975.5039,-1030.6289,-975.5039
178807.2,-1085.9004,-975.6504,-1030.7754,-975.6504
178828.19,-1086.0474,-975.79736,-1030.9224,-975.79736
178849.16,-1086.1938,-975.94385,-1031.0688,-975.94385
178870.14,-1086.3408,-976.0908,-1031.2158,-976.0908
178891.11,-1086.4878,-976.2378,-1031.3628,-976.2378
178912.1,-1086.6348,-976.38477,-1031.5098,-976.38477
178933.06,-1086.7817,-976.53174,-1031.6567,-976.53174
178954.05,-1086.9282,-976.6782,-1031.8032,-976.6782
178975.02,-1087.0752,-976.8252,-1031.9502,-976.8252
178996.0,-1087.2222,-976.97217,-1032.0972,-976.97217
179016.97,-1087.3687,-977.11865,-1032.2437,-977.11865
179037.95,-1087.5156,-977.2656,-1032.3906,-977.2656
179058.92,-1087.6626,-977.4126,-1032.5376,-977.4126
179079.9,-1087.8091,-977.5591,-1032.6841,-977.5591
179100.89,-1087.956,-977.70605,-1032.831,-977.70605
179121.86,-1088.103,-977.853,-1032.978,-977.853
179142.84,-1088.25,-978.0,-1033.125,-978.0
179163.81,-1088.3965,-978.1465,-1033.2715,-978.1465
179184.8,-1088.5435,-978.29346,-1033.4185,-978.29346
179205.77,-1088.6904,-978.4404,-1033.5654,-978.4404
179226.75,-1088.8374,-978.5874,-1033.7124,-978.5874
179247.72,-1088.9839,-978.7339,-1033.8589,-978.7339
179268.7,-1089.1309,-978.88086,-1034.0059,-978.88086
179289.67,-1089.2778,-979.02783,-1034.1528,-979.02783
179310.66,-1089.4248,-979.1748,-1034.2998,-979.1748
179331.62,-1089.5713,-979.3213,-1034.4463,-979.3213
179352.61,-1089.7183,-979.46826,-1034.5933,-979.46826
179373.58,-1089.8647,-979.61475,-1034.7397,-979.61475
179394.56,-1090.0117,-979.7617,-1034.8867,-979.7617
179415.53,-1090.1587,-979.9087,-1035.0337,-979.9087
179436.52,-1090.3057,-980.05566,-1035.1807,-980.05566
179457.48,-1090.4526,-980.20264,-1035.3276,-980.20264
179478.47,-1090.5991,-980.3491,-1035.4741,-980.3491
179499.44,-1090.7461,-980.4961,-1035.6211,-980.4961
179520.42,-1090.8931,-980.64307,-1035.7681,-980.64307
179541.39,-1091.0396,-980.78955,-1035.9146,-980.78955
179562.38,-1091.1865,-980.9365,-1036.0615,-980.9365
179583.36,-1091.3335,-981.0835,-1036.2085,-981.0835
179604.33,-1091.48,-981.23,-1036.355,-981.23
179625.31,-1091.627,-981.37695,-1036.502,-981.37695
179646.28,-1091.7739,-981.5239,-1036.6489,-981.5239
179667.27,-1091.9209,-981.6709,-1036.7959,-981.6709
179688.23,-1092.0679,-981.8179,-1036.9429,-981.8179
179709.22,-1092.2148,-981.96484,-1037.0898,-981.96484
179730.19,-1092.3613,-982.1113,-1037.2363,-982.1113
179751.17,-1092.5083,-982.2583,-1037.3833,-982.2583
179772.14,-1092.6548,-982.4048,-1037.5298,-982.4048
179793.12,-1092.8018,-982.55176,-1037.6768,-982.55176
179814.1,-1092.9482,-982.69824,-1037.8232,-982.69824
179835.08,-1093.0952,-982.8452,-1037.9702,-982.8452
179856.05,-1093.2427,-982.9927,-1038.1177,-982.9927
179877.03,-1093.3896,-983.13965,-1038.2646,-983.13965
179898.0,-1093.5361,-983.28613,-1038.4111,-983.28613
179918.98,-1093.6831,-983.4331,-1038.5581,-983.4331
179939.95,-1093.8296,-983.5796,-1038.7046,-983.5796
179960.94,-1093.9766,-983.72656,-1038.8516,-983.72656
179981.9,-1094.123,-983.87305,-1038.998,-983.87305
180002.89,-1094.27,-984.02,-1039.145,-984.02
180023.86,-1094.417,-984.167,-1039.292,-984.167
180044.84,-1094.5635,-984.3135,-1039.4385,-984.3135
180065.83,-1094.7104,-984.46045,-1039.5854,-984.46045
180086.8,-1094.8579,-984.6079,-1039.7329,-984.6079
180107.78,-1095.0049,-984.7549,-1039.8799,-984.7549
180128.75,-1095.1514,-984.90137,-1040.0264,-984.90137
180149.73,-1095.2983,-985.04834,-1040.1733,-985.04834
180170.7,-1095.4448,-985.1948,-1040.3198,-985.1948
180191.69,-1095.5918,-985.3418,-1040.4668,-985.3418
180212.66,-1095.7383,-985.4883,-1040.6133,-985.4883
180233.64,-1095.8853,-985.63525,-1040.7603,-985.63525
180254.61,-1096.0322,-985.7822,-1040.9072,-985.7822
180275.6,-1096.1792,-985.9292,-1041.0542,-985.9292
180296.56,-1096.3262,-986.0762,-1041.2012,-986.0762
180317.55,-1096.4731,-986.22314,-1041.3481,-986.22314
180338.52,-1096.6196,-986.3696,-1041.4946,-986.3696
180359.5,-1096.7666,-986.5166,-1041.6416,-986.5166
180380.47,-1096.9131,-986.6631,-1041.7881,-986.6631
180401.45,-1097.06,-986.81006,-1041.935,-986.81006
180422.42,-1097.207,-986.95703,-1042.082,-986.95703
180443.4,-1097.354,-987.104,-1042.229,-987.104
180464.38,-1097.5005,-987.2505,-1042.3755,-987.2505
180485.36,-1097.6475,-987.39746,-1042.5225,-987.39746
180506.34,-1097.7944,-987.54443,-1042.6694,-987.54443
180527.31,-1097.9414,-987.6914,-1042.8164,-987.6914
180548.3,-1098.0884,-987.8384,-1042.9634,-987.8384
180569.27,-1098.2349,-987.98486,-1043.1099,-987.98486
180590.25,-1098.3818,-988.13184,-1043.2568,-988.13184
180611.22,-1098.5283,-988.2783,-1043.4033,-988.2783
180632.2,-1098.6753,-988.4253,-1043.5503,-988.4253
180653.17,-1098.8223,-988.57227,-1043.6973,-988.57227
180674.16,-1098.9692,-988.71924,-1043.8442,-988.71924
180695.12,-1099.1157,-988.8657,-1043.9907,-988.8657
180716.11,-1099.2627,-989.0127,-1044.1377,-989.0127
180737.08,-1099.4097,-989.15967,-1044.2847,-989.15967
180758.06,-1099.5566,-989.30664,-1044.4316,-989.30664
180779.03,-1099.7031,-989.4531,-1044.5781,-989.4531
180800.02,-1099.8501,-989.6001,-1044.7251,-989.6001
180820.98,-1099.9971,-989.7471,-1044.8721,-989.7471
180841.97,-1100.144,-989.89404,-1045.019,-989.89404
180862.94,-1100.2905,-990.0405,-1045.1655,-990.0405
180883.92,-1100.4375,-990.1875,-1045.3125,-990.1875
180904.89,-1100.584,-990.334,-1045.459,-990.334
180925.88,-1100.731,-990.48096,-1045.606,-990.48096
180946.84,-1100.8779,-990.6279,-1045.7529,-990.6279
180967.83,-1101.0249,-990.7749,-1045.8999,-990.7749
180988.81,-1101.1714,-990.9214,-1046.0464,-990.9214
181009.78,-1101.3188,-991.06885,-1046.1938,-991.06885
181030.77,-1101.4653,-991.21533,-1046.3403,-991.21533
181051.73,-1101.6123,-991.3623,-1046.4873,-991.3623
181072.72,-1101.7593,-991.5093,-1046.6343,-991.5093
181093.69,-1101.9058,-991.65576,-1046.7808,-991.65576
181114.67,-1102.0527,-991.80273,-1046.9277,-991.80273
181135.64,-1102.1992,-991.9492,-1047.0742,-991.9492
181156.62,-1102.3462,-992.0962,-1047.2212,-992.0962
181177.6,-1102.4932,-992.24316,-1047.3682,-992.24316
181198.58,-1102.6396,-992.38965,-1047.5146,-992.38965
181219.55,-1102.7871,-992.5371,-1047.6621,-992.5371
181240.53,-1102.9341,-992.6841,-1047.8091,-992.6841
181261.5,-1103.0806,-992.83057,-1047.9556,-992.83057
181282.48,-1103.2275,-992.97754,-1048.1025,-992.97754
181303.45,-1103.374,-993.124,-1048.249,-993.124
181324.44,-1103.521,-993.271,-1048.396,-993.271
181345.4,-1103.6675,-993.4175,-1048.5425,-993.4175
181366.39,-1103.8145,-993.56445,-1048.6895,-993.56445
181387.36,-1103.9619,-993.7119,-1048.8369,-993.7119
181408.34,-1104.1084,-993.8584,-1048.9834,-993.8584
181429.33,-1104.2549,-994.0049,-1049.1299,-994.0049
181450.3,-1104.4023,-994.15234,-1049.2773,-994.15234
181471.28,-1104.5493,-994.2993,-1049.4243,-994.2993
181492.25,-1104.6958,-994.4458,-1049.5708,-994.4458
181513.23,-1104.8428,-994.5928,-1049.7178,-994.5928
181534.2,-1104.9893,-994.73926,-1049.8643,-994.73926
181555.19,-1105.1362,-994.8862,-1050.0112,-994.8862
181576.16,-1105.2832,-995.0332,-1050.1582,-995.0332
181597.14,-1105.4297,-995.1797,-1050.3047,-995.1797
181618.11,-1105.5767,-995.32666,-1050.4517,-995.32666
181639.1,-1105.7236,-995.47363,-1050.5986,-995.47363
181660.06,-1105.8706,-995.6206,-1050.7456,-995.6206
181681.05,-1106.0176,-995.7676,-1050.8926,-995.7676
181702.02,-1106.1641,-995.91406,-1051.0391,-995.91406
181723.0,-1106.311,-996.06104,-1051.186,-996.06104
181743.97,-1106.4575,-996.2075,-1051.3325,-996.2075
181764.95,-1106.6045,-996.3545,-1051.4795,-996.3545
181785.92,-1106.7515,-996.50146,-1051.6265,-996.50146
181806.9,-1106.8984,-996.64844,-1051.7734,-996.64844
181827.88,-1107.0449,-996.7949,-1051.9199,-996.7949
181848.86,-1107.1919,-996.9419,-1052.0669,-996.9419
181869.83,-1107.3389,-997.08887,-1052.2139,-997.08887
181890.81,-1107.4858,-997.23584,-1052.3608,-997.23584
181911.8,-1107.6328,-997.3828,-1052.5078,-997.3828
181932.77,-1107.7793,-997.5293,-1052.6543,-997.5293
181953.75,-1107.9263,-997.6763,-1052.8013,-997.6763
181974.72,-1108.0732,-997.82324,-1052.9482,-997.82324
181995.7,-1108.2197,-997.9697,-1053.0947,-997.9697
182016.67,-1108.3667,-998.1167,-1053.2417,-998.1167
182037.66,-1108.5137,-998.2637,-1053.3887,-998.2637
182058.62,-1108.6602,-998.41016,-1053.5352,-998.41016
182079.61,-1108.8071,-998.5571,-1053.6821,-998.5571
182100.58,-1108.9541,-998.7041,-1053.8291,-998.7041
182121.56,-1109.1011,-998.8511,-1053.9761,-998.8511
182142.53,-1109.2476,-998.99756,-1054.1226,-998.99756
182163.52,-1109.3945,-999.14453,-1054.2695,-999.14453
182184.48,-1109.5415,-999.2915,-1054.4165,-999.2915
182205.47,-1109.6885,-999.4385,-1054.5635,-999.4385
182226.44,-1109.835,-999.58496,-1054.71,-999.58496
182247.42,-1109.9819,-999.73193,-1054.8569,-999.73193
182268.39,-1110.1284,-999.8784,-1055.0034,-999.8784
182289.38,-1110.2754,-1000.0254,-1055.1504,-1000.0254
182310.34,-1110.4224,-1000.17236,-1055.2974,-1000.17236
182331.33,-1110.5693,-1000.31934,-1055.4443,-1000.31934
182352.3,-1110.7163,-1000.4663,-1055.5913,-1000.4663
182373.28,-1110.8633,-1000.6133,-1055.7383,-1000.6133
182394.27,-1111.0098,-1000.75977,-1055.8848,-1000.75977
182415.23,-1111.1567,-1000.90674,-1056.0317,-1000.90674
182436.22,-1111.3037,-1001.0537,-1056.1787,-1001.0537
182457.19,-1111.4502,-1001.2002,-1056.3252,-1001.2002
182478.17,-1111.5972,-1001.34717,-1056.4722,-1001.34717
182499.14,-1111.7437,-1001.49365,-1056.6187,-1001.49365
182520.12,-1111.8906,-1001.6406,-1056.7656,-1001.6406
182541.1,-1112.0381,-1001.7881,-1056.9131,-1001.7881
182562.08,-1112.1846,-1001.9346,-1057.0596,-1001.9346
182583.05,-1112.3315,-1002.08154,-1057.2065,-1002.08154
182604.03,-1112.4785,-1002.2285,-1057.3535,-1002.2285
182625.0,-1112.625,-1002.375,-1057.5,-1002.375
182645.98,-1112.772,-1002.522,-1057.647,-1002.522
182666.95,-1112.9185,-1002.66846,-1057.7935,-1002.66846
182687.94,-1113.0654,-1002.8154,-1057.9404,-1002.8154
182708.9,-1113.2119,-1002.9619,-1058.0869,-1002.9619
182729.89,-1113.3589,-1003.1089,-1058.2339,-1003.1089
182750.86,-1113.5063,-1003.25635,-1058.3813,-1003.25635
182771.84,-1113.6533,-1003.4033,-1058.5283,-1003.4033
182792.81,-1113.7998,-1003.5498,-1058.6748,-1003.5498
182813.8,-1113.9468,-1003.6968,-1058.8218,-1003.6968
182834.78,-1114.0938,-1003.84375,-1058.9688,-1003.84375
182855.75,-1114.2402,-1003.99023,-1059.1152,-1003.99023
182876.73,-1114.3872,-1004.1372,-1059.2622,-1004.1372
182897.7,-1114.5337,-1004.2837,-1059.4087,-1004.2837
182918.69,-1114.6807,-1004.43066,-1059.5557,-1004.43066
182939.66,-1114.8276,-1004.57764,-1059.7026,-1004.57764
182960.64,-1114.9741,-1004.7241,-1059.8491,-1004.7241
182981.61,-1115.1216,-1004.8716,-1059.9966,-1004.8716
183002.6,-1115.2686,-1005.01855,-1060.1436,-1005.01855
183023.56,-1115.415,-1005.16504,-1060.29,-1005.16504
183044.55,-1115.562,-1005.312,-1060.437,-1005.312
183065.52,-1115.7085,-1005.4585,-1060.5835,-1005.4585
183086.5,-1115.8555,-1005.60547,-1060.7305,-1005.60547
183107.47,-1116.0024,-1005.75244,-1060.8774,-1005.75244
183128.45,-1116.1489,-1005.8989,-1061.0239,-1005.8989
183149.42,-1116.2959,-1006.0459,-1061.1709,-1006.0459
183170.4,-1116.4429,-1006.1929,-1061.3179,-1006.1929
183191.38,-1116.5898,-1006.33984,-1061.4648,-1006.33984
183212.36,-1116.7368,-1006.4868,-1061.6118,-1006.4868
183233.33,-1116.8833,-1006.6333,-1061.7583,-1006.6333
183254.31,-1117.0303,-1006.7803,-1061.9053,-1006.7803
183275.28,-1117.1768,-1006.92676,-1062.0518,-1006.92676
183296.27,-1117.3237,-1007.0737,-1062.1987,-1007.0737
183317.25,-1117.4707,-1007.2207,-1062.3457,-1007.2207
183338.22,-1117.6177,-1007.3677,-1062.4927,-1007.3677
183359.2,-1117.7642,-1007.51416,-1062.6392,-1007.51416
183380.17,-1117.9111,-1007.66113,-1062.7861,-1007.66113
183401.16,-1118.0581,-1007.8081,-1062.9331,-1007.8081
183422.12,-1118.2051,-1007.9551,-1063.0801,-1007.9551
183443.11,-1118.3516,-1008.10156,-1063.2266,-1008.10156
183464.08,-1118.4985,-1008.24854,-1063.3735,-1008.24854
183485.06,-1118.6455,-1008.3955,-1063.5205,-1008.3955
183506.03,-1118.7925,-1008.5425,-1063.6675,-1008.5425
183527.02,-1118.939,-1008.68896,-1063.814,-1008.68896
183547.98,-1119.0859,-1008.83594,-1063.9609,-1008.83594
183568.97,-1119.2329,-1008.9829,-1064.1079,-1008.9829
183589.94,-1119.3794,-1009.1294,-1064.2544,-1009.1294
183610.92,-1119.5264,-1009.27637,-1064.4014,-1009.27637
183631.89,-1119.6733,-1009.42334,-1064.5483,-1009.42334
183652.88,-1119.8198,-1009.5698,-1064.6948,-1009.5698
183673.84,-1119.9673,-1009.7173,-1064.8423,-1009.7173
183694.83,-1120.1138,-1009.8638,-1064.9888,-1009.8638
183715.8,-1120.2607,-1010.01074,-1065.1357,-1010.01074
183736.78,-1120.4077,-1010.1577,-1065.2827,-1010.1577
183757.75,-1120.5542,-1010.3042,-1065.4292,-1010.3042
183778.73,-1120.7012,-1010.4512,-1065.5762,-1010.4512
183799.72,-1120.8481,-1010.59814,-1065.7231,-1010.59814
183820.69,-1120.9946,-1010.7446,-1065.8696,-1010.7446
183841.67,-1121.1416,-1010.8916,-1066.0166,-1010.8916
183862.64,-1121.2881,-1011.0381,-1066.1631,-1011.0381
183883.62,-1121.435,-1011.18506,-1066.31,-1011.18506
183904.6,-1121.5825,-1011.3325,-1066.4575,-1011.3325
183925.58,-1121.729,-1011.479,-1066.604,-1011.479
183946.55,-1121.876,-1011.626,-1066.751,-1011.626
183967.53,-1122.023,-1011.77295,-1066.898,-1011.77295
183988.5,-1122.1694,-1011.91943,-1067.0444,-1011.91943
184009.48,-1122.3164,-1012.0664,-1067.1914,-1012.0664
184030.45,-1122.4629,-1012.2129,-1067.3379,-1012.2129
184051.44,-1122.6099,-1012.35986,-1067.4849,-1012.35986
184072.4,-1122.7568,-1012.50684,-1067.6318,-1012.50684
184093.39,-1122.9033,-1012.6533,-1067.7783,-1012.6533
184114.36,-1123.0508,-1012.8008,-1067.9258,-1012.8008
184135.34,-1123.1978,-1012.94775,-1068.0728,-1012.94775
184156.31,-1123.3442,-1013.09424,-1068.2192,-1013.09424
184177.3,-1123.4912,-1013.2412,-1068.3662,-1013.2412
184198.27,-1123.6377,-1013.3877,-1068.5127,-1013.3877
184219.25,-1123.7847,-1013.53467,-1068.6597,-1013.53467
184240.23,-1123.9316,-1013.68164,-1068.8066,-1013.68164
184261.2,-1124.0781,-1013.8281,-1068.9531,-1013.8281
184282.19,-1124.2251,-1013.9751,-1069.1001,-1013.9751
184303.16,-1124.3721,-1014.1221,-1069.2471,-1014.1221
184324.14,-1124.5186,-1014.26855,-1069.3936,-1014.26855
184345.11,-1124.666,-1014.416,-1069.541,-1014.416
184366.1,-1124.813,-1014.563,-1069.688,-1014.563
184387.06,-1124.9595,-1014.7095,-1069.8345,-1014.7095
184408.05,-1125.1064,-1014.85645,-1069.9814,-1014.85645
184429.02,-1125.2529,-1015.0029,-1070.1279,-1015.0029
184450.0,-1125.3999,-1015.1499,-1070.2749,-1015.1499
184470.97,-1125.5469,-1015.2969,-1070.4219,-1015.2969
184491.95,-1125.6934,-1015.44336,-1070.5684,-1015.44336
184512.92,-1125.8403,-1015.59033,-1070.7153,-1015.59033
184533.9,-1125.9873,-1015.7373,-1070.8623,-1015.7373
184554.88,-1126.1343,-1015.8843,-1071.0093,-1015.8843
184575.86,-1126.2812,-1016.03125,-1071.1562,-1016.03125
184596.83,-1126.4277,-1016.17773,-1071.3027,-1016.17773
184617.81,-1126.5747,-1016.3247,-1071.4497,-1016.3247
184638.78,-1126.7217,-1016.4717,-1071.5967,-1016.4717
184659.77,-1126.8682,-1016.61816,-1071.7432,-1016.61816
184680.73,-1127.0151,-1016.76514,-1071.8901,-1016.76514
184701.72,-1127.1621,-1016.9121,-1072.0371,-1016.9121
184722.7,-1127.3091,-1017.0591,-1072.1841,-1017.0591
184743.67,-1127.4556,-1017.20557,-1072.3306,-1017.20557
184764.66,-1127.6025,-1017.35254,-1072.4775,-1017.35254
184785.62,-1127.7495,-1017.4995,-1072.6245,-1017.4995
184806.61,-1127.8965,-1017.6465,-1072.7715,-1017.6465
184827.58,-1128.043,-1017.79297,-1072.918,-1017.79297
184848.56,-1128.19,-1017.93994,-1073.065,-1017.93994
184869.53,-1128.3369,-1018.0869,-1073.2119,-1018.0869
184890.52,-1128.4834,-1018.2334,-1073.3584,-1018.2334
184911.48,-1128.6304,-1018.3804,-1073.5054,-1018.3804
184932.47,-1128.7773,-1018.52734,-1073.6523,-1018.52734
184953.44,-1128.9238,-1018.6738,-1073.7988,-1018.6738
184974.42,-1129.0708,-1018.8208,-1073.9458,-1018.8208
184995.39,-1129.2178,-1018.9678,-1074.0928,-1018.9678
185016.38,-1129.3647,-1019.11475,-1074.2397,-1019.11475
185037.34,-1129.5117,-1019.2617,-1074.3867,-1019.2617
185058.33,-1129.6582,-1019.4082,-1074.5332,-1019.4082
185079.3,-1129.8052,-1019.5552,-1074.6802,-1019.5552
185100.28,-1129.9521,-1019.70215,-1074.8271,-1019.70215
185121.25,-1130.0986,-1019.84863,-1074.9736,-1019.84863
185142.23,-1130.2456,-1019.9956,-1075.1206,-1019.9956
185163.2,-1130.3921,-1020.1421,-1075.2671,-1020.1421
185184.19,-1130.5391,-1020.28906,-1075.4141,-1020.28906
185205.17,-1130.686,-1020.43604,-1075.561,-1020.43604
185226.14,-1130.833,-1020.583,-1075.708,-1020.583
185247.12,-1130.98,-1020.73,-1075.855,-1020.73
185268.1,-1131.127,-1020.87695,-1076.002,-1020.87695
185289.08,-1131.2739,-1021.0239,-1076.1489,-1021.0239
185310.05,-1131.4204,-1021.1704,-1076.2954,-1021.1704
185331.03,-1131.5674,-1021.3174,-1076.4424,-1021.3174
185352.0,-1131.7139,-1021.46387,-1076.5889,-1021.46387
185372.98,-1131.8608,-1021.61084,-1076.7358,-1021.61084
185393.95,-1132.0073,-1021.7573,-1076.8823,-1021.7573
185414.94,-1132.1543,-1021.9043,-1077.0293,-1021.9043
185435.9,-1132.3018,-1022.05176,-1077.1768,-1022.05176
185456.89,-1132.4482,-1022.19824,-1077.3232,-1022.19824
185477.86,-1132.5952,-1022.3452,-1077.4702,-1022.3452
185498.84,-1132.7422,-1022.4922,-1077.6172,-1022.4922
185519.81,-1132.8887,-1022.6387,-1077.7637,-1022.6387
185540.8,-1133.0356,-1022.78564,-1077.9106,-1022.78564
185561.77,-1133.1821,-1022.9321,-1078.0571,-1022.9321
185582.75,-1133.3291,-1023.0791,-1078.2041,-1023.0791
185603.72,-1133.4761,-1023.2261,-1078.3511,-1023.2261
185624.7,-1133.6226,-1023.37256,-1078.4976,-1023.37256
185645.69,-1133.7695,-1023.51953,-1078.6445,-1023.51953
185666.66,-1133.917,-1023.667,-1078.792,-1023.667
185687.64,-1134.0635,-1023.8135,-1078.9385,-1023.8135
185708.61,-1134.2104,-1023.96045,-1079.0854,-1023.96045
185729.6,-1134.3574,-1024.1074,-1079.2324,-1024.1074
185750.56,-1134.5039,-1024.2539,-1079.3789,-1024.2539
185771.55,-1134.6509,-1024.4009,-1079.5259,-1024.4009
185792.52,-1134.7974,-1024.5474,-1079.6724,-1024.5474
185813.5,-1134.9443,-1024.6943,-1079.8193,-1024.6943
185834.47,-1135.0913,-1024.8413,-1079.9663,-1024.8413
185855.45,-1135.2383,-1024.9883,-1080.1133,-1024.9883
185876.42,-1135.3853,-1025.1353,-1080.2603,-1025.1353
185897.4,-1135.5317,-1025.2817,-1080.4067,-1025.2817
185918.38,-1135.6787,-1025.4287,-1080.5537,-1025.4287
185939.36,-1135.8257,-1025.5757,-1080.7007,-1025.5757
185960.33,-1135.9722,-1025.7222,-1080.8472,-1025.7222
185981.31,-1136.1191,-1025.8691,-1080.9941,-1025.8691
186002.28,-1136.2661,-1026.0161,-1081.1411,-1026.0161
186023.27,-1136.4126,-1026.1626,-1081.2876,-1026.1626
186044.23,-1136.5596,-1026.3096,-1081.4346,-1026.3096
186065.22,-1136.7065,-1026.4565,-1081.5815,-1026.4565
186086.19,-1136.8535,-1026.6035,-1081.7285,-1026.6035
186107.17,-1137.0,-1026.75,-1081.875,-1026.75
186128.16,-1137.147,-1026.897,-1082.022,-1026.897
186149.12,-1137.294,-1027.044,-1082.169,-1027.044
186170.11,-1137.4409,-1027.1909,-1082.3159,-1027.1909
186191.08,-1137.5874,-1027.3374,-1082.4624,-1027.3374
186212.06,-1137.7344,-1027.4844,-1082.6094,-1027.4844
186233.03,-1137.8813,-1027.6313,-1082.7563,-1027.6313
186254.02,-1138.0283,-1027.7783,-1082.9033,-1027.7783
186274.98,-1138.1748,-1027.9248,-1083.0498,-1027.9248
186295.97,-1138.3218,-1028.0718,-1083.1968,-1028.0718
186316.94,-1138.4683,-1028.2183,-1083.3433,-1028.2183
186337.92,-1138.6152,-1028.3652,-1083.4902,-1028.3652
186358.89,-1138.7622,-1028.5122,-1083.6372,-1028.5122
186379.88,-1138.9092,-1028.6592,-1083.7842,-1028.6592
186400.84,-1139.0562,-1028.8062,-1083.9312,-1028.8062
186421.83,-1139.2026,-1028.9526,-1084.0776,-1028.9526
186442.8,-1139.3496,-1029.0996,-1084.2246,-1029.0996
186463.78,-1139.4966,-1029.2466,-1084.3716,-1029.2466
186484.75,-1139.6431,-1029.3931,-1084.5181,-1029.3931
186505.73,-1139.79,-1029.54,-1084.665,-1029.54
186526.7,-1139.9365,-1029.6865,-1084.8115,-1029.6865
186547.69,-1140.0835,-1029.8335,-1084.9585,-1029.8335
186568.66,-1140.231,-1029.981,-1085.106,-1029.981
186589.64,-1140.3774,-1030.1274,-1085.2524,-1030.1274
186610.62,-1140.5244,-1030.2744,-1085.3994,-1030.2744
186631.6,-1140.6714,-1030.4214,-1085.5464,-1030.4214
186652.58,-1140.8184,-1030.5684,-1085.6934,-1030.5684
186673.55,-1140.9648,-1030.7148,-1085.8398,-1030.7148
186694.53,-1141.1118,-1030.8618,-1085.9868,-1030.8618
186715.5,-1141.2583,-1031.0083,-1086.1333,-1031.0083
186736.48,-1141.4053,-1031.1553,-1086.2803,-1031.1553
186757.45,-1141.5518,-1031.3018,-1086.4268,-1031.3018
186778.44,-1141.6987,-1031.4487,-1086.5737,-1031.4487
186799.4,-1141.8462,-1031.5962,-1086.7212,-1031.5962
186820.39,-1141.9932,-1031.7432,-1086.8682,-1031.7432
186841.36,-1142.1396,-1031.8896,-1087.0146,-1031.8896
186862.34,-1142.2866,-1032.0366,-1087.1616,-1032.0366
186883.31,-1142.4331,-1032.1831,-1087.3081,-1032.1831
186904.3,-1142.5801,-1032.3301,-1087.4551,-1032.3301
186925.27,-1142.7266,-1032.4766,-1087.6016,-1032.4766
186946.25,-1142.8735,-1032.6235,-1087.7485,-1032.6235
186967.22,-1143.0205,-1032.7705,-1087.8955,-1032.7705
186988.2,-1143.167,-1032.917,-1088.042,-1032.917
187009.17,-1143.3145,-1033.0645,-1088.1895,-1033.0645
187030.16,-1143.4614,-1033.2114,-1088.3364,-1033.2114
187051.14,-1143.6084,-1033.3584,-1088.4834,-1033.3584
187072.11,-1143.7549,-1033.5049,-1088.6299,-1033.5049
187093.1,-1143.9019,-1033.6519,-1088.7769,-1033.6519
187114.06,-1144.0483,-1033.7983,-1088.9233,-1033.7983
187135.05,-1144.1953,-1033.9453,-1089.0703,-1033.9453
187156.02,-1144.3418,-1034.0918,-1089.2168,-1034.0918
187177.0,-1144.4888,-1034.2388,-1089.3638,-1034.2388
187197.97,-1144.6357,-1034.3857,-1089.5107,-1034.3857
187218.95,-1144.7827,-1034.5327,-1089.6577,-1034.5327
187239.92,-1144.9297,-1034.6797,-1089.8047,-1034.6797
187260.9,-1145.0767,-1034.8267,-1089.9517,-1034.8267
187281.88,-1145.2231,-1034.9731,-1090.0981,-1034.9731
187302.86,-1145.3701,-1035.1201,-1090.2451,-1035.1201
187323.83,-1145.5166,-1035.2666,-1090.3916,-1035.2666
187344.81,-1145.6636,-1035.4136,-1090.5386,-1035.4136
187365.78,-1145.8105,-1035.5605,-1090.6855,-1035.5605
187386.77,-1145.9575,-1035.7075,-1090.8325,-1035.7075
187407.73,-1146.104,-1035.854,-1090.979,-1035.854
187428.72,-1146.251,-1036.001,-1091.126,-1036.001
187449.69,-1146.398,-1036.148,-1091.273,-1036.148
187470.67,-1146.5449,-1036.2949,-1091.4199,-1036.2949
187491.64,-1146.6914,-1036.4414,-1091.5664,-1036.4414
187512.62,-1146.8384,-1036.5884,-1091.7134,-1036.5884
187533.61,-1146.9854,-1036.7354,-1091.8604,-1036.7354
187554.58,-1147.1318,-1036.8818,-1092.0068,-1036.8818
187575.56,-1147.2788,-1037.0288,-1092.1538,-1037.0288
187596.53,-1147.4258,-1037.1758,-1092.3008,-1037.1758
187617.52,-1147.5728,-1037.3228,-1092.4478,-1037.3228
187638.48,-1147.7192,-1037.4692,-1092.5942,-1037.4692
187659.47,-1147.8662,-1037.6162,-1092.7412,-1037.6162
187680.44,-1148.0132,-1037.7632,-1092.8882,-1037.7632
187701.42,-1148.1602,-1037.9102,-1093.0352,-1037.9102
187722.39,-1148.3066,-1038.0566,-1093.1816,-1038.0566
187743.38,-1148.4536,-1038.2036,-1093.3286,-1038.2036
187764.34,-1148.6006,-1038.3506,-1093.4756,-1038.3506
187785.33,-1148.7476,-1038.4976,-1093.6226,-1038.4976
187806.3,-1148.894,-1038.644,-1093.769,-1038.644
187827.28,-1149.041,-1038.791,-1093.916,-1038.791
187848.25,-1149.1875,-1038.9375,-1094.0625,-1038.9375
187869.23,-1149.3345,-1039.0845,-1094.2095,-1039.0845
187890.2,-1149.4814,-1039.2314,-1094.3564,-1039.2314
187911.19,-1149.6284,-1039.3784,-1094.5034,-1039.3784
187932.16,-1149.7754,-1039.5254,-1094.6504,-1039.5254
187953.14,-1149.9224,-1039.6724,-1094.7974,-1039.6724
187974.11,-1150.0688,-1039.8188,-1094.9438,-1039.8188
187995.1,-1150.2158,-1039.9658,-1095.0908,-1039.9658
188016.08,-1150.3628,-1040.1128,-1095.2378,-1040.1128
188037.05,-1150.5093,-1040.2593,-1095.3843,-1040.2593
188058.03,-1150.6562,-1040.4062,-1095.5312,-1040.4062
188079.0,-1150.8027,-1040.5527,-1095.6777,-1040.5527
188099.98,-1150.9497,-1040.6997,-1095.8247,-1040.6997
188120.95,-1151.0967,-1040.8467,-1095.9717,-1040.8467
188141.94,-1151.2432,-1040.9932,-1096.1182,-1040.9932
188162.9,-1151.3906,-1041.1406,-1096.2656,-1041.1406
188183.89,-1151.5376,-1041.2876,-1096.4126,-1041.2876
188204.86,-1151.6841,-1041.4341,-1096.5591,-1041.4341
188225.84,-1151.831,-1041.581,-1096.706,-1041.581
188246.81,-1151.9775,-1041.7275,-1096.8525,-1041.7275
188267.8,-1152.1245,-1041.8745,-1096.9995,-1041.8745
188288.77,-1152.271,-1042.021,-1097.146,-1042.021
188309.75,-1152.418,-1042.168,-1097.293,-1042.168
188330.72,-1152.5654,-1042.3154,-1097.4404,-1042.3154
188351.7,-1152.7119,-1042.4619,-1097.5869,-1042.4619
188372.67,-1152.8589,-1042.6089,-1097.7339,-1042.6089
188393.66,-1153.0059,-1042.7559,-1097.8809,-1042.7559
188414.62,-1153.1523,-1042.9023,-1098.0273,-1042.9023
188435.61,-1153.2993,-1043.0493,-1098.1743,-1043.0493
188456.6,-1153.4463,-1043.1963,-1098.3213,-1043.1963
188477.56,-1153.5928,-1043.3428,-1098.4678,-1043.3428
188498.55,-1153.7397,-1043.4897,-1098.6147,-1043.4897
188519.52,-1153.8867,-1043.6367,-1098.7617,-1043.6367
188540.5,-1154.0332,-1043.7832,-1098.9082,-1043.7832
188561.47,-1154.1802,-1043.9302,-1099.0552,-1043.9302
188582.45,-1154.3271,-1044.0771,-1099.2021,-1044.0771
188603.42,-1154.4741,-1044.2241,-1099.3491,-1044.2241
188624.4,-1154.6211,-1044.3711,-1099.4961,-1044.3711
188645.38,-1154.7676,-1044.5176,-1099.6426,-1044.5176
188666.36,-1154.9146,-1044.6646,-1099.7896,-1044.6646
188687.33,-1155.061,-1044.811,-1099.936,-1044.811
188708.31,-1155.208,-1044.958,-1100.083,-1044.958
188729.28,-1155.355,-1045.105,-1100.23,-1045.105
188750.27,-1155.502,-1045.252,-1100.377,-1045.252
188771.23,-1155.6484,-1045.3984,-1100.5234,-1045.3984
188792.22,-1155.7954,-1045.5454,-1100.6704,-1045.5454
188813.19,-1155.9424,-1045.6924,-1100.8174,-1045.6924
188834.17,-1156.0894,-1045.8394,-1100.9644,-1045.8394
188855.14,-1156.2358,-1045.9858,-1101.1108,-1045.9858
188876.12,-1156.3828,-1046.1328,-1101.2578,-1046.1328
188897.1,-1156.5298,-1046.2798,-1101.4048,-1046.2798
188918.08,-1156.6768,-1046.4268,-1101.5518,-1046.4268
188939.06,-1156.8232,-1046.5732,-1101.6982,-1046.5732
188960.03,-1156.9702,-1046.7202,-1101.8452,-1046.7202
188981.02,-1157.1172,-1046.8672,-1101.9922,-1046.8672
189001.98,-1157.2637,-1047.0137,-1102.1387,-1047.0137
189022.97,-1157.4106,-1047.1606,-1102.2856,-1047.1606
189043.94,-1157.5576,-1047.3076,-1102.4326,-1047.3076
189064.92,-1157.7046,-1047.4546,-1102.5796,-1047.4546
189085.89,-1157.8511,-1047.6011,-1102.7261,-1047.6011
189106.88,-1157.998,-1047.748,-1102.873,-1047.748
189127.84,-1158.145,-1047.895,-1103.02,-1047.895
189148.83,-1158.292,-1048.042,-1103.167,-1048.042
189169.8,-1158.4385,-1048.1885,-1103.3135,-1048.1885
189190.78,-1158.5854,-1048.3354,-1103.4604,-1048.3354
189211.75,-1158.7319,-1048.4819,-1103.6069,-1048.4819
189232.73,-1158.8789,-1048.6289,-1103.7539,-1048.6289
189253.7,-1159.0259,-1048.7759,-1103.9009,-1048.7759
189274.69,-1159.1729,-1048.9229,-1104.0479,-1048.9229
189295.66,-1159.3198,-1049.0698,-1104.1948,-1049.0698
189316.64,-1159.4668,-1049.2168,-1104.3418,-1049.2168
189337.61,-1159.6133,-1049.3633,-1104.4883,-1049.3633
189358.6,-1159.7603,-1049.5103,-1104.6353,-1049.5103
189379.58,-1159.9072,-1049.6572,-1104.7822,-1049.6572
189400.55,-1160.0537,-1049.8037,-1104.9287,-1049.8037
189421.53,-1160.2007,-1049.9507,-1105.0757,-1049.9507
189442.5,-1160.3472,-1050.0972,-1105.2222,-1050.0972
189463.48,-1160.4941,-1050.2441,-1105.3691,-1050.2441
189484.45,-1160.6416,-1050.3916,-1105.5166,-1050.3916
189505.44,-1160.7881,-1050.5381,-1105.6631,-1050.5381
189526.4,-1160.935,-1050.685,-1105.81,-1050.685
189547.39,-1161.082,-1050.832,-1105.957,-1050.832
189568.36,-1161.2285,-1050.9785,-1106.1035,-1050.9785
189589.34,-1161.3755,-1051.1255,-1106.2505,-1051.1255
189610.31,-1161.522,-1051.272,-1106.397,-1051.272
189631.3,-1161.669,-1051.419,-1106.544,-1051.419
189652.27,-1161.8154,-1051.5654,-1106.6904,-1051.5654
189673.25,-1161.9624,-1051.7124,-1106.8374,-1051.7124
189694.22,-1162.1099,-1051.8599,-1106.9849,-1051.8599
189715.2,-1162.2568,-1052.0068,-1107.1318,-1052.0068
189736.17,-1162.4033,-1052.1533,-1107.2783,-1052.1533
189757.16,-1162.5503,-1052.3003,-1107.4253,-1052.3003
189778.12,-1162.6968,-1052.4468,-1107.5718,-1052.4468
189799.11,-1162.8438,-1052.5938,-1107.7188,-1052.5938
189820.08,-1162.9902,-1052.7402,-1107.8652,-1052.7402
189841.06,-1163.1372,-1052.8872,-1108.0122,-1052.8872
189862.05,-1163.2842,-1053.0342,-1108.1592,-1053.0342
189883.02,-1163.4312,-1053.1812,-1108.3062,-1053.1812
189904.0,-1163.5776,-1053.3276,-1108.4526,-1053.3276
189924.97,-1163.7251,-1053.4751,-1108.6001,-1053.4751
189945.95,-1163.8721,-1053.6221,-1108.7471,-1053.6221
189966.92,-1164.0186,-1053.7686,-1108.8936,-1053.7686
189987.9,-1164.1655,-1053.9155,-1109.0405,-1053.9155
190008.88,-1164.312,-1054.062,-1109.187,-1054.062
190029.86,-1164.459,-1054.209,-1109.334,-1054.209
190050.83,-1164.606,-1054.356,-1109.481,-1054.356
190071.81,-1164.7524,-1054.5024,-1109.6274,-1054.5024
190092.78,-1164.8994,-1054.6494,-1109.7744,-1054.6494
190113.77,-1165.0464,-1054.7964,-1109.9214,-1054.7964
190134.73,-1165.1934,-1054.9434,-1110.0684,-1054.9434
190155.72,-1165.3403,-1055.0903,-1110.2153,-1055.0903
190176.69,-1165.4868,-1055.2368,-1110.3618,-1055.2368
190197.67,-1165.6338,-1055.3838,-1110.5088,-1055.3838
190218.64,-1165.7803,-1055.5303,-1110.6553,-1055.5303
190239.62,-1165.9272,-1055.6772,-1110.8022,-1055.6772
190260.6,-1166.0742,-1055.8242,-1110.9492,-1055.8242
190281.58,-1166.2212,-1055.9712,-1111.0962,-1055.9712
190302.55,-1166.3677,-1056.1177,-1111.2427,-1056.1177
190323.53,-1166.5146,-1056.2646,-1111.3896,-1056.2646
190344.52,-1166.6616,-1056.4116,-1111.5366,-1056.4116
190365.48,-1166.8086,-1056.5586,-1111.6836,-1056.5586
190386.47,-1166.9551,-1056.7051,-1111.8301,-1056.7051
190407.44,-1167.102,-1056.852,-1111.977,-1056.852
190428.42,-1167.249,-1056.999,-1112.124,-1056.999
190449.39,-1167.396,-1057.146,-1112.271,-1057.146
190470.38,-1167.5425,-1057.2925,-1112.4175,-1057.2925
190491.34,-1167.6895,-1057.4395,-1112.5645,-1057.4395
190512.33,-1167.8364,-1057.5864,-1112.7114,-1057.5864
190533.3,-1167.9829,-1057.7329,-1112.8579,-1057.7329
190554.28,-1168.1299,-1057.8799,-1113.0049,-1057.8799
190575.25,-1168.2769,-1058.0269,-1113.1519,-1058.0269
190596.23,-1168.4233,-1058.1733,-1113.2983,-1058.1733
190617.2,-1168.5708,-1058.3208,-1113.4458,-1058.3208
190638.19,-1168.7173,-1058.4673,-1113.5923,-1058.4673
190659.16,-1168.8643,-1058.6143,-1113.7393,-1058.6143
190680.14,-1169.0112,-1058.7612,-1113.8862,-1058.7612
190701.11,-1169.1577,-1058.9077,-1114.0327,-1058.9077
190722.1,-1169.3047,-1059.0547,-1114.1797,-1059.0547
190743.06,-1169.4512,-1059.2012,-1114.3262,-1059.2012
190764.05,-1169.5981,-1059.3481,-1114.4731,-1059.3481
190785.03,-1169.7451,-1059.4951,-1114.6201,-1059.4951
190806.0,-1169.8916,-1059.6416,-1114.7666,-1059.6416
190826.98,-1170.0386,-1059.7886,-1114.9136,-1059.7886
190847.95,-1170.186,-1059.936,-1115.061,-1059.936
190868.94,-1170.3325,-1060.0825,-1115.2075,-1060.0825
190889.9,-1170.4795,-1060.2295,-1115.3545,-1060.2295
190910.89,-1170.6265,-1060.3765,-1115.5015,-1060.3765
190931.86,-1170.773,-1060.523,-1115.648,-1060.523
190952.84,-1170.9199,-1060.6699,-1115.7949,-1060.6699
190973.81,-1171.0664,-1060.8164,-1115.9414,-1060.8164
190994.8,-1171.2134,-1060.9634,-1116.0884,-1060.9634
191015.77,-1171.3604,-1061.1104,-1116.2354,-1061.1104
191036.75,-1171.5068,-1061.2568,-1116.3818,-1061.2568
191057.72,-1171.6543,-1061.4043,-1116.5293,-1061.4043
191078.7,-1171.8013,-1061.5513,-1116.6763,-1061.5513
191099.67,-1171.9478,-1061.6978,-1116.8228,-1061.6978
191120.66,-1172.0947,-1061.8447,-1116.9697,-1061.8447
191141.62,-1172.2412,-1061.9912,-1117.1162,-1061.9912
191162.61,-1172.3882,-1062.1382,-1117.2632,-1062.1382
191183.58,-1172.5352,-1062.2852,-1117.4102,-1062.2852
191204.56,-1172.6816,-1062.4316,-1117.5566,-1062.4316
191225.53,-1172.8286,-1062.5786,-1117.7036,-1062.5786
191246.52,-1172.9756,-1062.7256,-1117.8506,-1062.7256
191267.5,-1173.1221,-1062.8721,-1117.9971,-1062.8721
191288.47,-1173.2695,-1063.0195,-1118.1445,-1063.0195
191309.45,-1173.4165,-1063.1665,-1118.2915,-1063.1665
191330.42,-1173.563,-1063.313,-1118.438,-1063.313
191351.4,-1173.71,-1063.46,-1118.585,-1063.46
191372.38,-1173.8564,-1063.6064,-1118.7314,-1063.6064
191393.36,-1174.0034,-1063.7534,-1118.8784,-1063.7534
191414.33,-1174.1504,-1063.9004,-1119.0254,-1063.9004
191435.31,-1174.2969,-1064.0469,-1119.1719,-1064.0469
191456.28,-1174.4438,-1064.1938,-1119.3188,-1064.1938
191477.27,-1174.5908,-1064.3408,-1119.4658,-1064.3408
191498.23,-1174.7378,-1064.4878,-1119.6128,-1064.4878
191519.22,-1174.8848,-1064.6348,-1119.7598,-1064.6348
191540.19,-1175.0312,-1064.7812,-1119.9062,-1064.7812
191561.17,-1175.1782,-1064.9282,-1120.0532,-1064.9282
191582.14,-1175.3252,-1065.0752,-1120.2002,-1065.0752
191603.12,-1175.4717,-1065.2217,-1120.3467,-1065.2217
191624.1,-1175.6187,-1065.3687,-1120.4937,-1065.3687
191645.08,-1175.7656,-1065.5156,-1120.6406,-1065.5156
191666.05,-1175.9121,-1065.6621,-1120.7871,-1065.6621
191687.03,-1176.0591,-1065.8091,-1120.9341,-1065.8091
191708.0,-1176.206,-1065.956,-1121.081,-1065.956
191728.98,-1176.353,-1066.103,-1121.228,-1066.103
191749.97,-1176.5,-1066.25,-1121.375,-1066.25
191770.94,-1176.6465,-1066.3965,-1121.5215,-1066.3965
191791.92,-1176.7935,-1066.5435,-1121.6685,-1066.5435
191812.89,-1176.9404,-1066.6904,-1121.8154,-1066.6904
191833.88,-1177.0869,-1066.8369,-1121.9619,-1066.8369
191854.84,-1177.2339,-1066.9839,-1122.1089,-1066.9839
191875.83,-1177.3809,-1067.1309,-1122.2559,-1067.1309
191896.8,-1177.5273,-1067.2773,-1122.4023,-1067.2773
191917.78,-1177.6743,-1067.4243,-1122.5493,-1067.4243
191938.75,-1177.8213,-1067.5713,-1122.6963,-1067.5713
191959.73,-1177.9683,-1067.7183,-1122.8433,-1067.7183
191980.7,-1178.1152,-1067.8652,-1122.9902,-1067.8652
192001.69,-1178.2617,-1068.0117,-1123.1367,-1068.0117
192022.66,-1178.4087,-1068.1587,-1123.2837,-1068.1587
192043.64,-1178.5557,-1068.3057,-1123.4307,-1068.3057
192064.61,-1178.7021,-1068.4521,-1123.5771,-1068.4521
192085.6,-1178.8491,-1068.5991,-1123.7241,-1068.5991
192106.56,-1178.9956,-1068.7456,-1123.8706,-1068.7456
192127.55,-1179.1426,-1068.8926,-1124.0176,-1068.8926
192148.52,-1179.29,-1069.04,-1124.165,-1069.04
192169.5,-1179.4365,-1069.1865,-1124.3115,-1069.1865
192190.48,-1179.5835,-1069.3335,-1124.4585,-1069.3335
192211.45,-1179.7305,-1069.4805,-1124.6055,-1069.4805
192232.44,-1179.8774,-1069.6274,-1124.7524,-1069.6274
192253.4,-1180.0239,-1069.7739,-1124.8989,-1069.7739
192274.39,-1180.1709,-1069.9209,-1125.0459,-1069.9209
192295.36,-1180.3174,-1070.0674,-1125.1924,-1070.0674
192316.34,-1180.4644,-1070.2144,-1125.3394,-1070.2144
192337.31,-1180.6108,-1070.3608,-1125.4858,-1070.3608
192358.3,-1180.7578,-1070.5078,-1125.6328,-1070.5078
192379.27,-1180.9053,-1070.6553,-1125.7803,-1070.6553
192400.25,-1181.0518,-1070.8018,-1125.9268,-1070.8018
192421.22,-1181.1987,-1070.9487,-1126.0737,-1070.9487
192442.2,-1181.3457,-1071.0957,-1126.2207,-1071.0957
192463.17,-1181.4922,-1071.2422,-1126.3672,-1071.2422
192484.16,-1181.6392,-1071.3892,-1126.5142,-1071.3892
192505.12,-1181.7856,-1071.5356,-1126.6606,-1071.5356
192526.11,-1181.9326,-1071.6826,-1126.8076,-1071.6826
192547.08,-1182.0796,-1071.8296,-1126.9546,-1071.8296
192568.06,-1182.2261,-1071.9761,-1127.1011,-1071.9761
192589.03,-1182.3735,-1072.1235,-1127.2485,-1072.1235
192610.02,-1182.5205,-1072.2705,-1127.3955,-1072.2705
192630.98,-1182.667,-1072.417,-1127.542,-1072.417
192651.97,-1182.814,-1072.564,-1127.689,-1072.564
192672.95,-1182.9609,-1072.7109,-1127.8359,-1072.7109
192693.92,-1183.1074,-1072.8574,-1127.9824,-1072.8574
192714.9,-1183.2544,-1073.0044,-1128.1294,-1073.0044
192735.88,-1183.4009,-1073.1509,-1128.2759,-1073.1509
192756.86,-1183.5479,-1073.2979,-1128.4229,-1073.2979
192777.83,-1183.6948,-1073.4448,-1128.5698,-1073.4448
192798.81,-1183.8418,-1073.5918,-1128.7168,-1073.5918
192819.78,-1183.9888,-1073.7388,-1128.8638,-1073.7388
192840.77,-1184.1353,-1073.8853,-1129.0103,-1073.8853
192861.73,-1184.2822,-1074.0322,-1129.1572,-1074.0322
192882.72,-1184.4292,-1074.1792,-1129.3042,-1074.1792
192903.69,-1184.5757,-1074.3257,-1129.4507,-1074.3257
192924.67,-1184.7227,-1074.4727,-1129.5977,-1074.4727
192945.64,-1184.8696,-1074.6196,-1129.7446,-1074.6196
192966.62,-1185.0161,-1074.7661,-1129.8911,-1074.7661
192987.6,-1185.1631,-1074.9131,-1130.0381,-1074.9131
193008.58,-1185.31,-1075.06,-1130.185,-1075.06
193029.55,-1185.457,-1075.207,-1130.332,-1075.207
193050.53,-1185.6035,-1075.3535,-1130.4785,-1075.3535
193071.5,-1185.7505,-1075.5005,-1130.6255,-1075.5005
193092.48,-1185.8975,-1075.6475,-1130.7725,-1075.6475
193113.45,-1186.0444,-1075.7944,-1130.9194,-1075.7944
193134.44,-1186.1909,-1075.9409,-1131.0659,-1075.9409
193155.42,-1186.3379,-1076.0879,-1131.2129,-1076.0879
193176.39,-1186.4849,-1076.2349,-1131.3599,-1076.2349
193197.38,-1186.6318,-1076.3818,-1131.5068,-1076.3818
193218.34,-1186.7783,-1076.5283,-1131.6533,-1076.5283
193239.33,-1186.9253,-1076.6753,-1131.8003,-1076.6753
193260.3,-1187.0718,-1076.8218,-1131.9468,-1076.8218
193281.28,-1187.2188,-1076.9688,-1132.0938,-1076.9688
193302.25,-1187.3657,-1077.1157,-1132.2407,-1077.1157
193323.23,-1187.5127,-1077.2627,-1132.3877,-1077.2627
193344.2,-1187.6597,-1077.4097,-1132.5347,-1077.4097
193365.19,-1187.8062,-1077.5562,-1132.6812,-1077.5562
193386.16,-1187.9531,-1077.7031,-1132.8281,-1077.7031
193407.14,-1188.1001,-1077.8501,-1132.9751,-1077.8501
193428.11,-1188.2466,-1077.9966,-1133.1216,-1077.9966
193449.1,-1188.3936,-1078.1436,-1133.2686,-1078.1436
193470.06,-1188.54,-1078.29,-1133.415,-1078.29
193491.05,-1188.687,-1078.437,-1133.562,-1078.437
193512.02,-1188.8345,-1078.5845,-1133.7095,-1078.5845
193533.0,-1188.981,-1078.731,-1133.856,-1078.731
193553.97,-1189.1279,-1078.8779,-1134.0029,-1078.8779
193574.95,-1189.2749,-1079.0249,-1134.1499,-1079.0249
193595.94,-1189.4219,-1079.1719,-1134.2969,-1079.1719
193616.9,-1189.5684,-1079.3184,-1134.4434,-1079.3184
193637.89,-1189.7153,-1079.4653,-1134.5903,-1079.4653
193658.86,-1189.8618,-1079.6118,-1134.7368,-1079.6118
193679.84,-1190.0088,-1079.7588,-1134.8838,-1079.7588
193700.81,-1190.1553,-1079.9053,-1135.0303,-1079.9053
193721.8,-1190.3022,-1080.0522,-1135.1772,-1080.0522
193742.77,-1190.4497,-1080.1997,-1135.3247,-1080.1997
193763.75,-1190.5967,-1080.3467,-1135.4717,-1080.3467
193784.72,-1190.7432,-1080.4932,-1135.6182,-1080.4932
193805.7,-1190.8901,-1080.6401,-1135.7651,-1080.6401
193826.67,-1191.0366,-1080.7866,-1135.9116,-1080.7866
193847.66,-1191.1836,-1080.9336,-1136.0586,-1080.9336
193868.62,-1191.3301,-1081.0801,-1136.2051,-1081.0801
193889.61,-1191.477,-1081.227,-1136.352,-1081.227
193910.58,-1191.6235,-1081.374,-1136.499,-1081.374
193931.56,-1191.7705,-1081.5205,-1136.6455,-1081.5205
193952.53,-1191.9175,-1081.668,-1136.793,-1081.668
193973.52,-1192.0645,-1081.815,-1136.94,-1081.815
193994.48,-1192.2119,-1081.9614,-1137.0864,-1081.9614
194015.47,-1192.3579,-1082.1084,-1137.2334,-1082.1084
194036.44,-1192.5054,-1082.2549,-1137.3799,-1082.2549
194057.42,-1192.6523,-1082.4019,-1137.5269,-1082.4019
194078.4,-1192.7993,-1082.5488,-1137.6738,-1082.5488
194099.38,-1192.9458,-1082.6953,-1137.8203,-1082.6953
194120.36,-1193.0928,-1082.8423,-1137.9673,-1082.8423
194141.33,-1193.2393,-1082.9893,-1138.1143,-1082.9893
194162.31,-1193.3862,-1083.1362,-1138.2612,-1083.1362
194183.28,-1193.5332,-1083.2832,-1138.4082,-1083.2832
194204.27,-1193.6802,-1083.4302,-1138.5552,-1083.4302
194225.23,-1193.8267,-1083.5767,-1138.7017,-1083.5767
194246.22,-1193.9736,-1083.7236,-1138.8486,-1083.7236
194267.19,-1194.1201,-1083.8701,-1138.9951,-1083.8701
194288.17,-1194.2671,-1084.0171,-1139.1421,-1084.0171
194309.14,-1194.4136,-1084.1641,-1139.2891,-1084.1641
194330.12,-1194.5605,-1084.311,-1139.436,-1084.311
194351.1,-1194.707,-1084.4575,-1139.5825,-1084.4575
194372.08,-1194.854,-1084.6045,-1139.7295,-1084.6045
194393.05,-1195.002,-1084.7515,-1139.8765,-1084.7515
194414.03,-1195.1489,-1084.8984,-1140.0234,-1084.8984
194435.0,-1195.2954,-1085.0449,-1140.1699,-1085.0449
194455.98,-1195.4424,-1085.1919,-1140.3169,-1085.1919
194476.95,-1195.5889,-1085.3389,-1140.4639,-1085.3389
194497.94,-1195.7358,-1085.4854,-1140.6104,-1085.4854
194518.9,-1195.8823,-1085.6323,-1140.7573,-1085.6323
194539.89,-1196.0293,-1085.7793,-1140.9043,-1085.7793
194560.88,-1196.1763,-1085.9263,-1141.0513,-1085.9263
194581.84,-1196.3228,-1086.0728,-1141.1978,-1086.0728
194602.83,-1196.4697,-1086.2197,-1141.3447,-1086.2197
194623.8,-1196.6167,-1086.3667,-1141.4917,-1086.3667
194644.78,-1196.7637,-1086.5137,-1141.6387,-1086.5137
194665.75,-1196.9102,-1086.6602,-1141.7852,-1086.6602
194686.73,-1197.0571,-1086.8071,-1141.9321,-1086.8071
194707.7,-1197.2036,-1086.9541,-1142.0791,-1086.9541
194728.69,-1197.3506,-1087.1011,-1142.2261,-1087.1011
194749.66,-1197.4971,-1087.2476,-1142.3726,-1087.2476
194770.64,-1197.644,-1087.3945,-1142.5195,-1087.3945
194791.61,-1197.7915,-1087.541,-1142.666,-1087.541
194812.6,-1197.9385,-1087.688,-1142.813,-1087.688
194833.56,-1198.0854,-1087.835,-1142.96,-1087.835
194854.55,-1198.2324,-1087.9819,-1143.1069,-1087.9819
194875.52,-1198.3789,-1088.1289,-1143.2539,-1088.1289
194896.5,-1198.5259,-1088.2759,-1143.4009,-1088.2759
194917.47,-1198.6724,-1088.4224,-1143.5474,-1088.4224
194938.45,-1198.8193,-1088.5693,-1143.6943,-1088.5693
194959.42,-1198.9658,-1088.7158,-1143.8408,-1088.7158
194980.4,-1199.1128,-1088.8628,-1143.9878,-1088.8628
195001.39,-1199.2598,-1089.0098,-1144.1348,-1089.0098
195022.36,-1199.4062,-1089.1562,-1144.2812,-1089.1562
195043.34,-1199.5532,-1089.3032,-1144.4282,-1089.3032
195064.31,-1199.7002,-1089.4502,-1144.5752,-1089.4502
195085.3,-1199.8467,-1089.5967,-1144.7217,-1089.5967
195106.27,-1199.9937,-1089.7441,-1144.8691,-1089.7441
195127.25,-1200.1406,-1089.8911,-1145.0161,-1089.8911
195148.22,-1200.2871,-1090.0376,-1145.1626,-1090.0376
195169.2,-1200.4341,-1090.1846,-1145.3096,-1090.1846
195190.17,-1200.5815,-1090.331,-1145.456,-1090.331
195211.16,-1200.7285,-1090.478,-1145.603,-1090.478
195232.12,-1200.875,-1090.6245,-1145.7495,-1090.6245
195253.11,-1201.022,-1090.7715,-1145.8965,-1090.7715
195274.08,-1201.169,-1090.919,-1146.044,-1090.919
195295.06,-1201.3154,-1091.0654,-1146.1904,-1091.0654
195316.03,-1201.4624,-1091.2124,-1146.3374,-1091.2124
195337.02,-1201.6094,-1091.3594,-1146.4844,-1091.3594
195357.98,-1201.7559,-1091.5059,-1146.6309,-1091.5059
195378.97,-1201.9028,-1091.6528,-1146.7778,-1091.6528
195399.94,-1202.0493,-1091.7993,-1146.9243,-1091.7993
195420.92,-1202.1963,-1091.9463,-1147.0713,-1091.9463
195441.89,-1202.3428,-1092.0933,-1147.2183,-1092.0933
195462.88,-1202.4897,-1092.2402,-1147.3652,-1092.2402
195483.86,-1202.6367,-1092.3867,-1147.5117,-1092.3867
195504.83,-1202.7832,-1092.5337,-1147.6587,-1092.5337
195525.81,-1202.9302,-1092.6807,-1147.8057,-1092.6807
195546.78,-1203.0771,-1092.8276,-1147.9526,-1092.8276
195567.77,-1203.2241,-1092.9746,-1148.0996,-1092.9746
195588.73,-1203.3716,-1093.1211,-1148.2461,-1093.1211
195609.72,-1203.5186,-1093.2681,-1148.3931,-1093.2681
195630.69,-1203.665,-1093.4146,-1148.5396,-1093.4146
195651.67,-1203.812,-1093.5615,-1148.6865,-1093.5615
195672.64,-1203.9585,-1093.7085,-1148.8335,-1093.7085
195693.62,-1204.1055,-1093.8555,-1148.9805,-1093.8555
195714.6,-1204.252,-1094.002,-1149.127,-1094.002
195735.58,-1204.3989,-1094.1489,-1149.2739,-1094.1489
195756.55,-1204.5459,-1094.2959,-1149.4209,-1094.2959
195777.53,-1204.6929,-1094.4429,-1149.5679,-1094.4429
195798.5,-1204.8394,-1094.5894,-1149.7144,-1094.5894
195819.48,-1204.9863,-1094.7363,-1149.8613,-1094.7363
195840.45,-1205.1328,-1094.8833,-1150.0083,-1094.8833
195861.44,-1205.2798,-1095.0303,-1150.1553,-1095.0303
195882.4,-1205.4263,-1095.1768,-1150.3018,-1095.1768
195903.39,-1205.5732,-1095.3237,-1150.4487,-1095.3237
195924.38,-1205.7202,-1095.4707,-1150.5957,-1095.4707
195945.34,-1205.8677,-1095.6172,-1150.7422,-1095.6172
195966.33,-1206.0137,-1095.7642,-1150.8892,-1095.7642
195987.3,-1206.1616,-1095.9111,-1151.0361,-1095.9111
196008.28,-1206.3086,-1096.0581,-1151.1831,-1096.0581
196029.25,-1206.4551,-1096.2046,-1151.3296,-1096.2046
196050.23,-1206.602,-1096.3516,-1151.4766,-1096.3516
196071.2,-1206.7485,-1096.4985,-1151.6235,-1096.4985
196092.19,-1206.8955,-1096.6455,-1151.7705,-1096.6455
196113.16,-1207.042,-1096.792,-1151.917,-1096.792
196134.14,-1207.189,-1096.939,-1152.064,-1096.939
196155.11,-1207.3354,-1097.0854,-1152.2104,-1097.0854
196176.1,-1207.4824,-1097.2324,-1152.3574,-1097.2324
196197.06,-1207.6294,-1097.3794,-1152.5044,-1097.3794
196218.05,-1207.7764,-1097.5264,-1152.6514,-1097.5264
196239.02,-1207.9229,-1097.6733,-1152.7983,-1097.6733
196260.0,-1208.0698,-1097.8203,-1152.9453,-1097.8203
196280.97,-1208.2163,-1097.9668,-1153.0918,-1097.9668
196301.95,-1208.3633,-1098.1138,-1153.2388,-1098.1138
196322.92,-1208.5107,-1098.2603,-1153.3853,-1098.2603
196343.9,-1208.6577,-1098.4072,-1153.5322,-1098.4072
196364.88,-1208.8042,-1098.5537,-1153.6787,-1098.5537
196385.86,-1208.9512,-1098.7007,-1153.8257,-1098.7007
196406.84,-1209.0981,-1098.8477,-1153.9727,-1098.8477
196427.81,-1209.2451,-1098.9951,-1154.1201,-1098.9951
196448.8,-1209.3921,-1099.1416,-1154.2666,-1099.1416
196469.77,-1209.5386,-1099.2886,-1154.4136,-1099.2886
196490.75,-1209.6855,-1099.4355,-1154.5605,-1099.4355
196511.72,-1209.832,-1099.582,-1154.707,-1099.582
196532.7,-1209.979,-1099.729,-1154.854,-1099.729
196553.67,-1210.1255,-1099.8755,-1155.0005,-1099.8755
196574.66,-1210.2725,-1100.0225,-1155.1475,-1100.0225
196595.62,-1210.419,-1100.169,-1155.294,-1100.169
196616.61,-1210.5659,-1100.3159,-1155.4409,-1100.3159
196637.58,-1210.7129,-1100.4634,-1155.5884,-1100.4634
196658.56,-1210.8599,-1100.6104,-1155.7354,-1100.6104
196679.53,-1211.0063,-1100.7568,-1155.8818,-1100.7568
196700.52,-1211.1533,-1100.9038,-1156.0288,-1100.9038
196721.48,-1211.3008,-1101.0503,-1156.1753,-1101.0503
196742.47,-1211.4478,-1101.1973,-1156.3223,-1101.1973
196763.44,-1211.5942,-1101.3438,-1156.4688,-1101.3438
196784.42,-1211.7412,-1101.4907,-1156.6157,-1101.4907
196805.39,-1211.8877,-1101.6377,-1156.7627,-1101.6377
196826.38,-1212.0347,-1101.7847,-1156.9097,-1101.7847
196847.34,-1212.1816,-1101.9316,-1157.0566,-1101.9316
196868.33,-1212.3286,-1102.0786,-1157.2036,-1102.0786
196889.31,-1212.4756,-1102.2256,-1157.3506,-1102.2256
196910.28,-1212.6221,-1102.3721,-1157.4971,-1102.3721
196931.27,-1212.769,-1102.519,-1157.644,-1102.519
196952.23,-1212.9155,-1102.6655,-1157.7905,-1102.6655
196973.22,-1213.0625,-1102.8125,-1157.9375,-1102.8125
196994.19,-1213.209,-1102.9595,-1158.0845,-1102.9595
197015.17,-1213.356,-1103.106,-1158.231,-1103.106
197036.14,-1213.5024,-1103.2529,-1158.3779,-1103.2529
197057.12,-1213.6494,-1103.3999,-1158.5249,-1103.3999
197078.1,-1213.7974,-1103.5469,-1158.6719,-1103.5469
197099.08,-1213.9434,-1103.6938,-1158.8188,-1103.6938
197120.05,-1214.0908,-1103.8403,-1158.9653,-1103.8403
197141.03,-1214.2378,-1103.9873,-1159.1123,-1103.9873
197162.0,-1214.3843,-1104.1338,-1159.2588,-1104.1338
197182.98,-1214.5312,-1104.2808,-1159.4058,-1104.2808
197203.95,-1214.6777,-1104.4277,-1159.5527,-1104.4277
197224.94,-1214.8247,-1104.5747,-1159.6997,-1104.5747
197245.9,-1214.9712,-1104.7212,-1159.8462,-1104.7212
197266.89,-1215.1182,-1104.8682,-1159.9932,-1104.8682
197287.86,-1215.2651,-1105.0151,-1160.1401,-1105.0151
197308.84,-1215.4121,-1105.1621,-1160.2871,-1105.1621
197329.83,-1215.5586,-1105.3086,-1160.4336,-1105.3086
197350.8,-1215.7056,-1105.4556,-1160.5806,-1105.4556
197371.78,-1215.8525,-1105.6025,-1160.7275,-1105.6025
197392.75,-1215.999,-1105.7495,-1160.8745,-1105.7495
197413.73,-1216.146,-1105.896,-1161.021,-1105.896
197434.7,-1216.2925,-1106.043,-1161.168,-1106.043
197455.69,-1216.4395,-1106.19,-1161.315,-1106.19
197476.66,-1216.5869,-1106.3364,-1161.4614,-1106.3364
197497.64,-1216.7329,-1106.4834,-1161.6084,-1106.4834
197518.61,-1216.8809,-1106.6304,-1161.7554,-1106.6304
197539.6,-1217.0273,-1106.7769,-1161.9019,-1106.7769
197560.56,-1217.1743,-1106.9243,-1162.0493,-1106.9243
197581.55,-1217.3213,-1107.0708,-1162.1958,-1107.0708
197602.52,-1217.4678,-1107.2178,-1162.3428,-1107.2178
197623.5,-1217.6147,-1107.3647,-1162.4897,-1107.3647
197644.47,-1217.7612,-1107.5112,-1162.6362,-1107.5112
197665.45,-1217.9082,-1107.6582,-1162.7832,-1107.6582
197686.42,-1218.0547,-1107.8047,-1162.9297,-1107.8047
197707.4,-1218.2017,-1107.9517,-1163.0767,-1107.9517
197728.38,-1218.3486,-1108.0986,-1163.2236,-1108.0986
197749.36,-1218.4951,-1108.2451,-1163.3701,-1108.2451
197770.33,-1218.6421,-1108.3926,-1163.5176,-1108.3926
197791.31,-1218.7891,-1108.5396,-1163.6646,-1108.5396
197812.3,-1218.936,-1108.686,-1163.811,-1108.686
197833.27,-1219.0825,-1108.833,-1163.958,-1108.833
197854.25,-1219.2295,-1108.98,-1164.105,-1108.98
197875.22,-1219.377,-1109.1265,-1164.2515,-1109.1265
197896.2,-1219.523,-1109.2734,-1164.3984,-1109.2734
197917.17,-1219.6704,-1109.4199,-1164.5449,-1109.4199
197938.16,-1219.8174,-1109.5669,-1164.6919,-1109.5669
197959.12,-1219.9639,-1109.7139,-1164.8389,-1109.7139
197980.11,-1220.1108,-1109.8604,-1164.9854,-1109.8604
198001.08,-1220.2578,-1110.0078,-1165.1328,-1110.0078
198022.06,-1220.4048,-1110.1548,-1165.2798,-1110.1548
198043.03,-1220.5513,-1110.3013,-1165.4263,-1110.3013
198064.02,-1220.6982,-1110.4482,-1165.5732,-1110.4482
198084.98,-1220.8447,-1110.5947,-1165.7197,-1110.5947
198105.97,-1220.9917,-1110.7417,-1165.8667,-1110.7417
198126.94,-1221.1382,-1110.8887,-1166.0137,-1110.8887
198147.92,-1221.2852,-1111.0352,-1166.1602,-1111.0352
198168.89,-1221.4316,-1111.1821,-1166.3071,-1111.1821
198189.88,-1221.5786,-1111.3291,-1166.4541,-1111.3291
198210.84,-1221.7256,-1111.4761,-1166.6011,-1111.4761
198231.83,-1221.8726,-1111.623,-1166.748,-1111.623
198252.8,-1222.02,-1111.7695,-1166.8945,-1111.7695
198273.78,-1222.167,-1111.9165,-1167.0415,-1111.9165
198294.77,-1222.313,-1112.0635,-1167.1885,-1112.0635
198315.73,-1222.4604,-1112.21,-1167.335,-1112.21
198336.72,-1222.6074,-1112.3569,-1167.4819,-1112.3569
198357.69,-1222.7539,-1112.5039,-1167.6289,-1112.5039
198378.67,-1222.9009,-1112.6504,-1167.7754,-1112.6504
198399.64,-1223.0474,-1112.7974,-1167.9224,-1112.7974
198420.62,-1223.1943,-1112.9443,-1168.0693,-1112.9443
198441.6,-1223.3413,-1113.0913,-1168.2163,-1113.0913
198462.58,-1223.4883,-1113.2383,-1168.3633,-1113.2383
198483.55,-1223.6348,-1113.3848,-1168.5098,-1113.3848
198504.53,-1223.7817,-1113.5317,-1168.6567,-1113.5317
198525.5,-1223.9282,-1113.6787,-1168.8037,-1113.6787
198546.48,-1224.0752,-1113.8252,-1168.9502,-1113.8252
198567.45,-1224.2217,-1113.9722,-1169.0972,-1113.9722
198588.44,-1224.3687,-1114.1191,-1169.2441,-1114.1191
198609.4,-1224.5161,-1114.2656,-1169.3906,-1114.2656
198630.39,-1224.6621,-1114.4126,-1169.5376,-1114.4126
198651.36,-1224.81,-1114.5596,-1169.6846,-1114.5596
198672.34,-1224.957,-1114.7065,-1169.8315,-1114.7065
198693.31,-1225.1035,-1114.853,-1169.978,-1114.853
198714.3,-1225.2505,-1115.0,-1170.125,-1115.0
198735.28,-1225.3975,-1115.147,-1170.272,-1115.147
198756.25,-1225.544,-1115.294,-1170.419,-1115.294
198777.23,-1225.6909,-1115.4404,-1170.5654,-1115.4404
198798.2,-1225.8374,-1115.5874,-1170.7124,-1115.5874
198819.19,-1225.9844,-1115.7344,-1170.8594,-1115.7344
198840.16,-1226.1309,-1115.8809,-1171.0059,-1115.8809
198861.14,-1226.2778,-1116.0278,-1171.1528,-1116.0278
198882.11,-1226.4248,-1116.1748,-1171.2998,-1116.1748
198903.1,-1226.5718,-1116.3218,-1171.4468,-1116.3218
198924.06,-1226.7183,-1116.4688,-1171.5938,-1116.4688
198945.05,-1226.8652,-1116.6152,-1171.7402,-1116.6152
198966.02,-1227.0117,-1116.7622,-1171.8872,-1116.7622
198987.0,-1227.1587,-1116.9092,-1172.0342,-1116.9092
199007.97,-1227.3062,-1117.0557,-1172.1807,-1117.0557
199028.95,-1227.4521,-1117.2026,-1172.3276,-1117.2026
199049.92,-1227.5996,-1117.3491,-1172.4741,-1117.3491
199070.9,-1227.7466,-1117.4961,-1172.6211,-1117.4961
199091.88,-1227.8936,-1117.6436,-1172.7686,-1117.6436
199112.86,-1228.0405,-1117.79,-1172.915,-1117.79
199133.83,-1228.187,-1117.937,-1173.062,-1117.937
199154.81,-1228.334,-1118.084,-1173.209,-1118.084
199175.78,-1228.4805,-1118.2305,-1173.3555,-1118.2305
199196.77,-1228.6274,-1118.3774,-1173.5024,-1118.3774
199217.75,-1228.7744,-1118.5244,-1173.6494,-1118.5244
199238.72,-1228.9209,-1118.6709,-1173.7959,-1118.6709
199259.7,-1229.0679,-1118.8179,-1173.9429,-1118.8179
199280.67,-1229.2144,-1118.9644,-1174.0894,-1118.9644
199301.66,-1229.3613,-1119.1113,-1174.2363,-1119.1113
199322.62,-1229.5083,-1119.2588,-1174.3838,-1119.2588
199343.61,-1229.6553,-1119.4053,-1174.5303,-1119.4053
199364.58,-1229.8018,-1119.5522,-1174.6772,-1119.5522
199385.56,-1229.9487,-1119.6992,-1174.8242,-1119.6992
199406.53,-1230.0962,-1119.8457,-1174.9707,-1119.8457
199427.52,-1230.2422,-1119.9927,-1175.1177,-1119.9927
199448.48,-1230.3896,-1120.1392,-1175.2642,-1120.1392
199469.47,-1230.5366,-1120.2861,-1175.4111,-1120.2861
199490.44,-1230.6831,-1120.4331,-1175.5581,-1120.4331
199511.42,-1230.8301,-1120.5796,-1175.7046,-1120.5796
199532.39,-1230.977,-1120.727,-1175.852,-1120.727
199553.38,-1231.124,-1120.874,-1175.999,-1120.874
199574.34,-1231.2705,-1121.0205,-1176.1455,-1121.0205
199595.33,-1231.4175,-1121.1675,-1176.2925,-1121.1675
199616.3,-1231.564,-1121.314,-1176.439,-1121.314
199637.28,-1231.7109,-1121.4609,-1176.5859,-1121.4609
199658.25,-1231.8574,-1121.6079,-1176.7329,-1121.6079
199679.23,-1232.0044,-1121.7544,-1176.8794,-1121.7544
199700.22,-1232.1514,-1121.9014,-1177.0264,-1121.9014
199721.19,-1232.2979,-1122.0483,-1177.1733,-1122.0483
199742.17,-1232.4448,-1122.1953,-1177.3203,-1122.1953
199763.14,-1232.5918,-1122.3423,-1177.4673,-1122.3423
199784.12,-1232.7383,-1122.4888,-1177.6138,-1122.4888
199805.1,-1232.8862,-1122.6357,-1177.7607,-1122.6357
199826.08,-1233.0322,-1122.7827,-1177.9077,-1122.7827
199847.05,-1233.1797,-1122.9292,-1178.0542,-1122.9292
199868.03,-1233.3267,-1123.0762,-1178.2012,-1123.0762
199889.0,-1233.4731,-1123.2231,-1178.3481,-1123.2231
199909.98,-1233.6201,-1123.3696,-1178.4946,-1123.3696
199930.95,-1233.7666,-1123.5166,-1178.6416,-1123.5166
199951.94,-1233.9136,-1123.6636,-1178.7886,-1123.6636
199972.9,-1234.0605,-1123.8105,-1178.9355,-1123.8105
199993.89,-1234.207,-1123.957,-1179.082,-1123.957
200014.86,-1234.354,-1124.104,-1179.229,-1124.104
200035.84,-1234.501,-1124.251,-1179.376,-1124.251
200056.81,-1234.6475,-1124.398,-1179.523,-1124.398
200077.8,-1234.7944,-1124.5444,-1179.6694,-1124.5444
200098.77,-1234.9409,-1124.6914,-1179.8164,-1124.6914
200119.75,-1235.0879,-1124.8384,-1179.9634,-1124.8384
200140.73,-1235.2349,-1124.9854,-1180.1104,-1124.9854
200161.7,-1235.3813,-1125.1318,-1180.2568,-1125.1318
200182.69,-1235.5283,-1125.2788,-1180.4038,-1125.2788
200203.66,-1235.6758,-1125.4253,-1180.5503,-1125.4253
200224.64,-1235.8228,-1125.5723,-1180.6973,-1125.5723
200245.61,-1235.9697,-1125.7192,-1180.8442,-1125.7192
200266.6,-1236.1167,-1125.8662,-1180.9912,-1125.8662
200287.56,-1236.2632,-1126.0132,-1181.1382,-1126.0132
200308.55,-1236.4102,-1126.1597,-1181.2847,-1126.1597
200329.52,-1236.5566,-1126.3066,-1181.4316,-1126.3066
200350.5,-1236.7036,-1126.4536,-1181.5786,-1126.4536
200371.47,-1236.8501,-1126.6001,-1181.7251,-1126.6001
200392.45,-1236.9971,-1126.7471,-1181.8721,-1126.7471
200413.42,-1237.1436,-1126.8936,-1182.0186,-1126.8936
200434.4,-1237.2905,-1127.0405,-1182.1655,-1127.0405
200455.38,-1237.4375,-1127.188,-1182.313,-1127.188
200476.36,-1237.5845,-1127.3345,-1182.4595,-1127.3345
200497.33,-1237.731,-1127.4814,-1182.6064,-1127.4814
200518.31,-1237.8779,-1127.6284,-1182.7534,-1127.6284
200539.28,-1238.0254,-1127.7749,-1182.8999,-1127.7749
200560.27,-1238.1714,-1127.9219,-1183.0469,-1127.9219
200581.23,-1238.3188,-1128.0684,-1183.1934,-1128.0684
200602.22,-1238.4658,-1128.2153,-1183.3403,-1128.2153
200623.2,-1238.6128,-1128.3623,-1183.4873,-1128.3623
200644.17,-1238.7593,-1128.5088,-1183.6338,-1128.5088
200665.16,-1238.9062,-1128.6558,-1183.7808,-1128.6558
200686.12,-1239.0532,-1128.8032,-1183.9282,-1128.8032
200707.11,-1239.2002,-1128.9502,-1184.0752,-1128.9502
200728.08,-1239.3467,-1129.0967,-1184.2217,-1129.0967
200749.06,-1239.4937,-1129.2437,-1184.3687,-1129.2437
200770.03,-1239.6401,-1129.3901,-1184.5151,-1129.3901
200791.02,-1239.7871,-1129.5371,-1184.6621,-1129.5371
200811.98,-1239.9336,-1129.6836,-1184.8086,-1129.6836
200832.97,-1240.0806,-1129.8306,-1184.9556,-1129.8306
200853.94,-1240.227,-1129.9775,-1185.1025,-1129.9775
200874.92,-1240.374,-1130.124,-1185.249,-1130.124
200895.89,-1240.521,-1130.2715,-1185.3965,-1130.2715
200916.88,-1240.668,-1130.4185,-1185.5435,-1130.4185
200937.84,-1240.8154,-1130.565,-1185.69,-1130.565
200958.83,-1240.9614,-1130.7119,-1185.8369,-1130.7119
200979.8,-1241.1089,-1130.8584,-1185.9834,-1130.8584
201000.78,-1241.2559,-1131.0054,-1186.1304,-1131.0054
201021.75,-1241.4023,-1131.1523,-1186.2773,-1131.1523
201042.73,-1241.5493,-1131.2988,-1186.4238,-1131.2988
201063.7,-1241.6958,-1131.4458,-1186.5708,-1131.4458
201084.69,-1241.8428,-1131.5928,-1186.7178,-1131.5928
201105.67,-1241.9897,-1131.7397,-1186.8647,-1131.7397
201126.64,-1242.1367,-1131.8867,-1187.0117,-1131.8867
201147.62,-1242.2837,-1132.0337,-1187.1587,-1132.0337
201168.6,-1242.4302,-1132.1802,-1187.3052,-1132.1802
201189.58,-1242.5771,-1132.3271,-1187.4521,-1132.3271
201210.55,-1242.7236,-1132.4736,-1187.5986,-1132.4736
201231.53,-1242.8706,-1132.6206,-1187.7456,-1132.6206
201252.5,-1243.0171,-1132.7676,-1187.8926,-1132.7676
201273.48,-1243.1641,-1132.9146,-1188.0396,-1132.9146
201294.45,-1243.3105,-1133.061,-1188.186,-1133.061
201315.44,-1243.4575,-1133.208,-1188.333,-1133.208
201336.4,-1243.6055,-1133.355,-1188.48,-1133.355
201357.39,-1243.7524,-1133.502,-1188.627,-1133.502
201378.36,-1243.8989,-1133.6484,-1188.7734,-1133.6484
201399.34,-1244.0459,-1133.7954,-1188.9204,-1133.7954
201420.31,-1244.1924,-1133.9424,-1189.0674,-1133.9424
201441.3,-1244.3394,-1134.0889,-1189.2139,-1134.0889
201462.27,-1244.4858,-1134.2358,-1189.3608,-1134.2358
201483.25,-1244.6328,-1134.3828,-1189.5078,-1134.3828
201504.22,-1244.7793,-1134.5293,-1189.6543,-1134.5293
201525.2,-1244.9263,-1134.6763,-1189.8013,-1134.6763
201546.19,-1245.0732,-1134.8232,-1189.9482,-1134.8232
201567.16,-1245.2202,-1134.9702,-1190.0952,-1134.9702
201588.14,-1245.3672,-1135.1172,-1190.2422,-1135.1172
201609.11,-1245.5137,-1135.2637,-1190.3887,-1135.2637
201630.1,-1245.6606,-1135.4106,-1190.5356,-1135.4106
201651.06,-1245.8071,-1135.5576,-1190.6826,-1135.5576
201672.05,-1245.9541,-1135.7046,-1190.8291,-1135.7046
201693.02,-1246.1006,-1135.8511,-1190.9756,-1135.8511
201714.0,-1246.2476,-1135.998,-1191.1226,-1135.998
201734.97,-1246.395,-1136.1445,-1191.27,-1136.1445
201755.95,-1246.542,-1136.2915,-1191.417,-1136.2915
201776.92,-1246.689,-1136.4385,-1191.564,-1136.4385
201797.9,-1246.8359,-1136.5854,-1191.7109,-1136.5854
201818.88,-1246.9824,-1136.7324,-1191.8574,-1136.7324
201839.86,-1247.1294,-1136.8794,-1192.0044,-1136.8794
201860.83,-1247.2759,-1137.0259,-1192.1509,-1137.0259
201881.81,-1247.4229,-1137.1729,-1192.2979,-1137.1729
201902.78,-1247.5693,-1137.3193,-1192.4443,-1137.3193
201923.77,-1247.7163,-1137.4663,-1192.5913,-1137.4663
201944.73,-1247.8628,-1137.6128,-1192.7378,-1137.6128
201965.72,-1248.0098,-1137.7598,-1192.8848,-1137.7598
201986.69,-1248.1567,-1137.9072,-1193.0317,-1137.9072
202007.67,-1248.3037,-1138.0537,-1193.1787,-1138.0537
202028.66,-1248.4502,-1138.2002,-1193.3252,-1138.2002
202049.62,-1248.5972,-1138.3477,-1193.4722,-1138.3477
202070.61,-1248.7441,-1138.4946,-1193.6191,-1138.4946
202091.58,-1248.8906,-1138.6411,-1193.7656,-1138.6411
202112.56,-1249.0376,-1138.7881,-1193.9126,-1138.7881
202133.53,-1249.185,-1138.9346,-1194.06,-1138.9346
202154.52,-1249.332,-1139.0815,-1194.207,-1139.0815
202175.48,-1249.4785,-1139.228,-1194.3535,-1139.228
202196.47,-1249.6255,-1139.375,-1194.5005,-1139.375
202217.44,-1249.7725,-1139.5225,-1194.6475,-1139.5225
202238.42,-1249.919,-1139.669,-1194.794,-1139.669
202259.39,-1250.0659,-1139.8159,-1194.9409,-1139.8159
202280.38,-1250.2129,-1139.9629,-1195.0879,-1139.9629
202301.34,-1250.3594,-1140.1094,-1195.2344,-1140.1094
202322.33,-1250.5063,-1140.2563,-1195.3813,-1140.2563
202343.3,-1250.6528,-1140.4028,-1195.5278,-1140.4028
202364.28,-1250.7998,-1140.5498,-1195.6748,-1140.5498
202385.25,-1250.9463,-1140.6968,-1195.8213,-1140.6968
202406.23,-1251.0933,-1140.8438,-1195.9683,-1140.8438
202427.2,-1251.2402,-1140.9907,-1196.1152,-1140.9907
202448.19,-1251.3867,-1141.1372,-1196.2617,-1141.1372
202469.16,-1251.5347,-1141.2842,-1196.4097,-1141.2842
202490.14,-1251.6807,-1141.4312,-1196.5557,-1141.4312
202511.12,-1251.8276,-1141.5781,-1196.7026,-1141.5781
202532.1,-1251.9751,-1141.7246,-1196.8501,-1141.7246
202553.08,-1252.1221,-1141.8716,-1196.9971,-1141.8716
202574.05,-1252.2686,-1142.0181,-1197.1436,-1142.0181
202595.03,-1252.4155,-1142.165,-1197.2905,-1142.165
202616.0,-1252.562,-1142.312,-1197.437,-1142.312
202636.98,-1252.709,-1142.459,-1197.584,-1142.459
202657.95,-1252.8555,-1142.6055,-1197.7305,-1142.6055
202678.94,-1253.0024,-1142.7524,-1197.8774,-1142.7524
202699.9,-1253.1494,-1142.8994,-1198.0244,-1142.8994
202720.89,-1253.2964,-1143.0464,-1198.1714,-1143.0464
202741.86,-1253.4429,-1143.1929,-1198.3179,-1143.1929
202762.84,-1253.5898,-1143.3398,-1198.4648,-1143.3398
202783.81,-1253.7363,-1143.4868,-1198.6113,-1143.4868
202804.8,-1253.8833,-1143.6338,-1198.7583,-1143.6338
202825.77,-1254.0298,-1143.7803,-1198.9048,-1143.7803
202846.75,-1254.1768,-1143.9272,-1199.0518,-1143.9272
202867.72,-1254.3242,-1144.0737,-1199.1992,-1144.0737
202888.7,-1254.4712,-1144.2207,-1199.3462,-1144.2207
202909.67,-1254.6182,-1144.3677,-1199.4932,-1144.3677
202930.66,-1254.7651,-1144.5146,-1199.6401,-1144.5146
202951.64,-1254.9121,-1144.6616,-1199.7871,-1144.6616
202972.61,-1255.0586,-1144.8081,-1199.9336,-1144.8081
202993.6,-1255.2056,-1144.9551,-1200.0806,-1144.9551
203014.56,-1255.352,-1145.102,-1200.227,-1145.102
203035.55,-1255.499,-1145.249,-1200.374,-1145.249
203056.52,-1255.6455,-1145.3955,-1200.5205,-1145.3955
203077.5,-1255.7925,-1145.5425,-1200.6675,-1145.5425
203098.47,-1255.939,-1145.689,-1200.814,-1145.689
203119.45,-1256.0859,-1145.8359,-1200.9609,-1145.8359
203140.42,-1256.2329,-1145.9829,-1201.1079,-1145.9829
203161.4,-1256.3799,-1146.1299,-1201.2549,-1146.1299
203182.38,-1256.5264,-1146.2769,-1201.4014,-1146.2769
203203.36,-1256.6733,-1146.4238,-1201.5483,-1146.4238
203224.33,-1256.8198,-1146.5703,-1201.6948,-1146.5703
203245.31,-1256.9668,-1146.7173,-1201.8418,-1146.7173
203266.28,-1257.1143,-1146.8638,-1201.9893,-1146.8638
203287.27,-1257.2612,-1147.0107,-1202.1362,-1147.0107
203308.23,-1257.4077,-1147.1572,-1202.2827,-1147.1572
203329.22,-1257.5547,-1147.3042,-1202.4297,-1147.3042
203350.19,-1257.7017,-1147.4517,-1202.5767,-1147.4517
203371.17,-1257.8486,-1147.5986,-1202.7236,-1147.5986
203392.14,-1257.9951,-1147.7451,-1202.8701,-1147.7451
203413.12,-1258.1421,-1147.8921,-1203.0171,-1147.8921
203434.11,-1258.2891,-1148.0391,-1203.1641,-1148.0391
203455.08,-1258.4355,-1148.1855,-1203.3105,-1148.1855
203476.06,-1258.5825,-1148.3325,-1203.4575,-1148.3325
203497.03,-1258.729,-1148.479,-1203.604,-1148.479
203518.02,-1258.876,-1148.626,-1203.751,-1148.626
203538.98,-1259.0225,-1148.7725,-1203.8975,-1148.7725
203559.97,-1259.1694,-1148.9194,-1204.0444,-1148.9194
203580.94,-1259.3164,-1149.0669,-1204.1914,-1149.0669
203601.92,-1259.4634,-1149.2139,-1204.3384,-1149.2139
203622.89,-1259.6099,-1149.3604,-1204.4849,-1149.3604
203643.88,-1259.7568,-1149.5073,-1204.6318,-1149.5073
203664.84,-1259.9043,-1149.6538,-1204.7793,-1149.6538
203685.83,-1260.0513,-1149.8008,-1204.9263,-1149.8008
203706.8,-1260.1978,-1149.9473,-1205.0728,-1149.9473
203727.78,-1260.3447,-1150.0942,-1205.2197,-1150.0942
203748.75,-1260.4912,-1150.2412,-1205.3662,-1150.2412
203769.73,-1260.6382,-1150.3882,-1205.5132,-1150.3882
203790.7,-1260.7852,-1150.5352,-1205.6602,-1150.5352
203811.69,-1260.9321,-1150.6821,-1205.8071,-1150.6821
203832.66,-1261.0786,-1150.8286,-1205.9536,-1150.8286
203853.64,-1261.2256,-1150.9756,-1206.1006,-1150.9756
203874.62,-1261.3726,-1151.1226,-1206.2476,-1151.1226
203895.6,-1261.519,-1151.269,-1206.394,-1151.269
203916.58,-1261.666,-1151.416,-1206.541,-1151.416
203937.55,-1261.8125,-1151.563,-1206.6875,-1151.563
203958.53,-1261.9595,-1151.7095,-1206.8345,-1151.7095
203979.5,-1262.106,-1151.8564,-1206.981,-1151.8564
204000.48,-1262.2529,-1152.0034,-1207.1279,-1152.0034
204021.45,-1262.4009,-1152.1504,-1207.2759,-1152.1504
204042.44,-1262.5469,-1152.2974,-1207.4219,-1152.2974
204063.4,-1262.6943,-1152.4438,-1207.5693,-1152.4438
204084.39,-1262.8413,-1152.5908,-1207.7163,-1152.5908
204105.36,-1262.9878,-1152.7373,-1207.8628,-1152.7373
204126.34,-1263.1348,-1152.8843,-1208.0098,-1152.8843
204147.31,-1263.2812,-1153.0312,-1208.1562,-1153.0312
204168.3,-1263.4282,-1153.1782,-1208.3032,-1153.1782
204189.27,-1263.5747,-1153.3247,-1208.4497,-1153.3247
204210.25,-1263.7217,-1153.4717,-1208.5967,-1153.4717
204231.22,-1263.8687,-1153.6187,-1208.7437,-1153.6187
204252.2,-1264.0156,-1153.7656,-1208.8906,-1153.7656
204273.17,-1264.1621,-1153.9121,-1209.0371,-1153.9121
204294.16,-1264.3091,-1154.0591,-1209.1841,-1154.0591
204315.12,-1264.4556,-1154.206,-1209.3306,-1154.206
204336.11,-1264.6025,-1154.353,-1209.4775,-1154.353
204357.1,-1264.7495,-1154.4995,-1209.6245,-1154.4995
204378.06,-1264.896,-1154.6465,-1209.771,-1154.6465
204399.05,-1265.043,-1154.7935,-1209.918,-1154.7935
204420.02,-1265.1904,-1154.94,-1210.0654,-1154.94
204441.0,-1265.3364,-1155.0869,-1210.2114,-1155.0869
204461.97,-1265.4844,-1155.2339,-1210.3594,-1155.2339
204482.95,-1265.6309,-1155.3804,-1210.5059,-1155.3804
204503.92,-1265.7778,-1155.5278,-1210.6528,-1155.5278
204524.9,-1265.9248,-1155.6743,-1210.7998,-1155.6743
204545.88,-1266.0713,-1155.8213,-1210.9463,-1155.8213
204566.86,-1266.2183,-1155.9683,-1211.0933,-1155.9683
204587.83,-1266.3647,-1156.1147,-1211.2397,-1156.1147
204608.81,-1266.5117,-1156.2617,-1211.3867,-1156.2617
204629.78,-1266.6582,-1156.4082,-1211.5332,-1156.4082
204650.77,-1266.8052,-1156.5552,-1211.6802,-1156.5552
204671.73,-1266.9521,-1156.7021,-1211.8271,-1156.7021
204692.72,-1267.0986,-1156.8486,-1211.9736,-1156.8486
204713.69,-1267.2456,-1156.9961,-1212.1206,-1156.9961
204734.67,-1267.3926,-1157.1431,-1212.2676,-1157.1431
204755.64,-1267.5391,-1157.2896,-1212.4141,-1157.2896
204776.62,-1267.686,-1157.4365,-1212.561,-1157.4365
204797.6,-1267.8335,-1157.583,-1212.7085,-1157.583
204818.58,-1267.9805,-1157.73,-1212.8555,-1157.73
204839.56,-1268.1265,-1157.877,-1213.0015,-1157.877
204860.53,-1268.2739,-1158.0234,-1213.1489,-1158.0234
204881.52,-1268.4209,-1158.1704,-1213.2959,-1158.1704
204902.48,-1268.5674,-1158.3174,-1213.4424,-1158.3174
204923.47,-1268.7144,-1158.4639,-1213.5894,-1158.4639
204944.44,-1268.8613,-1158.6113,-1213.7363,-1158.6113
204965.42,-1269.0083,-1158.7583,-1213.8833,-1158.7583
204986.39,-1269.1548,-1158.9048,-1214.0298,-1158.9048
205007.38,-1269.3018,-1159.0518,-1214.1768,-1159.0518
205028.34,-1269.4482,-1159.1982,-1214.3232,-1159.1982
205049.33,-1269.5952,-1159.3452,-1214.4702,-1159.3452
205070.3,-1269.7417,-1159.4922,-1214.6167,-1159.4922
205091.28,-1269.8887,-1159.6387,-1214.7637,-1159.6387
205112.25,-1270.0352,-1159.7856,-1214.9102,-1159.7856
205133.23,-1270.1821,-1159.9326,-1215.0571,-1159.9326
205154.2,-1270.3291,-1160.0796,-1215.2041,-1160.0796
205175.19,-1270.4761,-1160.2266,-1215.3511,-1160.2266
205196.16,-1270.6235,-1160.373,-1215.4985,-1160.373
205217.14,-1270.7705,-1160.52,-1215.6455,-1160.52
205238.11,-1270.917,-1160.6665,-1215.792,-1160.6665
205259.1,-1271.064,-1160.8135,-1215.939,-1160.8135
205280.08,-1271.2109,-1160.9604,-1216.0859,-1160.9604
205301.05,-1271.3574,-1161.1074,-1216.2324,-1161.1074
205322.03,-1271.5044,-1161.2539,-1216.3794,-1161.2539
205343.0,-1271.6509,-1161.4009,-1216.5259,-1161.4009
205363.98,-1271.7979,-1161.5479,-1216.6729,-1161.5479
205384.95,-1271.9448,-1161.6948,-1216.8198,-1161.6948
205405.94,-1272.0918,-1161.8418,-1216.9668,-1161.8418
205426.9,-1272.2383,-1161.9883,-1217.1133,-1161.9883
205447.89,-1272.3853,-1162.1353,-1217.2603,-1162.1353
205468.86,-1272.5317,-1162.2822,-1217.4067,-1162.2822
205489.84,-1272.6787,-1162.4287,-1217.5537,-1162.4287
205510.81,-1272.8252,-1162.5757,-1217.7002,-1162.5757
205531.8,-1272.9722,-1162.7227,-1217.8472,-1162.7227
205552.77,-1273.1196,-1162.8691,-1217.9946,-1162.8691
205573.75,-1273.2656,-1163.0161,-1218.1406,-1163.0161
205594.72,-1273.4136,-1163.1631,-1218.2886,-1163.1631
205615.7,-1273.5605,-1163.31,-1218.4355,-1163.31
205636.67,-1273.707,-1163.4565,-1218.582,-1163.4565
205657.66,-1273.854,-1163.6035,-1218.729,-1163.6035
205678.62,-1274.0005,-1163.7505,-1218.8755,-1163.7505
205699.61,-1274.1475,-1163.8975,-1219.0225,-1163.8975
205720.58,-1274.294,-1164.044,-1219.169,-1164.044
205741.56,-1274.4409,-1164.1909,-1219.3159,-1164.1909
205762.55,-1274.5879,-1164.3379,-1219.4629,-1164.3379
205783.52,-1274.7344,-1164.4844,-1219.6094,-1164.4844
205804.5,-1274.8813,-1164.6313,-1219.7563,-1164.6313
205825.47,-1275.0283,-1164.7783,-1219.9033,-1164.7783
205846.45,-1275.1753,-1164.9253,-1220.0503,-1164.9253
205867.42,-1275.3218,-1165.0723,-1220.1968,-1165.0723
205888.4,-1275.4688,-1165.2188,-1220.3438,-1165.2188
205909.38,-1275.6152,-1165.3657,-1220.4902,-1165.3657
205930.36,-1275.7622,-1165.5127,-1220.6372,-1165.5127
205951.33,-1275.9097,-1165.6592,-1220.7847,-1165.6592
205972.31,-1276.0557,-1165.8062,-1220.9307,-1165.8062
205993.28,-1276.2031,-1165.9526,-1221.0781,-1165.9526
206014.27,-1276.3501,-1166.0996,-1221.2251,-1166.0996
206035.23,-1276.4971,-1166.2471,-1221.3721,-1166.2471
206056.22,-1276.644,-1166.3936,-1221.519,-1166.3936
206077.19,-1276.7905,-1166.5405,-1221.6655,-1166.5405
206098.17,-1276.9375,-1166.6875,-1221.8125,-1166.6875
206119.14,-1277.084,-1166.834,-1221.959,-1166.834
206140.12,-1277.231,-1166.981,-1222.106,-1166.981
206161.1,-1277.3774,-1167.1274,-1222.2524,-1167.1274
206182.08,-1277.5244,-1167.2744,-1222.3994,-1167.2744
206203.05,-1277.6709,-1167.4209,-1222.5459,-1167.4209
206224.03,-1277.8179,-1167.5679,-1222.6929,-1167.5679
206245.02,-1277.9648,-1167.7148,-1222.8398,-1167.7148
206265.98,-1278.1118,-1167.8623,-1222.9868,-1167.8623
206286.97,-1278.2588,-1168.0088,-1223.1338,-1168.0088
206307.94,-1278.4053,-1168.1558,-1223.2803,-1168.1558
206328.92,-1278.5522,-1168.3027,-1223.4272,-1168.3027
206349.89,-1278.6997,-1168.4492,-1223.5747,-1168.4492
206370.88,-1278.8457,-1168.5962,-1223.7207,-1168.5962
206391.84,-1278.9932,-1168.7427,-1223.8682,-1168.7427
206412.83,-1279.1401,-1168.8896,-1224.0151,-1168.8896
206433.8,-1279.2866,-1169.0366,-1224.1616,-1169.0366
206454.78,-1279.4336,-1169.1831,-1224.3086,-1169.1831
206475.75,-1279.5806,-1169.3306,-1224.4556,-1169.3306
206496.73,-1279.7275,-1169.4775,-1224.6025,-1169.4775
206517.7,-1279.874,-1169.624,-1224.749,-1169.624
206538.69,-1280.021,-1169.771,-1224.896,-1169.771
206559.66,-1280.1675,-1169.9175,-1225.0425,-1169.9175
206580.64,-1280.3145,-1170.0645,-1225.1895,-1170.0645
206601.61,-1280.4609,-1170.2114,-1225.3359,-1170.2114
206622.6,-1280.6079,-1170.3579,-1225.4829,-1170.3579
206643.56,-1280.7544,-1170.5049,-1225.6294,-1170.5049
206664.55,-1280.9014,-1170.6519,-1225.7764,-1170.6519
206685.53,-1281.0483,-1170.7988,-1225.9233,-1170.7988
206706.5,-1281.1953,-1170.9458,-1226.0703,-1170.9458
206727.48,-1281.3418,-1171.0923,-1226.2168,-1171.0923
206748.45,-1281.4897,-1171.2393,-1226.3647,-1171.2393
206769.44,-1281.6357,-1171.3862,-1226.5107,-1171.3862
206790.4,-1281.7832,-1171.5327,-1226.6582,-1171.5327
206811.39,-1281.9302,-1171.6797,-1226.8052,-1171.6797
206832.36,-1282.0767,-1171.8267,-1226.9517,-1171.8267
206853.34,-1282.2236,-1171.9731,-1227.0986,-1171.9731
206874.31,-1282.3701,-1172.1201,-1227.2451,-1172.1201
206895.3,-1282.5171,-1172.2671,-1227.3921,-1172.2671
206916.27,-1282.6641,-1172.4141,-1227.5391,-1172.4141
206937.25,-1282.8105,-1172.5605,-1227.6855,-1172.5605
206958.22,-1282.9575,-1172.7075,-1227.8325,-1172.7075
206979.2,-1283.1045,-1172.8545,-1227.9795,-1172.8545
207000.17,-1283.251,-1173.0015,-1228.126,-1173.0015
207021.16,-1283.398,-1173.148,-1228.273,-1173.148
207042.12,-1283.5444,-1173.2949,-1228.4194,-1173.2949
207063.11,-1283.6914,-1173.4419,-1228.5664,-1173.4419
207084.08,-1283.8389,-1173.5884,-1228.7139,-1173.5884
207105.06,-1283.9849,-1173.7354,-1228.8599,-1173.7354
207126.03,-1284.1328,-1173.8823,-1229.0078,-1173.8823
207147.02,-1284.2793,-1174.0288,-1229.1543,-1174.0288
207168.0,-1284.4263,-1174.1758,-1229.3013,-1174.1758
207188.97,-1284.5732,-1174.3228,-1229.4482,-1174.3228
207209.95,-1284.7202,-1174.4697,-1229.5952,-1174.4697
207230.92,-1284.8667,-1174.6167,-1229.7417,-1174.6167
207251.9,-1285.0137,-1174.7632,-1229.8887,-1174.7632
207272.88,-1285.1602,-1174.9102,-1230.0352,-1174.9102
207293.86,-1285.3071,-1175.0571,-1230.1821,-1175.0571
207314.83,-1285.4536,-1175.2036,-1230.3286,-1175.2036
207335.81,-1285.6006,-1175.3506,-1230.4756,-1175.3506
207356.78,-1285.7471,-1175.4971,-1230.6221,-1175.4971
207377.77,-1285.894,-1175.644,-1230.769,-1175.644
207398.73,-1286.041,-1175.7915,-1230.916,-1175.7915
207419.72,-1286.188,-1175.938,-1231.063,-1175.938
207440.69,-1286.3345,-1176.085,-1231.2095,-1176.085
207461.67,-1286.4814,-1176.2319,-1231.3564,-1176.2319
207482.64,-1286.6289,-1176.3784,-1231.5039,-1176.3784
207503.62,-1286.7749,-1176.5254,-1231.6499,-1176.5254
207524.6,-1286.9224,-1176.6719,-1231.7974,-1176.6719
207545.58,-1287.0693,-1176.8188,-1231.9443,-1176.8188
207566.55,-1287.2158,-1176.9658,-1232.0908,-1176.9658
207587.53,-1287.3628,-1177.1123,-1232.2378,-1177.1123
207608.5,-1287.5098,-1177.2598,-1232.3848,-1177.2598
207629.48,-1287.6567,-1177.4067,-1232.5317,-1177.4067
207650.47,-1287.8037,-1177.5537,-1232.6787,-1177.5537
207671.44,-1287.9502,-1177.7002,-1232.8252,-1177.7002
207692.42,-1288.0972,-1177.8472,-1232.9722,-1177.8472
207713.39,-1288.2437,-1177.9937,-1233.1187,-1177.9937
207734.38,-1288.3906,-1178.1406,-1233.2656,-1178.1406
207755.34,-1288.5371,-1178.2871,-1233.4121,-1178.2871
207776.33,-1288.6841,-1178.4341,-1233.5591,-1178.4341
207797.3,-1288.8306,-1178.581,-1233.7056,-1178.581
207818.28,-1288.9775,-1178.7275,-1233.8525,-1178.7275
207839.25,-1289.1245,-1178.875,-1233.9995,-1178.875
207860.23,-1289.2715,-1179.022,-1234.1465,-1179.022
207881.2,-1289.419,-1179.1685,-1234.294,-1179.1685
207902.19,-1289.565,-1179.3154,-1234.44,-1179.3154
207923.16,-1289.7124,-1179.4619,-1234.5874,-1179.4619
207944.14,-1289.8594,-1179.6089,-1234.7344,-1179.6089
207965.11,-1290.0059,-1179.7559,-1234.8809,-1179.7559
207986.1,-1290.1528,-1179.9023,-1235.0278,-1179.9023
208007.06,-1290.2993,-1180.0493,-1235.1743,-1180.0493
208028.05,-1290.4463,-1180.1963,-1235.3213,-1180.1963
208049.02,-1290.5933,-1180.3433,-1235.4683,-1180.3433
208070.0,-1290.7402,-1180.4902,-1235.6152,-1180.4902
208090.98,-1290.8872,-1180.6372,-1235.7622,-1180.6372
208111.95,-1291.0337,-1180.7837,-1235.9087,-1180.7837
208132.94,-1291.1807,-1180.9307,-1236.0557,-1180.9307
208153.9,-1291.3271,-1181.0771,-1236.2021,-1181.0771
208174.89,-1291.4741,-1181.2241,-1236.3491,-1181.2241
208195.86,-1291.6206,-1181.3711,-1236.4956,-1181.3711
208216.84,-1291.7676,-1181.5181,-1236.6426,-1181.5181
208237.81,-1291.9141,-1181.6646,-1236.7891,-1181.6646
208258.8,-1292.061,-1181.8115,-1236.936,-1181.8115
208279.77,-1292.209,-1181.9585,-1237.084,-1181.9585
208300.75,-1292.356,-1182.1055,-1237.231,-1182.1055
208321.72,-1292.5024,-1182.252,-1237.3774,-1182.252
208342.7,-1292.6494,-1182.3989,-1237.5244,-1182.3989
208363.67,-1292.7959,-1182.5459,-1237.6709,-1182.5459
208384.66,-1292.9429,-1182.6924,-1237.8179,-1182.6924
208405.62,-1293.0894,-1182.8394,-1237.9644,-1182.8394
208426.61,-1293.2363,-1182.9863,-1238.1113,-1182.9863
208447.58,-1293.3828,-1183.1328,-1238.2578,-1183.1328
208468.56,-1293.5298,-1183.2798,-1238.4048,-1183.2798
208489.53,-1293.6768,-1183.4268,-1238.5518,-1183.4268
208510.52,-1293.8237,-1183.5737,-1238.6987,-1183.5737
208531.48,-1293.9702,-1183.7207,-1238.8452,-1183.7207
208552.47,-1294.1172,-1183.8672,-1238.9922,-1183.8672
208573.45,-1294.2642,-1184.0142,-1239.1392,-1184.0142
208594.42,-1294.4106,-1184.1611,-1239.2856,-1184.1611
208615.4,-1294.5576,-1184.3081,-1239.4326,-1184.3081
208636.38,-1294.7041,-1184.4546,-1239.5791,-1184.4546
208657.36,-1294.8511,-1184.6016,-1239.7261,-1184.6016
208678.33,-1294.9985,-1184.748,-1239.8735,-1184.748
208699.31,-1295.1455,-1184.895,-1240.0205,-1184.895
208720.28,-1295.2925,-1185.042,-1240.1675,-1185.042
208741.27,-1295.4395,-1185.189,-1240.3145,-1185.189
208762.23,-1295.5859,-1185.3359,-1240.4609,-1185.3359
208783.22,-1295.7329,-1185.4829,-1240.6079,-1185.4829
208804.19,-1295.8794,-1185.6294,-1240.7544,-1185.6294
208825.17,-1296.0264,-1185.7764,-1240.9014,-1185.7764
208846.14,-1296.1729,-1185.9229,-1241.0479,-1185.9229
208867.12,-1296.3198,-1186.0698,-1241.1948,-1186.0698
208888.1,-1296.4663,-1186.2163,-1241.3413,-1186.2163
208909.08,-1296.6133,-1186.3633,-1241.4883,-1186.3633
208930.05,-1296.7603,-1186.5107,-1241.6353,-1186.5107
208951.03,-1296.9072,-1186.6572,-1241.7822,-1186.6572
208972.0,-1297.0537,-1186.8042,-1241.9287,-1186.8042
208992.98,-1297.2007,-1186.9512,-1242.0757,-1186.9512
209013.95,-1297.3481,-1187.0977,-1242.2231,-1187.0977
209034.94,-1297.4941,-1187.2446,-1242.3691,-1187.2446
209055.92,-1297.6411,-1187.3916,-1242.5161,-1187.3916
209076.89,-1297.7886,-1187.5381,-1242.6636,-1187.5381
209097.88,-1297.9355,-1187.685,-1242.8105,-1187.685
209118.84,-1298.082,-1187.8315,-1242.957,-1187.8315
209139.83,-1298.229,-1187.9785,-1243.104,-1187.9785
209160.8,-1298.376,-1188.126,-1243.251,-1188.126
209181.78,-1298.5225,-1188.2725,-1243.3975,-1188.2725
209202.75,-1298.6694,-1188.4194,-1243.5444,-1188.4194
209223.73,-1298.8164,-1188.5664,-1243.6914,-1188.5664
209244.7,-1298.9629,-1188.7129,-1243.8379,-1188.7129
209265.69,-1299.1099,-1188.8599,-1243.9849,-1188.8599
209286.66,-1299.2563,-1189.0063,-1244.1313,-1189.0063
209307.64,-1299.4033,-1189.1533,-1244.2783,-1189.1533
209328.61,-1299.5498,-1189.3003,-1244.4248,-1189.3003
209349.6,-1299.6968,-1189.4473,-1244.5718,-1189.4473
209370.56,-1299.8438,-1189.5942,-1244.7188,-1189.5942
209391.55,-1299.9902,-1189.7407,-1244.8652,-1189.7407
209412.52,-1300.1382,-1189.8877,-1245.0132,-1189.8877
209433.5,-1300.2842,-1190.0347,-1245.1592,-1190.0347
209454.47,-1300.4316,-1190.1812,-1245.3066,-1190.1812
209475.45,-1300.5786,-1190.3281,-1245.4536,-1190.3281
209496.44,-1300.7256,-1190.4751,-1245.6006,-1190.4751
209517.4,-1300.8721,-1190.6216,-1245.7471,-1190.6216
209538.39,-1301.019,-1190.769,-1245.894,-1190.769
209559.36,-1301.1655,-1190.9155,-1246.0405,-1190.9155
209580.34,-1301.3125,-1191.0625,-1246.1875,-1191.0625
209601.31,-1301.459,-1191.209,-1246.334,-1191.209
209622.3,-1301.606,-1191.356,-1246.481,-1191.356
209643.27,-1301.7529,-1191.5029,-1246.6279,-1191.5029
209664.25,-1301.8999,-1191.6499,-1246.7749,-1191.6499
209685.22,-1302.0464,-1191.7964,-1246.9214,-1191.7964
209706.2,-1302.1934,-1191.9434,-1247.0684,-1191.9434
209727.17,-1302.3398,-1192.0898,-1247.2148,-1192.0898
209748.16,-1302.4868,-1192.2368,-1247.3618,-1192.2368
209769.12,-1302.6333,-1192.3833,-1247.5083,-1192.3833
